CMDLINE: "./nr-softmodem" "-O" "/home/student/ntn_runs/tcp_debug_20260911T060117Z/gnb_geo_harq_on.conf" "--rfsim" 
[UTIL]   running in SA mode (no --phy-test, --do-ra, --nsa option present)
[0m[OPT]    OPT disabled
[0m[HW]     Version: Branch: develop Abrev. Hash: 2b69bde6ae Date: Fri Aug 14 09:43:59 2026 +0200
[0m[GNB_APP] Initialized RAN Context: RC.nb_nr_inst = 1, RC.nb_nr_macrlc_inst = 1, RC.nb_nr_L1_inst = 1, RC.nb_RU = 1, RC.nb_nr_CC[0] = 1
[0m[NR_PHY] Initializing gNB RAN context: RC.nb_nr_L1_inst = 1 
[0m[NR_PHY] Registered with MAC interface module (0x5a229e516ec0)
[0m[NR_PHY] Initializing NR L1: RC.nb_nr_L1_inst = 1
[0m[NR_PHY] thread cores for L1_RX -1 L1_TX -1
[0m[NR_PHY] TX_AMP = 519 (-36 dBFS)
[0m[PHY]    No prs_config configuration found..!!
[0m[GNB_APP] pdsch_AntennaPorts N1 1 N2 1 XP 1 pusch_AntennaPorts 1
[0m[GNB_APP] minTXRXTIME 6
[0m[GNB_APP] CSI-RS 0, SRS none, report type 2 (ssb_sinr), 256 QAM may be on, delta_MCS off, maxMIMO_Layers -1, HARQ feedback enabled, num DLHARQ:16, num ULHARQ:16
[0m[GNB_APP] No RedCap configuration found
[0m[GNB_APP] No PTRS configuration found
[0m[GNB_APP] sr_ProhibitTimer 0, sr_TransMax 64, sr_ProhibitTimer_v1700 512, t300 2000, t301 2000, t310 2000, n310 10, t311 3000, n311 1, t319 2000
[0m[NR_MAC] Candidates per PDCCH aggregation level on UESS: L1: 0, L2: 2, L4: 0, L8: 0, L16: 0
[0m[RRC]    Read in ServingCellConfigCommon (PhysCellId 0, ABSFREQSSB 497770, DLBand 254, ABSFREQPOINTA 497230, DLBW 25,RACH_TargetReceivedPower -118
[0m[NR_MAC] Computing frequency (nrarfcn 497770 => 2488850 KHz, NR band 254
[0m[RRC]    absoluteFrequencySSB 497770 corresponds to 2488850000 Hz
[0m[NR_MAC] Computing frequency (nrarfcn 497230 => 2486150 KHz, NR band 254
[0m[NR_MAC] PUSCH Target 150 RSSI thresh 0 Failure 10, PUCCH Target 200 RSSI thresh 0 Failure 10
[0m[UTIL]   threadCreate() for MAC_STATS: creating thread with affinity ffffffff, priority 2
[0m[NR_PHY] Copying 0 blacklisted PRB to L1 context
[0m[NR_MAC] Computing frequency (nrarfcn 497230 => 2486150 KHz, NR band 254
[0m[NR_MAC] Computing frequency (nrarfcn 322530 => 1612650 KHz, NR band 254
[0m[NR_MAC] Set TX antenna number to 1, Set RX antenna number to 1 (num ssb 1: 80000000,0)
[0m[NR_MAC] Command line parameters for OAI UE: -C 2488400000 --CO -873500000 -r 25 --numerology 0 --band 254 --ssb 60 
[0m[PHY]    DL frequency 2488400000 Hz, UL frequency 1614900000 Hz: uldl offset -873500000 Hz
[0m[PHY]    Initializing frame parms for mu 0, N_RB 25, Ncp 0
[0m[PHY]    Init: N_RB_DL 25, first_carrier_offset 362, nb_prefix_samples 36,nb_prefix_samples0 40, ofdm_symbol_size 512
[0m[NR_MAC] TDA index 0: start 0 length 13 k2 6
[0m[GNB_APP] activate SIB19 at DU
[0m[NR_RRC] SIB1 freq: offsetToPointA 5
[0m[GNB_APP] F1AP: gNB idx 0 gNB_DU_id 3584, gNB_DU_name 5G-GOA-gNB, TAC 1 MCC/MNC/length 1/1/2 cellID 12345678
[0m[GNB_APP] ngran_DU: Configuring Cell 0 for FDD
[0m[GNB_APP] Configured DU: cell ID 12345678, PCI 0
[0m[GNB_APP] gNB 0: neighbour_list has 0 serving cell(s)
[0m[GNB_APP] activate SIB2 at CU
[0m[GNB_APP] SDAP UL/DL headers in RRC are present
[0m[GNB_APP] gNB 0 SIB2 config: q_Hyst=0 dB, cellReselPrio=0, q_RxLevMin=-56 dBm, t_ReselectionNR=1 s
[0m[GNB_APP] Parsed IPv4 address for NG AMF: 192.168.70.129
[0m[UTIL]   threadCreate() for TASK_SCTP: creating thread with affinity ffffffff, priority 50
[0m[X2AP]   X2AP is disabled.
[0m[UTIL]   threadCreate() for TASK_NGAP: creating thread with affinity ffffffff, priority 50
[0m[UTIL]   threadCreate() for TASK_NRPPA: creating thread with affinity ffffffff, priority 50
[0m[NRPPA]  Starting NRPPA layer
[0m[NGAP]   Registered new gNB[0] and macro gNB id 3584
[0m[UTIL]   threadCreate() for TASK_RRC_GNB: creating thread with affinity ffffffff, priority 50
[0m[NGAP]   [gNB 0] check the amf registration state
[0m[GTPU]   Configuring GTPu
[0m[GTPU]   SA mode 
[0m[NR_RRC] Entering main loop of NR_RRC message task
[0m[GTPU]   Configuring GTPu address : 192.168.70.129, port : 2152
[0m[GTPU]   Initializing UDP for local address 192.168.70.129 with port 2152
[0m[GTPU]   Created gtpu instance id: 81
[0m[UTIL]   threadCreate() for GTPrx_81: creating thread with affinity ffffffff, priority 50
[0m[32m[NGAP]   Send NGSetupRequest to AMF
[0m[NGAP]   3584 -> 0000e000
[0m[NGAP]   Supported PLMN 0: MCC=001 MNC=01
[0m[NGAP]   Supported slice (PLMN 0): SST=0x01 SD=000
[0m[93m[ITTI]   tried to remove a non existing timer
[0m[32m[NGAP]   Received NGSetupResponse from AMF
[0m[UTIL]   threadCreate() for TASK_GNB_APP: creating thread with affinity ffffffff, priority 50
[0m[NR_RRC] Accepting new CU-UP ID 3584 name 5G-GOA-gNB (assoc_id -1)
[0m[UTIL]   threadCreate() for TASK_GTPV1_U: creating thread with affinity ffffffff, priority 50
[0m[GNB_APP] [gNB 0] Received NGAP_REGISTER_GNB_CNF: associated AMF 1
[0m[NR_RRC] Received F1 Setup Request from gNB_DU 3584 (5G-GOA-gNB) on assoc_id -1
[0m[NR_RRC] Accepting DU 3584 (5G-GOA-gNB) (RRC version 17.3.0)
[0m[NR_RRC] Added cell 12345678 to DU cells array (total cells = 1)
[0m[NR_RRC] DU 3584: Added cell 12345678
[0m[NR_RRC] DU 3584: added SIB2 to F1 Setup Response (cell 12345678)
[0m[NR_RRC] DU 3584 (5G-GOA-gNB): sending F1 Setup Response
[0m[MAC]    received F1 Setup Response from CU (null)
[0m[MAC]    CU uses RRC version 17.3.0
[0m[MAC]    Clearing the DU's UE states before, if any.
[0m[NR_RRC] update system information of DU 3584
[0m[NR_RRC] cell PLMN 001.01 Cell ID 12345678 is in service
[0m[MAC]    received gNB-DU configuration update acknowledge
[0m[UTIL]   threadCreate() for time source iq samples: creating thread with affinity ffffffff, priority 2
[0m[UTIL]   time manager configuration: [time source: iq_samples] [mode: standalone] [server IP: 127.0.0.1} [server port: 7374] (server IP/port not used)
[0m[PHY]    RU clock source set as internal
[0m[PHY]    number of L1 instances 1, number of RU 1, number of CPU cores 12
[0m[PHY]    RU thread-pool core string -1,-1 (size 2)
[0m[UTIL]   threadCreate() for Tpool0_-1: creating thread with affinity ffffffff, priority 97
[0m[UTIL]   threadCreate() for Tpool1_-1: creating thread with affinity ffffffff, priority 97
[0m[UTIL]   threadCreate() for ru_thread: creating thread with affinity ffffffff, priority 97
[0m[PHY]    Starting RU 0 (,synch_to_ext_device) on cpu 11
[0m[PHY]    Initializing frame parms for mu 0, N_RB 25, Ncp 0
[0m[PHY]    Init: N_RB_DL 25, first_carrier_offset 362, nb_prefix_samples 36,nb_prefix_samples0 40, ofdm_symbol_size 512
[0m[PHY]    fp->scs=15000
[0m[PHY]    fp->ofdm_symbol_size=512
[0m[PHY]    fp->nb_prefix_samples0=40
[0m[PHY]    fp->nb_prefix_samples=36
[0m[PHY]    fp->slots_per_subframe=1
[0m[PHY]    fp->samples_per_subframe_wCP=7168
[0m[PHY]    fp->samples_per_frame_wCP=71680
[0m[PHY]    fp->samples_per_subframe=7680
[0m[PHY]    fp->samples_per_frame=76800
[0m[PHY]    fp->dl_CarrierFreq=2488400000
[0m[PHY]    fp->ul_CarrierFreq=1614900000
[0m[PHY]    fp->Nid_cell=0
[0m[PHY]    fp->first_carrier_offset=362
[0m[PHY]    fp->ssb_start_subcarrier=0
[0m[PHY]    fp->Ncp=0
[0m[PHY]    fp->N_RB_DL=25
[0m[PHY]    fp->numerology_index=0
[0m[PHY]    fp->ofdm_offset_divisor=8
[0m[PHY]    fp->threequarter_fs=0
[0m[PHY]    fp->sl_CarrierFreq=0
[0m[PHY]    fp->N_RB_SL=0
[0m[NR_PHY] nb_tx_streams 1, nb_rx_streams 1
[0m[PHY]    Setting RF config for N_RB 25, NB_RX 1, NB_TX 1
[0m[PHY]    tune_offset 0 Hz, sample_rate 7680000 Hz
[0m[PHY]    Channel 0: setting tx_gain offset 0, tx_freq 2488400000 Hz
[0m[PHY]    Channel 0: setting rx_gain offset 114, rx_freq 1614900000 Hz
[0m[HW]     propagation delay 238.740104 ms, 1833524 samples
[0m[HW]     Running as server waiting opposite rfsimulators to connect
[0m[HW]     [RAU] has loaded RFSIMULATOR device.
[0m[PHY]    RU 0 Setting N_TA_offset to 100 samples (UL Freq 1612650, N_RB 25, mu 0)
[0m[PHY]    Signaling main thread that RU 0 is ready, sl_ahead 6
[0m[PHY]    L1 configured without analog beamforming
[0m[PHY]    Attaching RU 0 antenna 0 to gNB antenna 0
[0m[UTIL]   threadCreate() for Tpool0_-1: creating thread with affinity ffffffff, priority 97
[0m[UTIL]   threadCreate() for Tpool1_-1: creating thread with affinity ffffffff, priority 97
[0m[UTIL]   threadCreate() for Tpool2_-1: creating thread with affinity ffffffff, priority 97
[0m[UTIL]   threadCreate() for Tpool3_-1: creating thread with affinity ffffffff, priority 97
[0m[UTIL]   threadCreate() for Tpool4_-1: creating thread with affinity ffffffff, priority 97
[0m[UTIL]   threadCreate() for Tpool5_-1: creating thread with affinity ffffffff, priority 97
[0m[UTIL]   threadCreate() for Tpool6_-1: creating thread with affinity ffffffff, priority 97
[0m[UTIL]   threadCreate() for Tpool7_-1: creating thread with affinity ffffffff, priority 97
[0m[UTIL]   threadCreate() for L1_rx_thread: creating thread with affinity ffffffff, priority 97
[0m[UTIL]   threadCreate() for L1_tx_thread: creating thread with affinity ffffffff, priority 97
[0m[UTIL]   threadCreate() for L1_stats: creating thread with affinity ffffffff, priority 1
[0m[PHY]    got sync (ru_thread)
[0m[PHY]    got sync (L1_stats_thread)
[0m[CONFIG] function config_libconfig_init returned 0
Initializing random number generator, seed 8458410637639153154
TYPE <CTRL-C> TO TERMINATE
[PHY]    RU 0 rf device ready
[0m[PHY]    RU 0 RF started cpu_meas_enabled 0
[0m[HW]     No connected device, generating void samples...
[0m[32m[PHY]    Command line parameters for OAI UE: -C 2488400000 --CO -873500000 -r 25 --numerology 0 --ssb 60 
[0m[NR_MAC] Frame.Slot 896.0

[0m[NR_MAC] Frame.Slot 0.0

[0m[NR_MAC] Frame.Slot 128.0

[0m[NR_MAC] Frame.Slot 256.0

[0m[NR_MAC] Frame.Slot 384.0

[0m[NR_MAC] Frame.Slot 512.0

[0m[HW]     Client connects from ::ffff:127.0.0.1:50399
[0m[32m[HW]     RFsim: Number of antennas changed from 0 to 1
[0m[NR_MAC] Frame.Slot 640.0

[0m[NR_MAC] Frame.Slot 768.0

[0m[32m[NR_PHY] [RAPROC] 785.9 Initiating RA procedure with preamble 36, energy 51.0 dB (I0 0, thres 150), delay 2 start symbol 0 freq index 0
[0m[32m[NR_MAC] 785.9 UE RA-RNTI 007f TC-RNTI 275b: initiating RA procedure
[0m[NR_MAC] UE 275b: Sync beam index 0
[0m[NR_MAC] UE 275b: Msg3 scheduled at 835.2 (786.6 TDA 0) start 0 RBs 8
[0m[32m[NR_MAC] UE 275b: 786.6 Generating RA-Msg2 DCI, RA RNTI 0x7f, state 1, preamble_index(RAPID) 36, timing_offset = 2 (estimated distance 156.3 [m])
[0m[32m[NR_MAC]  835. 2 PUSCH with TC_RNTI 0x275b received correctly
[0m[MAC]    [RAPROC] Received SDU for CCCH length 6 for UE 275b
[0m[RLC]    Activated srb0 for UE 10075
[0m[NR_RRC] SRS configured with 1 ports
[0m[RLC]    Added srb 1 to UE 10075
[0m[NR_MAC] Activating scheduling Msg4 for TC_RNTI 0x275b (state WAIT_Msg3)
[0m[NR_RRC] Decoding CCCH: RNTI 275b, payload_size 6
[0m[32m[NR_RRC] [--] (cellID 0, UE ID 1 RNTI 275b) Create UE context: CU UE ID 1 DU UE ID 10075 (rnti: 275b, random ue id 860f7b1853000000)
[0m[NR_RRC] Adding new PCell (cell 12345678, assoc_id -1)
[0m[RRC]    activate SRB 1 of UE 1
[0m[32m[NR_RRC] [DL] (cellID bc614e, UE ID 1 RNTI 275b) Send RRC Setup
[0m[NR_MAC] UE 275b Generate Msg4: feedback at  885. 7, payload 201 bytes, next state nrRA_WAIT_Msg4_MsgB_ACK
[0m[32m[NR_MAC]  885. 7 UE 275b: Received Ack of Msg4. CBRA procedure succeeded (UE Connected)
[0m[NR_MAC] Adding new UE context with RNTI 0x275b
[0m[NR_MAC] Frame.Slot 896.0
UE RNTI 275b CU-UE-ID 1 in-sync PH 0 dB PCMAX 0 dBm
UE 275b: dlsch_rounds 1/0/0/0, dlsch_errors 0, pucch0_DTX 0 (SNR 20.0+0.0) RSSI -128.0, BLER 0.10000 MCS (0) 0 (Qm 2) CCE fail 0
UE 275b: ulsch_rounds 2/0/0/0, ulsch_errors 0, ulsch_DTX 0, BLER 0.10000 MCS (0) 0 (Qm 2 deltaMCS 0) NPRB 0 SNR 49.0 (+34.0) RSSI -42.0 CCE fail 0
UE 275b: LCID 1, goodput DL    0.00 UL    0.00 Mbps

[0m[32m[NR_RRC] [UL] (cellID bc614e, UE ID 1 RNTI 275b) Received RRCSetupComplete (RRC_CONNECTED reached)
[0m[NGAP]   Selected PLMN in the NG Initial UE Message: MCC=001 MNC=01
[0m[NGAP]   UE 1: Selected AMF 'OAI-AMF' (assoc_id 9) through selected PLMN MCC=001 MNC=01
[0m[NGAP]   Create UE context (ID 1) for AMF 'OAI-AMF' (assoc_id 9)
[0m[NR_MAC] Frame.Slot 0.0
UE RNTI 275b CU-UE-ID 1 in-sync PH 45 dB PCMAX 20 dBm, average SINR 40.0 (22 meas)
UE 275b: dlsch_rounds 3/0/0/0, dlsch_errors 0, pucch0_DTX 0 (SNR 20.0+0.0) RSSI -128.0, BLER 0.08100 MCS (0) 0 (Qm 2) CCE fail 0
UE 275b: ulsch_rounds 21/0/0/0, ulsch_errors 0, ulsch_DTX 0, BLER 0.02824 MCS (0) 0 (Qm 2 deltaMCS 0) NPRB 5 SNR 33.0 (+18.0) RSSI -41.9 CCE fail 1
UE 275b: LCID 1, goodput DL    0.00 UL    0.00 Mbps

[0m[32m[NR_RRC] [DL] (cellID bc614e, UE ID 1 RNTI 275b) Send DL Information Transfer [42 bytes]
[0m[32m[NR_RRC] [UL] (cellID bc614e, UE ID 1 RNTI 275b) Received RRC UL Information Transfer [24 bytes]
[0m[32m[NR_RRC] [DL] (cellID bc614e, UE ID 1 RNTI 275b) Send DL Information Transfer [21 bytes]
[0m[NR_MAC] Frame.Slot 128.0
UE RNTI 275b CU-UE-ID 1 in-sync PH 48 dB PCMAX 20 dBm, average SINR 40.0 (32 meas)
UE 275b: dlsch_rounds 8/0/0/0, dlsch_errors 0, pucch0_DTX 0 (SNR 20.8+0.8) RSSI -125.7, BLER 0.05905 MCS (0) 0 (Qm 2) CCE fail 0
UE 275b: ulsch_rounds 40/0/0/0, ulsch_errors 0, ulsch_DTX 0, BLER 0.00718 MCS (0) 0 (Qm 2 deltaMCS 0) NPRB 5 SNR 22.9 (+7.9) RSSI -41.9 CCE fail 2
UE 275b: LCID 1, goodput DL    0.00 UL    0.00 Mbps

[0m[32m[NR_RRC] [UL] (cellID bc614e, UE ID 1 RNTI 275b) Received RRC UL Information Transfer [60 bytes]
[0m[NGAP]   Initial Context Setup UE RAN ID 1 UE AMF ID 4: 0 PDU session(s)
[0m[32m[NR_RRC] [--] (cellID bc614e, UE ID 1 RNTI 275b) Selected security algorithms: ciphering 0, integrity 2
[0m[NR_RRC] [UE 275b] Saved security key C7
[0m[NR_RRC] UE 1 Logical Channel DL-DCCH, Generate SecurityModeCommand (bytes 3)
[0m[NR_MAC] Frame.Slot 256.0
UE RNTI 275b CU-UE-ID 1 in-sync PH 51 dB PCMAX 20 dBm, average SINR 40.0 (32 meas)
UE 275b: dlsch_rounds 11/0/0/0, dlsch_errors 0, pucch0_DTX 0 (SNR 20.8+0.8) RSSI -125.7, BLER 0.04305 MCS (0) 0 (Qm 2) CCE fail 0
UE 275b: ulsch_rounds 62/0/0/0, ulsch_errors 0, ulsch_DTX 0, BLER 0.00203 MCS (0) 0 (Qm 2 deltaMCS 0) NPRB 5 SNR 21.5 (+6.5) RSSI -41.6 CCE fail 3
UE 275b: LCID 1, goodput DL    0.00 UL    0.00 Mbps

[0m[32m[NR_RRC] [UL] (cellID bc614e, UE ID 1 RNTI 275b) Received Security Mode Complete
[0m[NR_RRC] UE 1: Logical Channel DL-DCCH, Generate NR UECapabilityEnquiry (bytes 8, xid 1)
[0m[32m[NR_RRC] [UL] (cellID bc614e, UE ID 1 RNTI 275b) Received UE capabilities
[0m[NR_RRC] Send message to ngap: NGAP_UE_CAPABILITIES_IND
[0m[32m[NR_RRC] [DL] (cellID bc614e, UE ID 1 RNTI 275b) Send DL Information Transfer [53 bytes]
[0m[NR_RRC] Send message to sctp: NGAP_InitialContextSetupResponse
[0m[NR_MAC] Frame.Slot 384.0
UE RNTI 275b CU-UE-ID 1 in-sync PH 45 dB PCMAX 20 dBm, average SINR 40.0 (32 meas)
UE 275b: dlsch_rounds 16/0/0/0, dlsch_errors 0, pucch0_DTX 0 (SNR 20.8+0.8) RSSI -125.7, BLER 0.03138 MCS (0) 0 (Qm 2) CCE fail 0
UE 275b: ulsch_rounds 79/0/0/0, ulsch_errors 0, ulsch_DTX 0, BLER 0.00052 MCS (0) 0 (Qm 2 deltaMCS 0) NPRB 5 SNR 17.5 (+2.5) RSSI -41.7 CCE fail 3
UE 275b: LCID 1, goodput DL    0.00 UL    0.00 Mbps

[0m[32m[NR_RRC] [UL] (cellID bc614e, UE ID 1 RNTI 275b) Received RRC UL Information Transfer [13 bytes]
[0m[32m[NR_RRC] [UL] (cellID bc614e, UE ID 1 RNTI 275b) Received RRC UL Information Transfer [35 bytes]
[0m[NGAP]   PDUSESSIONSetup initiating message
[0m[NR_RRC] UE 1: received PDU Session Resource Setup Request
[0m[NR_RRC] UE 1: added QoS flow with QFI=1, total number of QoS flows = 1
[0m[NR_RRC] Added PDU Session 1, (total nb of sessions = 1)
[0m[NR_RRC] UE 1: created new DRB 1 for QFI 1 (5QI 9)
[0m[NR_RRC] UE 1: assigned DRB 1 to QFI 1 (5QI 9) in PDU session 1
[0m[NR_RRC] PDU Session to Setup: PDU Session ID=1, incoming TEID=0x00000004, Addr=192.168.70.134
[0m[32m[NR_RRC] [--] (cellID bc614e, UE ID 1 RNTI 275b) selecting CU-UP ID 3584 based on exact NSSAI match (1:0xffffff)
[0m[RRC]    UE 1 associating to CU-UP assoc_id -1 out of 1 CU-UPs
[0m[E1AP]   UE 1: set up PDU session ID 1 (1 bearers)
[0m[93m[SDAP]    Could not find SDAP entity: entity list empty (ue_id=1 pdu_session_id=1)
[0m[SDAP]   Creating SDAP entity ue_id=1 pdu_session_id=1
[0m[SDAP]   Default DRB for the created SDAP entity: DRB 1 
[0m[PDCP]   Added DRB 1 to UE ID 1
[0m[GTPU]   N3 GTP-U tunnel: PDUSession=1/UL TEID=0x00000004
[0m[GTPU]   [81] UE ID 1: Create tunnel TEID incoming 0x95476e79 outgoing 0x4 to remote IPv4 192.168.70.134, IPv6 ::, port 2152
[0m[RRC]    activate SRB 2 of UE 1
[0m[RLC]    Added srb 2 to UE 10075
[0m[RLC]    Added drb 1 to UE 10075
[0m[RLC]    Added DRB to UE 10075
[0m[RRC]    UE 1 trigger UE context setup request with 1 DRBs
[0m[E1AP]   UE 1: updating PDU session ID 1 (0 setup, 1 modify bearers)
[0m[PDCP]   DRB 1 re-established
[0m[NR_RRC] PDU Session New: status to ESTABLISH for PDU Session 1 
[0m[32m[NR_RRC] [DL] (cellID bc614e, UE ID 1 RNTI 275b) Generate RRCReconfiguration (bytes 322, xid 3)
[0m[NR_RRC] Received E1AP Bearer Context Modification Response for UE CU-CP ID 1
[0m[RRC]    UE 1: PDU session ID 1 modified 1 bearers, setup 0 bearers
[0m[NR_MAC] Frame.Slot 512.0
UE RNTI 275b CU-UE-ID 1 in-sync PH 51 dB PCMAX 20 dBm, average SINR 40.0 (32 meas)
UE 275b: dlsch_rounds 24/0/0/0, dlsch_errors 0, pucch0_DTX 0 (SNR 20.8+0.8) RSSI -125.7, BLER 0.02288 MCS (0) 0 (Qm 2) CCE fail 0
UE 275b: ulsch_rounds 99/0/0/0, ulsch_errors 0, ulsch_DTX 0, BLER 0.00015 MCS (0) 0 (Qm 2 deltaMCS 0) NPRB 5 SNR 20.9 (+5.9) RSSI -41.6 CCE fail 4
UE 275b: LCID 1,2,4, goodput DL    0.00 UL    0.00 Mbps

[0m[93m[NR_MAC] Received ACK for RRCReconfiguration, but nothing to apply!
[0m[93m[NR_MAC] Received ACK for RRCReconfiguration, but nothing to apply!
[0m[93m[NR_MAC] Received ACK for RRCReconfiguration, but nothing to apply!
[0m[93m[NR_MAC] Received ACK for RRCReconfiguration, but nothing to apply!
[0m[93m[NR_MAC] Received ACK for RRCReconfiguration, but nothing to apply!
[0m[32m[NR_RRC] [UL] (cellID bc614e, UE ID 1 RNTI 275b) Received RRCReconfigurationComplete
[0m[NR_RRC] PDU Session Setup: ID=1, outgoing TEID=0x95476e79, Addr=192.168.70.129
[0m[NR_RRC] NGAP_PDUSESSION_SETUP_RESP: sending the message
[0m[NR_MAC] DU received confirmation of successful RRC Reconfiguration
[0m[NR_MAC] Frame.Slot 640.0
UE RNTI 275b CU-UE-ID 1 in-sync PH 51 dB PCMAX 20 dBm, average SINR 40.0 (32 meas)
UE 275b: dlsch_rounds 27/0/0/0, dlsch_errors 0, pucch0_DTX 0 (SNR 20.8+0.8) RSSI -125.7, BLER 0.01853 MCS (0) 0 (Qm 2) CCE fail 0
UE 275b: ulsch_rounds 122/0/0/0, ulsch_errors 0, ulsch_DTX 0, BLER 0.00004 MCS (0) 0 (Qm 2 deltaMCS 0) NPRB 5 SNR 17.5 (+2.5) RSSI -41.6 CCE fail 5
UE 275b: LCID 1,2,4, goodput DL    0.00 UL    0.01 Mbps

[0m[NR_MAC] Frame.Slot 768.0
UE RNTI 275b CU-UE-ID 1 in-sync PH 45 dB PCMAX 20 dBm, average SINR 40.0 (32 meas)
UE 275b: dlsch_rounds 29/0/0/0, dlsch_errors 0, pucch0_DTX 0 (SNR 20.8+0.8) RSSI -125.7, BLER 0.01501 MCS (0) 0 (Qm 2) CCE fail 0
UE 275b: ulsch_rounds 136/0/0/0, ulsch_errors 0, ulsch_DTX 0, BLER 0.00001 MCS (0) 0 (Qm 2 deltaMCS 0) NPRB 5 SNR 18.4 (+3.4) RSSI -41.5 CCE fail 5
UE 275b: LCID 1,2,4, goodput DL    0.00 UL    0.00 Mbps

[0m[NR_MAC] Frame.Slot 896.0
UE RNTI 275b CU-UE-ID 1 in-sync PH 45 dB PCMAX 20 dBm, average SINR 40.0 (32 meas)
UE 275b: dlsch_rounds 32/0/0/0, dlsch_errors 0, pucch0_DTX 0 (SNR 20.8+0.8) RSSI -125.7, BLER 0.01094 MCS (0) 0 (Qm 2) CCE fail 0
UE 275b: ulsch_rounds 150/0/0/0, ulsch_errors 0, ulsch_DTX 0, BLER 0.00000 MCS (0) 0 (Qm 2 deltaMCS 0) NPRB 5 SNR 16.0 (+1.0) RSSI -41.5 CCE fail 5
UE 275b: LCID 1,2,4, goodput DL    0.00 UL    0.00 Mbps

[0m[NR_MAC] Frame.Slot 0.0
UE RNTI 275b CU-UE-ID 1 in-sync PH 45 dB PCMAX 20 dBm, average SINR 40.0 (32 meas)
UE 275b: dlsch_rounds 35/0/0/0, dlsch_errors 0, pucch0_DTX 0 (SNR 20.8+0.8) RSSI -125.7, BLER 0.00798 MCS (0) 0 (Qm 2) CCE fail 0
UE 275b: ulsch_rounds 164/0/0/0, ulsch_errors 0, ulsch_DTX 0, BLER 0.00000 MCS (0) 0 (Qm 2 deltaMCS 0) NPRB 5 SNR 16.9 (+1.9) RSSI -41.4 CCE fail 5
UE 275b: LCID 1,2,4, goodput DL    0.00 UL    0.00 Mbps

[0m[NR_MAC] Frame.Slot 128.0
UE RNTI 275b CU-UE-ID 1 in-sync PH 45 dB PCMAX 20 dBm, average SINR 40.0 (32 meas)
UE 275b: dlsch_rounds 37/0/0/0, dlsch_errors 0, pucch0_DTX 0 (SNR 20.8+0.8) RSSI -125.7, BLER 0.00646 MCS (0) 0 (Qm 2) CCE fail 0
UE 275b: ulsch_rounds 179/0/0/0, ulsch_errors 0, ulsch_DTX 0, BLER 0.00000 MCS (0) 0 (Qm 2 deltaMCS 0) NPRB 5 SNR 17.7 (+2.7) RSSI -41.4 CCE fail 5
UE 275b: LCID 1,2,4, goodput DL    0.00 UL    0.00 Mbps

[0m[NR_MAC] Frame.Slot 256.0
UE RNTI 275b CU-UE-ID 1 in-sync PH 48 dB PCMAX 20 dBm, average SINR 40.0 (32 meas)
UE 275b: dlsch_rounds 40/0/0/0, dlsch_errors 0, pucch0_DTX 0 (SNR 20.8+0.8) RSSI -125.7, BLER 0.00471 MCS (0) 0 (Qm 2) CCE fail 0
UE 275b: ulsch_rounds 197/0/0/0, ulsch_errors 0, ulsch_DTX 0, BLER 0.00000 MCS (0) 0 (Qm 2 deltaMCS 0) NPRB 5 SNR 20.4 (+5.4) RSSI -40.9 CCE fail 5
UE 275b: LCID 1,2,4, goodput DL    0.00 UL    0.00 Mbps

[0m[NR_MAC] Frame.Slot 384.0
UE RNTI 275b CU-UE-ID 1 in-sync PH 45 dB PCMAX 20 dBm, average SINR 40.0 (32 meas)
UE 275b: dlsch_rounds 43/0/0/0, dlsch_errors 0, pucch0_DTX 0 (SNR 20.8+0.8) RSSI -125.7, BLER 0.00343 MCS (0) 0 (Qm 2) CCE fail 0
UE 275b: ulsch_rounds 213/0/0/0, ulsch_errors 0, ulsch_DTX 0, BLER 0.00000 MCS (0) 0 (Qm 2 deltaMCS 0) NPRB 5 SNR 16.8 (+1.8) RSSI -41.0 CCE fail 5
UE 275b: LCID 1,2,4, goodput DL    0.00 UL    0.00 Mbps

[0m[NR_MAC] Frame.Slot 512.0
UE RNTI 275b CU-UE-ID 1 in-sync PH 45 dB PCMAX 20 dBm, average SINR 40.0 (32 meas)
UE 275b: dlsch_rounds 46/0/0/0, dlsch_errors 0, pucch0_DTX 0 (SNR 20.8+0.8) RSSI -125.7, BLER 0.00250 MCS (0) 0 (Qm 2) CCE fail 0
UE 275b: ulsch_rounds 228/0/0/0, ulsch_errors 0, ulsch_DTX 0, BLER 0.00000 MCS (0) 0 (Qm 2 deltaMCS 0) NPRB 5 SNR 16.5 (+1.5) RSSI -41.1 CCE fail 5
UE 275b: LCID 1,2,4, goodput DL    0.00 UL    0.00 Mbps

[0m[NR_MAC] Frame.Slot 640.0
UE RNTI 275b CU-UE-ID 1 in-sync PH 45 dB PCMAX 20 dBm, average SINR 40.0 (32 meas)
UE 275b: dlsch_rounds 48/0/0/0, dlsch_errors 0, pucch0_DTX 0 (SNR 20.8+0.8) RSSI -125.7, BLER 0.00203 MCS (0) 0 (Qm 2) CCE fail 1
UE 275b: ulsch_rounds 243/0/0/0, ulsch_errors 0, ulsch_DTX 0, BLER 0.00000 MCS (0) 0 (Qm 2 deltaMCS 0) NPRB 5 SNR 17.8 (+2.8) RSSI -41.2 CCE fail 5
UE 275b: LCID 1,2,4, goodput DL    0.00 UL    0.00 Mbps

[0m[NR_MAC] Frame.Slot 768.0
UE RNTI 275b CU-UE-ID 1 in-sync PH 45 dB PCMAX 20 dBm, average SINR 40.0 (32 meas)
UE 275b: dlsch_rounds 49/0/0/0, dlsch_errors 0, pucch0_DTX 0 (SNR 20.8+0.8) RSSI -125.7, BLER 0.00182 MCS (0) 0 (Qm 2) CCE fail 1
UE 275b: ulsch_rounds 257/0/0/0, ulsch_errors 0, ulsch_DTX 0, BLER 0.00000 MCS (0) 0 (Qm 2 deltaMCS 0) NPRB 5 SNR 16.7 (+1.7) RSSI -41.2 CCE fail 5
UE 275b: LCID 1,2,4, goodput DL    0.00 UL    0.00 Mbps

[0m[NR_MAC] Frame.Slot 896.0
UE RNTI 275b CU-UE-ID 1 in-sync PH 45 dB PCMAX 20 dBm, average SINR 40.0 (32 meas)
UE 275b: dlsch_rounds 53/0/0/0, dlsch_errors 0, pucch0_DTX 0 (SNR 20.8+0.8) RSSI -125.7, BLER 0.00148 MCS (0) 0 (Qm 2) CCE fail 1
UE 275b: ulsch_rounds 273/0/0/0, ulsch_errors 0, ulsch_DTX 0, BLER 0.00000 MCS (0) 0 (Qm 2 deltaMCS 0) NPRB 5 SNR 16.7 (+1.7) RSSI -41.1 CCE fail 5
UE 275b: LCID 1,2,4, goodput DL    0.00 UL    0.00 Mbps

[0m[NR_MAC] Frame.Slot 0.0
UE RNTI 275b CU-UE-ID 1 in-sync PH 45 dB PCMAX 20 dBm, average SINR 40.0 (32 meas)
UE 275b: dlsch_rounds 55/0/0/0, dlsch_errors 0, pucch0_DTX 0 (SNR 20.8+0.8) RSSI -125.7, BLER 0.00133 MCS (0) 0 (Qm 2) CCE fail 1
UE 275b: ulsch_rounds 287/0/0/0, ulsch_errors 0, ulsch_DTX 0, BLER 0.00000 MCS (0) 0 (Qm 2 deltaMCS 0) NPRB 5 SNR 16.4 (+1.4) RSSI -41.2 CCE fail 5
UE 275b: LCID 1,2,4, goodput DL    0.00 UL    0.00 Mbps

[0m[NR_MAC] Frame.Slot 128.0
UE RNTI 275b CU-UE-ID 1 in-sync PH 45 dB PCMAX 20 dBm, average SINR 40.0 (32 meas)
UE 275b: dlsch_rounds 57/0/0/0, dlsch_errors 0, pucch0_DTX 0 (SNR 20.8+0.8) RSSI -125.7, BLER 0.00108 MCS (0) 0 (Qm 2) CCE fail 1
UE 275b: ulsch_rounds 301/0/0/0, ulsch_errors 0, ulsch_DTX 0, BLER 0.00000 MCS (0) 0 (Qm 2 deltaMCS 0) NPRB 5 SNR 17.2 (+2.2) RSSI -41.3 CCE fail 5
UE 275b: LCID 1,2,4, goodput DL    0.00 UL    0.00 Mbps

[0m[NR_MAC] Frame.Slot 256.0
UE RNTI 275b CU-UE-ID 1 in-sync PH 45 dB PCMAX 20 dBm, average SINR 40.0 (32 meas)
UE 275b: dlsch_rounds 59/0/0/0, dlsch_errors 0, pucch0_DTX 0 (SNR 20.8+0.8) RSSI -125.7, BLER 0.00087 MCS (0) 0 (Qm 2) CCE fail 1
UE 275b: ulsch_rounds 320/0/0/0, ulsch_errors 0, ulsch_DTX 0, BLER 0.00000 MCS (0) 0 (Qm 2 deltaMCS 0) NPRB 5 SNR 16.1 (+1.1) RSSI -41.3 CCE fail 5
UE 275b: LCID 1,2,4, goodput DL    0.00 UL    0.00 Mbps

[0m[NR_MAC] Frame.Slot 384.0
UE RNTI 275b CU-UE-ID 1 in-sync PH 45 dB PCMAX 20 dBm, average SINR 40.0 (32 meas)
UE 275b: dlsch_rounds 64/0/0/0, dlsch_errors 0, pucch0_DTX 0 (SNR 20.8+0.8) RSSI -125.7, BLER 0.00057 MCS (0) 0 (Qm 2) CCE fail 2
UE 275b: ulsch_rounds 338/0/0/0, ulsch_errors 0, ulsch_DTX 0, BLER 0.00000 MCS (0) 0 (Qm 2 deltaMCS 0) NPRB 5 SNR 18.1 (+3.1) RSSI -40.8 CCE fail 6
UE 275b: LCID 1,2,4, goodput DL    0.00 UL    0.00 Mbps

[0m[NR_MAC] Frame.Slot 512.0
UE RNTI 275b CU-UE-ID 1 in-sync PH 45 dB PCMAX 20 dBm, average SINR 40.0 (32 meas)
UE 275b: dlsch_rounds 66/0/0/0, dlsch_errors 0, pucch0_DTX 0 (SNR 20.8+0.8) RSSI -125.7, BLER 0.00046 MCS (0) 0 (Qm 2) CCE fail 2
UE 275b: ulsch_rounds 352/0/0/0, ulsch_errors 0, ulsch_DTX 0, BLER 0.00000 MCS (0) 0 (Qm 2 deltaMCS 0) NPRB 5 SNR 16.5 (+1.5) RSSI -41.0 CCE fail 7
UE 275b: LCID 1,2,4, goodput DL    0.00 UL    0.00 Mbps

[0m[NR_MAC] Frame.Slot 640.0
UE RNTI 275b CU-UE-ID 1 in-sync PH 45 dB PCMAX 20 dBm, average SINR 40.0 (32 meas)
UE 275b: dlsch_rounds 68/0/0/0, dlsch_errors 0, pucch0_DTX 0 (SNR 20.8+0.8) RSSI -125.7, BLER 0.00038 MCS (0) 0 (Qm 2) CCE fail 2
UE 275b: ulsch_rounds 367/0/0/0, ulsch_errors 0, ulsch_DTX 0, BLER 0.00000 MCS (0) 0 (Qm 2 deltaMCS 0) NPRB 5 SNR 18.1 (+3.1) RSSI -41.1 CCE fail 7
UE 275b: LCID 1,2,4, goodput DL    0.00 UL    0.00 Mbps

[0m[NR_MAC] Frame.Slot 768.0
UE RNTI 275b CU-UE-ID 1 in-sync PH 45 dB PCMAX 20 dBm, average SINR 40.0 (32 meas)
UE 275b: dlsch_rounds 71/0/0/0, dlsch_errors 0, pucch0_DTX 0 (SNR 20.8+0.8) RSSI -125.7, BLER 0.00027 MCS (0) 0 (Qm 2) CCE fail 2
UE 275b: ulsch_rounds 381/0/0/0, ulsch_errors 0, ulsch_DTX 0, BLER 0.00000 MCS (0) 0 (Qm 2 deltaMCS 0) NPRB 5 SNR 17.9 (+2.9) RSSI -41.2 CCE fail 7
UE 275b: LCID 1,2,4, goodput DL    0.00 UL    0.00 Mbps

[0m[NR_MAC] Frame.Slot 896.0
UE RNTI 275b CU-UE-ID 1 in-sync PH 45 dB PCMAX 20 dBm, average SINR 40.0 (32 meas)
UE 275b: dlsch_rounds 73/0/0/0, dlsch_errors 0, pucch0_DTX 0 (SNR 20.8+0.8) RSSI -125.7, BLER 0.00022 MCS (0) 0 (Qm 2) CCE fail 2
UE 275b: ulsch_rounds 397/0/0/0, ulsch_errors 0, ulsch_DTX 0, BLER 0.00000 MCS (0) 0 (Qm 2 deltaMCS 0) NPRB 5 SNR 16.7 (+1.7) RSSI -41.3 CCE fail 7
UE 275b: LCID 1,2,4, goodput DL    0.00 UL    0.00 Mbps

[0m[NR_MAC] Frame.Slot 0.0
UE RNTI 275b CU-UE-ID 1 in-sync PH 45 dB PCMAX 20 dBm, average SINR 40.0 (32 meas)
UE 275b: dlsch_rounds 76/0/0/0, dlsch_errors 0, pucch0_DTX 0 (SNR 20.8+0.8) RSSI -125.7, BLER 0.00016 MCS (0) 0 (Qm 2) CCE fail 2
UE 275b: ulsch_rounds 412/0/0/0, ulsch_errors 0, ulsch_DTX 0, BLER 0.00000 MCS (0) 0 (Qm 2 deltaMCS 0) NPRB 5 SNR 16.7 (+1.7) RSSI -41.3 CCE fail 7
UE 275b: LCID 1,2,4, goodput DL    0.00 UL    0.00 Mbps

[0m[NR_MAC] Frame.Slot 128.0
UE RNTI 275b CU-UE-ID 1 in-sync PH 45 dB PCMAX 20 dBm, average SINR 40.0 (32 meas)
UE 275b: dlsch_rounds 78/0/0/0, dlsch_errors 0, pucch0_DTX 0 (SNR 20.8+0.8) RSSI -125.7, BLER 0.00013 MCS (0) 0 (Qm 2) CCE fail 2
UE 275b: ulsch_rounds 427/0/0/0, ulsch_errors 0, ulsch_DTX 0, BLER 0.00000 MCS (0) 0 (Qm 2 deltaMCS 0) NPRB 5 SNR 18.1 (+3.1) RSSI -41.3 CCE fail 7
UE 275b: LCID 1,2,4, goodput DL    0.00 UL    0.00 Mbps

[0m[NR_MAC] Frame.Slot 256.0
UE RNTI 275b CU-UE-ID 1 in-sync PH 45 dB PCMAX 20 dBm, average SINR 40.0 (32 meas)
UE 275b: dlsch_rounds 81/0/0/0, dlsch_errors 0, pucch0_DTX 0 (SNR 20.8+0.8) RSSI -125.7, BLER 0.00010 MCS (0) 0 (Qm 2) CCE fail 2
UE 275b: ulsch_rounds 441/0/0/0, ulsch_errors 0, ulsch_DTX 0, BLER 0.00000 MCS (0) 0 (Qm 2 deltaMCS 0) NPRB 5 SNR 16.9 (+1.9) RSSI -41.4 CCE fail 7
UE 275b: LCID 1,2,4, goodput DL    0.00 UL    0.00 Mbps

[0m[NR_MAC] Frame.Slot 384.0
UE RNTI 275b CU-UE-ID 1 in-sync PH 45 dB PCMAX 20 dBm, average SINR 40.0 (32 meas)
UE 275b: dlsch_rounds 83/0/0/0, dlsch_errors 0, pucch0_DTX 0 (SNR 20.8+0.8) RSSI -125.7, BLER 0.00008 MCS (0) 0 (Qm 2) CCE fail 2
UE 275b: ulsch_rounds 456/0/0/0, ulsch_errors 0, ulsch_DTX 0, BLER 0.00000 MCS (0) 0 (Qm 2 deltaMCS 0) NPRB 5 SNR 16.1 (+1.1) RSSI -41.3 CCE fail 7
UE 275b: LCID 1,2,4, goodput DL    0.00 UL    0.00 Mbps

[0m[NR_MAC] Frame.Slot 512.0
UE RNTI 275b CU-UE-ID 1 in-sync PH 45 dB PCMAX 20 dBm, average SINR 40.0 (32 meas)
UE 275b: dlsch_rounds 86/0/0/0, dlsch_errors 0, pucch0_DTX 0 (SNR 20.8+0.8) RSSI -125.7, BLER 0.00006 MCS (0) 0 (Qm 2) CCE fail 2
UE 275b: ulsch_rounds 471/0/0/0, ulsch_errors 0, ulsch_DTX 0, BLER 0.00000 MCS (0) 0 (Qm 2 deltaMCS 0) NPRB 5 SNR 16.9 (+1.9) RSSI -41.3 CCE fail 7
UE 275b: LCID 1,2,4, goodput DL    0.00 UL    0.00 Mbps

[0m[NR_MAC] Frame.Slot 640.0
UE RNTI 275b CU-UE-ID 1 in-sync PH 45 dB PCMAX 20 dBm, average SINR 40.0 (32 meas)
UE 275b: dlsch_rounds 89/0/0/0, dlsch_errors 0, pucch0_DTX 0 (SNR 20.8+0.8) RSSI -125.7, BLER 0.00004 MCS (0) 0 (Qm 2) CCE fail 2
UE 275b: ulsch_rounds 486/0/0/0, ulsch_errors 0, ulsch_DTX 0, BLER 0.00000 MCS (0) 0 (Qm 2 deltaMCS 0) NPRB 5 SNR 18.2 (+3.2) RSSI -41.3 CCE fail 7
UE 275b: LCID 1,2,4, goodput DL    0.00 UL    0.00 Mbps

[0m[NR_MAC] Frame.Slot 768.0
UE RNTI 275b CU-UE-ID 1 in-sync PH 45 dB PCMAX 20 dBm, average SINR 40.0 (32 meas)
UE 275b: dlsch_rounds 91/0/0/0, dlsch_errors 0, pucch0_DTX 0 (SNR 20.8+0.8) RSSI -125.7, BLER 0.00003 MCS (0) 0 (Qm 2) CCE fail 2
UE 275b: ulsch_rounds 500/0/0/0, ulsch_errors 0, ulsch_DTX 0, BLER 0.00000 MCS (0) 0 (Qm 2 deltaMCS 0) NPRB 5 SNR 17.0 (+2.0) RSSI -41.3 CCE fail 7
UE 275b: LCID 1,2,4, goodput DL    0.00 UL    0.00 Mbps

[0m[NR_MAC] Frame.Slot 896.0
UE RNTI 275b CU-UE-ID 1 in-sync PH 45 dB PCMAX 20 dBm, average SINR 40.0 (32 meas)
UE 275b: dlsch_rounds 93/0/0/0, dlsch_errors 0, pucch0_DTX 0 (SNR 20.8+0.8) RSSI -125.7, BLER 0.00003 MCS (0) 0 (Qm 2) CCE fail 2
UE 275b: ulsch_rounds 517/0/0/0, ulsch_errors 0, ulsch_DTX 0, BLER 0.00000 MCS (0) 0 (Qm 2 deltaMCS 0) NPRB 5 SNR 16.8 (+1.8) RSSI -41.3 CCE fail 7
UE 275b: LCID 1,2,4, goodput DL    0.00 UL    0.00 Mbps

[0m[NR_MAC] Frame.Slot 0.0
UE RNTI 275b CU-UE-ID 1 in-sync PH 45 dB PCMAX 20 dBm, average SINR 40.0 (32 meas)
UE 275b: dlsch_rounds 96/0/0/0, dlsch_errors 0, pucch0_DTX 0 (SNR 20.8+0.8) RSSI -125.7, BLER 0.00002 MCS (0) 0 (Qm 2) CCE fail 2
UE 275b: ulsch_rounds 531/0/0/0, ulsch_errors 0, ulsch_DTX 0, BLER 0.00000 MCS (0) 0 (Qm 2 deltaMCS 0) NPRB 5 SNR 16.7 (+1.7) RSSI -41.2 CCE fail 7
UE 275b: LCID 1,2,4, goodput DL    0.00 UL    0.00 Mbps

[0m[NR_MAC] Frame.Slot 128.0
UE RNTI 275b CU-UE-ID 1 in-sync PH 45 dB PCMAX 20 dBm, average SINR 40.0 (32 meas)
UE 275b: dlsch_rounds 99/0/0/0, dlsch_errors 0, pucch0_DTX 0 (SNR 20.8+0.8) RSSI -125.7, BLER 0.00001 MCS (0) 0 (Qm 2) CCE fail 2
UE 275b: ulsch_rounds 545/0/0/0, ulsch_errors 0, ulsch_DTX 0, BLER 0.00000 MCS (0) 0 (Qm 2 deltaMCS 0) NPRB 5 SNR 17.2 (+2.2) RSSI -41.2 CCE fail 7
UE 275b: LCID 1,2,4, goodput DL    0.00 UL    0.00 Mbps

[0m[NR_MAC] Frame.Slot 256.0
UE RNTI 275b CU-UE-ID 1 in-sync PH 45 dB PCMAX 20 dBm, average SINR 40.0 (32 meas)
UE 275b: dlsch_rounds 101/0/0/0, dlsch_errors 0, pucch0_DTX 0 (SNR 20.8+0.8) RSSI -125.7, BLER 0.00001 MCS (0) 0 (Qm 2) CCE fail 2
UE 275b: ulsch_rounds 559/0/0/0, ulsch_errors 0, ulsch_DTX 0, BLER 0.00000 MCS (0) 0 (Qm 2 deltaMCS 0) NPRB 5 SNR 17.2 (+2.2) RSSI -41.3 CCE fail 7
UE 275b: LCID 1,2,4, goodput DL    0.00 UL    0.00 Mbps

[0m[NR_MAC] Frame.Slot 384.0
UE RNTI 275b CU-UE-ID 1 in-sync PH 45 dB PCMAX 20 dBm, average SINR 40.0 (32 meas)
UE 275b: dlsch_rounds 103/0/0/0, dlsch_errors 0, pucch0_DTX 0 (SNR 20.8+0.8) RSSI -125.7, BLER 0.00001 MCS (0) 0 (Qm 2) CCE fail 2
UE 275b: ulsch_rounds 576/0/0/0, ulsch_errors 0, ulsch_DTX 0, BLER 0.00000 MCS (0) 0 (Qm 2 deltaMCS 0) NPRB 5 SNR 16.9 (+1.9) RSSI -41.2 CCE fail 7
UE 275b: LCID 1,2,4, goodput DL    0.00 UL    0.00 Mbps

[0m[NR_MAC] Frame.Slot 512.0
UE RNTI 275b CU-UE-ID 1 in-sync PH 45 dB PCMAX 20 dBm, average SINR 40.0 (32 meas)
UE 275b: dlsch_rounds 106/0/0/0, dlsch_errors 0, pucch0_DTX 0 (SNR 20.8+0.8) RSSI -125.7, BLER 0.00001 MCS (0) 0 (Qm 2) CCE fail 2
UE 275b: ulsch_rounds 590/0/0/0, ulsch_errors 0, ulsch_DTX 0, BLER 0.00000 MCS (0) 0 (Qm 2 deltaMCS 0) NPRB 5 SNR 16.7 (+1.7) RSSI -41.2 CCE fail 7
UE 275b: LCID 1,2,4, goodput DL    0.00 UL    0.00 Mbps

[0m[NR_MAC] Frame.Slot 640.0
UE RNTI 275b CU-UE-ID 1 in-sync PH 45 dB PCMAX 20 dBm, average SINR 40.0 (32 meas)
UE 275b: dlsch_rounds 109/0/0/0, dlsch_errors 0, pucch0_DTX 0 (SNR 20.8+0.8) RSSI -125.7, BLER 0.00000 MCS (0) 0 (Qm 2) CCE fail 2
UE 275b: ulsch_rounds 611/0/0/0, ulsch_errors 0, ulsch_DTX 0, BLER 0.00000 MCS (0) 0 (Qm 2 deltaMCS 0) NPRB 5 SNR 16.7 (+1.7) RSSI -41.1 CCE fail 7
UE 275b: LCID 1,2,4, goodput DL    0.00 UL    0.00 Mbps

[0m[NR_MAC] Frame.Slot 768.0
UE RNTI 275b CU-UE-ID 1 in-sync PH 45 dB PCMAX 20 dBm, average SINR 40.0 (32 meas)
UE 275b: dlsch_rounds 112/0/0/0, dlsch_errors 0, pucch0_DTX 0 (SNR 20.8+0.8) RSSI -125.7, BLER 0.00000 MCS (0) 0 (Qm 2) CCE fail 2
UE 275b: ulsch_rounds 626/0/0/0, ulsch_errors 0, ulsch_DTX 0, BLER 0.00000 MCS (0) 0 (Qm 2 deltaMCS 0) NPRB 5 SNR 19.9 (+4.9) RSSI -40.9 CCE fail 7
UE 275b: LCID 1,2,4, goodput DL    0.00 UL    0.00 Mbps

[0m[NR_MAC] Frame.Slot 896.0
UE RNTI 275b CU-UE-ID 1 in-sync PH 45 dB PCMAX 20 dBm, average SINR 40.0 (32 meas)
UE 275b: dlsch_rounds 114/0/0/0, dlsch_errors 0, pucch0_DTX 0 (SNR 20.8+0.8) RSSI -125.7, BLER 0.00000 MCS (0) 0 (Qm 2) CCE fail 2
UE 275b: ulsch_rounds 641/0/0/0, ulsch_errors 0, ulsch_DTX 0, BLER 0.00000 MCS (0) 0 (Qm 2 deltaMCS 0) NPRB 5 SNR 17.3 (+2.3) RSSI -41.0 CCE fail 7
UE 275b: LCID 1,2,4, goodput DL    0.00 UL    0.00 Mbps

[0m[NR_MAC] Frame.Slot 0.0
UE RNTI 275b CU-UE-ID 1 in-sync PH 45 dB PCMAX 20 dBm, average SINR 40.0 (32 meas)
UE 275b: dlsch_rounds 118/0/0/0, dlsch_errors 0, pucch0_DTX 0 (SNR 20.8+0.8) RSSI -125.7, BLER 0.00000 MCS (0) 0 (Qm 2) CCE fail 2
UE 275b: ulsch_rounds 656/0/0/0, ulsch_errors 0, ulsch_DTX 0, BLER 0.00000 MCS (0) 0 (Qm 2 deltaMCS 0) NPRB 5 SNR 16.4 (+1.4) RSSI -41.1 CCE fail 7
UE 275b: LCID 1,2,4, goodput DL    0.00 UL    0.00 Mbps

[0m[NR_MAC] Frame.Slot 128.0
UE RNTI 275b CU-UE-ID 1 in-sync PH 45 dB PCMAX 20 dBm, average SINR 40.0 (32 meas)
UE 275b: dlsch_rounds 120/0/0/0, dlsch_errors 0, pucch0_DTX 0 (SNR 20.8+0.8) RSSI -125.7, BLER 0.00000 MCS (0) 0 (Qm 2) CCE fail 2
UE 275b: ulsch_rounds 671/0/0/0, ulsch_errors 0, ulsch_DTX 0, BLER 0.00000 MCS (0) 0 (Qm 2 deltaMCS 0) NPRB 5 SNR 17.8 (+2.8) RSSI -41.2 CCE fail 8
UE 275b: LCID 1,2,4, goodput DL    0.00 UL    0.00 Mbps

[0m[NR_MAC] Frame.Slot 256.0
UE RNTI 275b CU-UE-ID 1 in-sync PH 45 dB PCMAX 20 dBm, average SINR 40.0 (32 meas)
UE 275b: dlsch_rounds 122/0/0/0, dlsch_errors 0, pucch0_DTX 0 (SNR 20.8+0.8) RSSI -125.7, BLER 0.00000 MCS (0) 0 (Qm 2) CCE fail 2
UE 275b: ulsch_rounds 686/0/0/0, ulsch_errors 0, ulsch_DTX 0, BLER 0.00000 MCS (0) 0 (Qm 2 deltaMCS 0) NPRB 5 SNR 17.5 (+2.5) RSSI -41.2 CCE fail 8
UE 275b: LCID 1,2,4, goodput DL    0.00 UL    0.00 Mbps

[0m[NR_MAC] Frame.Slot 384.0
UE RNTI 275b CU-UE-ID 1 in-sync PH 45 dB PCMAX 20 dBm, average SINR 40.0 (32 meas)
UE 275b: dlsch_rounds 124/0/0/0, dlsch_errors 0, pucch0_DTX 0 (SNR 20.8+0.8) RSSI -125.7, BLER 0.00000 MCS (0) 0 (Qm 2) CCE fail 2
UE 275b: ulsch_rounds 700/0/0/0, ulsch_errors 0, ulsch_DTX 0, BLER 0.00000 MCS (0) 0 (Qm 2 deltaMCS 0) NPRB 5 SNR 16.6 (+1.6) RSSI -41.3 CCE fail 8
UE 275b: LCID 1,2,4, goodput DL    0.00 UL    0.00 Mbps

[0m[NR_MAC] Frame.Slot 512.0
UE RNTI 275b CU-UE-ID 1 in-sync PH 45 dB PCMAX 20 dBm, average SINR 40.0 (32 meas)
UE 275b: dlsch_rounds 128/0/0/0, dlsch_errors 0, pucch0_DTX 0 (SNR 20.8+0.8) RSSI -125.7, BLER 0.00000 MCS (0) 0 (Qm 2) CCE fail 2
UE 275b: ulsch_rounds 716/0/0/0, ulsch_errors 0, ulsch_DTX 0, BLER 0.00000 MCS (0) 0 (Qm 2 deltaMCS 0) NPRB 5 SNR 16.3 (+1.3) RSSI -41.2 CCE fail 8
UE 275b: LCID 1,2,4, goodput DL    0.00 UL    0.00 Mbps

[0m[NR_MAC] Frame.Slot 640.0
UE RNTI 275b CU-UE-ID 1 in-sync PH 45 dB PCMAX 20 dBm, average SINR 40.0 (32 meas)
UE 275b: dlsch_rounds 130/0/0/0, dlsch_errors 0, pucch0_DTX 0 (SNR 20.8+0.8) RSSI -125.7, BLER 0.00000 MCS (0) 0 (Qm 2) CCE fail 2
UE 275b: ulsch_rounds 731/0/0/0, ulsch_errors 0, ulsch_DTX 0, BLER 0.00000 MCS (0) 0 (Qm 2 deltaMCS 0) NPRB 5 SNR 17.8 (+2.8) RSSI -41.3 CCE fail 8
UE 275b: LCID 1,2,4, goodput DL    0.00 UL    0.00 Mbps

[0m[NR_MAC] Frame.Slot 768.0
UE RNTI 275b CU-UE-ID 1 in-sync PH 52 dB PCMAX 20 dBm, average SINR 40.0 (32 meas)
UE 275b: dlsch_rounds 134/0/0/0, dlsch_errors 0, pucch0_DTX 0 (SNR 20.8+0.8) RSSI -125.7, BLER 0.00000 MCS (0) 0 (Qm 2) CCE fail 2
UE 275b: ulsch_rounds 756/0/0/0, ulsch_errors 0, ulsch_DTX 0, BLER 0.00000 MCS (0) 0 (Qm 2 deltaMCS 0) NPRB 5 SNR 21.9 (+6.9) RSSI -41.0 CCE fail 9
UE 275b: LCID 1,2,4, goodput DL    0.00 UL    0.01 Mbps

[0m[NR_MAC] Frame.Slot 896.0
UE RNTI 275b CU-UE-ID 1 in-sync PH 52 dB PCMAX 20 dBm, average SINR 40.0 (32 meas)
UE 275b: dlsch_rounds 139/0/0/0, dlsch_errors 0, pucch0_DTX 0 (SNR 20.8+0.8) RSSI -125.7, BLER 0.00000 MCS (0) 0 (Qm 2) CCE fail 2
UE 275b: ulsch_rounds 779/0/0/0, ulsch_errors 0, ulsch_DTX 0, BLER 0.00000 MCS (0) 0 (Qm 2 deltaMCS 0) NPRB 5 SNR 19.7 (+4.7) RSSI -40.8 CCE fail 9
UE 275b: LCID 1,2,4, goodput DL    0.00 UL    0.01 Mbps

[0m[NR_MAC] Frame.Slot 0.0
UE RNTI 275b CU-UE-ID 1 in-sync PH 45 dB PCMAX 20 dBm, average SINR 40.0 (32 meas)
UE 275b: dlsch_rounds 142/0/0/0, dlsch_errors 0, pucch0_DTX 0 (SNR 20.8+0.8) RSSI -125.7, BLER 0.00000 MCS (0) 0 (Qm 2) CCE fail 2
UE 275b: ulsch_rounds 799/0/0/0, ulsch_errors 0, ulsch_DTX 0, BLER 0.00000 MCS (0) 0 (Qm 2 deltaMCS 0) NPRB 5 SNR 16.3 (+1.3) RSSI -40.8 CCE fail 11
UE 275b: LCID 1,2,4, goodput DL    0.00 UL    0.01 Mbps

[0m[NR_MAC] Frame.Slot 128.0
UE RNTI 275b CU-UE-ID 1 in-sync PH 45 dB PCMAX 20 dBm, average SINR 40.0 (32 meas)
UE 275b: dlsch_rounds 146/0/0/0, dlsch_errors 0, pucch0_DTX 0 (SNR 20.8+0.8) RSSI -125.7, BLER 0.00000 MCS (0) 0 (Qm 2) CCE fail 2
UE 275b: ulsch_rounds 821/0/0/0, ulsch_errors 0, ulsch_DTX 0, BLER 0.00000 MCS (0) 0 (Qm 2 deltaMCS 0) NPRB 5 SNR 18.6 (+3.6) RSSI -40.6 CCE fail 13
UE 275b: LCID 1,2,4, goodput DL    0.00 UL    0.01 Mbps

[0m[NR_MAC] Frame.Slot 256.0
UE RNTI 275b CU-UE-ID 1 in-sync PH 45 dB PCMAX 20 dBm, average SINR 40.0 (32 meas)
UE 275b: dlsch_rounds 150/0/0/0, dlsch_errors 0, pucch0_DTX 0 (SNR 20.8+0.8) RSSI -125.7, BLER 0.00000 MCS (0) 0 (Qm 2) CCE fail 2
UE 275b: ulsch_rounds 843/0/0/0, ulsch_errors 0, ulsch_DTX 0, BLER 0.00000 MCS (0) 0 (Qm 2 deltaMCS 0) NPRB 5 SNR 21.1 (+6.1) RSSI -40.6 CCE fail 13
UE 275b: LCID 1,2,4, goodput DL    0.00 UL    0.00 Mbps

[0m[NR_MAC] Frame.Slot 384.0
UE RNTI 275b CU-UE-ID 1 in-sync PH 45 dB PCMAX 20 dBm, average SINR 40.0 (32 meas)
UE 275b: dlsch_rounds 155/0/0/0, dlsch_errors 0, pucch0_DTX 0 (SNR 20.8+0.8) RSSI -125.7, BLER 0.00000 MCS (0) 0 (Qm 2) CCE fail 2
UE 275b: ulsch_rounds 864/0/0/0, ulsch_errors 0, ulsch_DTX 0, BLER 0.00000 MCS (0) 0 (Qm 2 deltaMCS 0) NPRB 5 SNR 22.4 (+7.4) RSSI -40.5 CCE fail 18
UE 275b: LCID 1,2,4, goodput DL    0.00 UL    0.00 Mbps

[0m[NR_MAC] Frame.Slot 512.0
UE RNTI 275b CU-UE-ID 1 in-sync PH 45 dB PCMAX 20 dBm, average SINR 40.0 (32 meas)
UE 275b: dlsch_rounds 158/0/0/0, dlsch_errors 0, pucch0_DTX 0 (SNR 20.8+0.8) RSSI -125.7, BLER 0.00000 MCS (0) 0 (Qm 2) CCE fail 2
UE 275b: ulsch_rounds 880/0/0/0, ulsch_errors 0, ulsch_DTX 0, BLER 0.00000 MCS (0) 0 (Qm 2 deltaMCS 0) NPRB 5 SNR 17.5 (+2.5) RSSI -40.6 CCE fail 18
UE 275b: LCID 1,2,4, goodput DL    0.00 UL    0.00 Mbps

[0m[NR_MAC] Frame.Slot 640.0
UE RNTI 275b CU-UE-ID 1 in-sync PH 45 dB PCMAX 20 dBm, average SINR 40.0 (32 meas)
UE 275b: dlsch_rounds 160/0/0/0, dlsch_errors 0, pucch0_DTX 0 (SNR 20.8+0.8) RSSI -125.7, BLER 0.00000 MCS (0) 0 (Qm 2) CCE fail 2
UE 275b: ulsch_rounds 895/0/0/0, ulsch_errors 0, ulsch_DTX 0, BLER 0.00000 MCS (0) 0 (Qm 2 deltaMCS 0) NPRB 5 SNR 16.4 (+1.4) RSSI -40.8 CCE fail 18
UE 275b: LCID 1,2,4, goodput DL    0.00 UL    0.00 Mbps

[0m[NR_MAC] Frame.Slot 768.0
UE RNTI 275b CU-UE-ID 1 in-sync PH 45 dB PCMAX 20 dBm, average SINR 40.0 (32 meas)
UE 275b: dlsch_rounds 163/0/0/0, dlsch_errors 0, pucch0_DTX 0 (SNR 20.8+0.8) RSSI -125.7, BLER 0.00000 MCS (0) 0 (Qm 2) CCE fail 2
UE 275b: ulsch_rounds 910/0/0/0, ulsch_errors 0, ulsch_DTX 0, BLER 0.00000 MCS (0) 0 (Qm 2 deltaMCS 0) NPRB 5 SNR 17.8 (+2.8) RSSI -41.0 CCE fail 18
UE 275b: LCID 1,2,4, goodput DL    0.00 UL    0.00 Mbps

[0m[NR_MAC] Frame.Slot 896.0
UE RNTI 275b CU-UE-ID 1 in-sync PH 45 dB PCMAX 20 dBm, average SINR 40.0 (32 meas)
UE 275b: dlsch_rounds 165/0/0/0, dlsch_errors 0, pucch0_DTX 0 (SNR 20.8+0.8) RSSI -125.7, BLER 0.00000 MCS (0) 0 (Qm 2) CCE fail 2
UE 275b: ulsch_rounds 925/0/0/0, ulsch_errors 0, ulsch_DTX 0, BLER 0.00000 MCS (0) 0 (Qm 2 deltaMCS 0) NPRB 5 SNR 17.4 (+2.4) RSSI -41.1 CCE fail 18
UE 275b: LCID 1,2,4, goodput DL    0.00 UL    0.00 Mbps

[0m[NR_MAC] Frame.Slot 0.0
UE RNTI 275b CU-UE-ID 1 in-sync PH 45 dB PCMAX 20 dBm, average SINR 40.0 (32 meas)
UE 275b: dlsch_rounds 168/0/0/0, dlsch_errors 0, pucch0_DTX 0 (SNR 20.8+0.8) RSSI -125.7, BLER 0.00000 MCS (0) 0 (Qm 2) CCE fail 2
UE 275b: ulsch_rounds 940/0/0/0, ulsch_errors 0, ulsch_DTX 0, BLER 0.00000 MCS (0) 0 (Qm 2 deltaMCS 0) NPRB 5 SNR 17.4 (+2.4) RSSI -41.1 CCE fail 18
UE 275b: LCID 1,2,4, goodput DL    0.00 UL    0.00 Mbps

[0m[NR_MAC] Frame.Slot 128.0
UE RNTI 275b CU-UE-ID 1 in-sync PH 45 dB PCMAX 20 dBm, average SINR 40.0 (32 meas)
UE 275b: dlsch_rounds 170/0/0/0, dlsch_errors 0, pucch0_DTX 0 (SNR 20.8+0.8) RSSI -125.7, BLER 0.00000 MCS (0) 0 (Qm 2) CCE fail 2
UE 275b: ulsch_rounds 955/0/0/0, ulsch_errors 0, ulsch_DTX 0, BLER 0.00000 MCS (0) 0 (Qm 2 deltaMCS 0) NPRB 5 SNR 16.2 (+1.2) RSSI -41.1 CCE fail 19
UE 275b: LCID 1,2,4, goodput DL    0.00 UL    0.00 Mbps

[0m[NR_MAC] Frame.Slot 256.0
UE RNTI 275b CU-UE-ID 1 in-sync PH 45 dB PCMAX 20 dBm, average SINR 40.0 (32 meas)
UE 275b: dlsch_rounds 173/0/0/0, dlsch_errors 0, pucch0_DTX 0 (SNR 20.8+0.8) RSSI -125.7, BLER 0.00000 MCS (0) 0 (Qm 2) CCE fail 2
UE 275b: ulsch_rounds 969/0/0/0, ulsch_errors 0, ulsch_DTX 0, BLER 0.00000 MCS (0) 0 (Qm 2 deltaMCS 0) NPRB 5 SNR 16.8 (+1.8) RSSI -41.1 CCE fail 19
UE 275b: LCID 1,2,4, goodput DL    0.00 UL    0.00 Mbps

[0m[NR_MAC] Frame.Slot 384.0
UE RNTI 275b CU-UE-ID 1 in-sync PH 45 dB PCMAX 20 dBm, average SINR 40.0 (32 meas)
UE 275b: dlsch_rounds 175/0/0/0, dlsch_errors 0, pucch0_DTX 0 (SNR 20.8+0.8) RSSI -125.7, BLER 0.00000 MCS (0) 0 (Qm 2) CCE fail 2
UE 275b: ulsch_rounds 984/0/0/0, ulsch_errors 0, ulsch_DTX 0, BLER 0.00000 MCS (0) 0 (Qm 2 deltaMCS 0) NPRB 5 SNR 17.6 (+2.6) RSSI -41.2 CCE fail 19
UE 275b: LCID 1,2,4, goodput DL    0.00 UL    0.00 Mbps

[0m[NR_MAC] Frame.Slot 512.0
UE RNTI 275b CU-UE-ID 1 in-sync PH 45 dB PCMAX 20 dBm, average SINR 40.0 (32 meas)
UE 275b: dlsch_rounds 178/0/0/0, dlsch_errors 0, pucch0_DTX 0 (SNR 20.8+0.8) RSSI -125.7, BLER 0.00000 MCS (0) 0 (Qm 2) CCE fail 2
UE 275b: ulsch_rounds 1001/0/0/0, ulsch_errors 0, ulsch_DTX 0, BLER 0.00000 MCS (0) 0 (Qm 2 deltaMCS 0) NPRB 5 SNR 16.3 (+1.3) RSSI -41.1 CCE fail 19
UE 275b: LCID 1,2,4, goodput DL    0.00 UL    0.00 Mbps

[0m[NR_MAC] Frame.Slot 640.0
UE RNTI 275b CU-UE-ID 1 in-sync PH 45 dB PCMAX 20 dBm, average SINR 40.0 (32 meas)
UE 275b: dlsch_rounds 180/0/0/0, dlsch_errors 0, pucch0_DTX 0 (SNR 20.8+0.8) RSSI -125.7, BLER 0.00000 MCS (0) 0 (Qm 2) CCE fail 2
UE 275b: ulsch_rounds 1016/0/0/0, ulsch_errors 0, ulsch_DTX 0, BLER 0.00000 MCS (0) 0 (Qm 2 deltaMCS 0) NPRB 5 SNR 17.0 (+2.0) RSSI -41.2 CCE fail 19
UE 275b: LCID 1,2,4, goodput DL    0.00 UL    0.00 Mbps

[0m[NR_MAC] Frame.Slot 768.0
UE RNTI 275b CU-UE-ID 1 in-sync PH 45 dB PCMAX 20 dBm, average SINR 40.0 (32 meas)
UE 275b: dlsch_rounds 183/0/0/0, dlsch_errors 0, pucch0_DTX 0 (SNR 20.8+0.8) RSSI -125.7, BLER 0.00000 MCS (0) 0 (Qm 2) CCE fail 2
UE 275b: ulsch_rounds 1029/0/0/0, ulsch_errors 0, ulsch_DTX 0, BLER 0.00000 MCS (0) 0 (Qm 2 deltaMCS 0) NPRB 5 SNR 17.6 (+2.6) RSSI -41.2 CCE fail 19
UE 275b: LCID 1,2,4, goodput DL    0.00 UL    0.00 Mbps

[0m[NR_MAC] Frame.Slot 896.0
UE RNTI 275b CU-UE-ID 1 in-sync PH 45 dB PCMAX 20 dBm, average SINR 40.0 (32 meas)
UE 275b: dlsch_rounds 185/0/0/0, dlsch_errors 0, pucch0_DTX 0 (SNR 20.8+0.8) RSSI -125.7, BLER 0.00000 MCS (0) 0 (Qm 2) CCE fail 2
UE 275b: ulsch_rounds 1044/0/0/0, ulsch_errors 0, ulsch_DTX 0, BLER 0.00000 MCS (0) 0 (Qm 2 deltaMCS 0) NPRB 5 SNR 17.3 (+2.3) RSSI -41.3 CCE fail 19
UE 275b: LCID 1,2,4, goodput DL    0.00 UL    0.00 Mbps

[0m[NR_MAC] Frame.Slot 0.0
UE RNTI 275b CU-UE-ID 1 in-sync PH 45 dB PCMAX 20 dBm, average SINR 40.0 (32 meas)
UE 275b: dlsch_rounds 187/0/0/0, dlsch_errors 0, pucch0_DTX 0 (SNR 20.8+0.8) RSSI -125.7, BLER 0.00000 MCS (0) 0 (Qm 2) CCE fail 2
UE 275b: ulsch_rounds 1061/0/0/0, ulsch_errors 0, ulsch_DTX 0, BLER 0.00000 MCS (0) 0 (Qm 2 deltaMCS 0) NPRB 5 SNR 16.0 (+1.0) RSSI -41.3 CCE fail 19
UE 275b: LCID 1,2,4, goodput DL    0.00 UL    0.00 Mbps

[0m[NR_MAC] Frame.Slot 128.0
UE RNTI 275b CU-UE-ID 1 in-sync PH 45 dB PCMAX 20 dBm, average SINR 40.0 (32 meas)
UE 275b: dlsch_rounds 191/0/0/0, dlsch_errors 0, pucch0_DTX 0 (SNR 20.8+0.8) RSSI -125.7, BLER 0.00000 MCS (0) 0 (Qm 2) CCE fail 2
UE 275b: ulsch_rounds 1075/0/0/0, ulsch_errors 0, ulsch_DTX 0, BLER 0.00000 MCS (0) 0 (Qm 2 deltaMCS 0) NPRB 5 SNR 16.8 (+1.8) RSSI -41.3 CCE fail 19
UE 275b: LCID 1,2,4, goodput DL    0.00 UL    0.00 Mbps

[0m[NR_MAC] Frame.Slot 256.0
UE RNTI 275b CU-UE-ID 1 in-sync PH 45 dB PCMAX 20 dBm, average SINR 40.0 (32 meas)
UE 275b: dlsch_rounds 193/0/0/0, dlsch_errors 0, pucch0_DTX 0 (SNR 20.8+0.8) RSSI -125.7, BLER 0.00000 MCS (0) 0 (Qm 2) CCE fail 2
UE 275b: ulsch_rounds 1089/0/0/0, ulsch_errors 0, ulsch_DTX 0, BLER 0.00000 MCS (0) 0 (Qm 2 deltaMCS 0) NPRB 5 SNR 16.6 (+1.6) RSSI -41.2 CCE fail 19
UE 275b: LCID 1,2,4, goodput DL    0.00 UL    0.00 Mbps

[0m[NR_MAC] Frame.Slot 384.0
UE RNTI 275b CU-UE-ID 1 in-sync PH 45 dB PCMAX 20 dBm, average SINR 40.0 (32 meas)
UE 275b: dlsch_rounds 195/0/0/0, dlsch_errors 0, pucch0_DTX 0 (SNR 20.8+0.8) RSSI -125.7, BLER 0.00000 MCS (0) 0 (Qm 2) CCE fail 2
UE 275b: ulsch_rounds 1103/0/0/0, ulsch_errors 0, ulsch_DTX 0, BLER 0.00000 MCS (0) 0 (Qm 2 deltaMCS 0) NPRB 5 SNR 17.6 (+2.6) RSSI -41.3 CCE fail 19
UE 275b: LCID 1,2,4, goodput DL    0.00 UL    0.00 Mbps

[0m[NR_MAC] Frame.Slot 512.0
UE RNTI 275b CU-UE-ID 1 in-sync PH 45 dB PCMAX 20 dBm, average SINR 40.0 (32 meas)
UE 275b: dlsch_rounds 197/0/0/0, dlsch_errors 0, pucch0_DTX 0 (SNR 20.8+0.8) RSSI -125.7, BLER 0.00000 MCS (0) 0 (Qm 2) CCE fail 2
UE 275b: ulsch_rounds 1119/0/0/0, ulsch_errors 0, ulsch_DTX 0, BLER 0.00000 MCS (0) 0 (Qm 2 deltaMCS 0) NPRB 5 SNR 16.2 (+1.2) RSSI -41.2 CCE fail 19
UE 275b: LCID 1,2,4, goodput DL    0.00 UL    0.00 Mbps

[0m[NR_MAC] Frame.Slot 640.0
UE RNTI 275b CU-UE-ID 1 in-sync PH 45 dB PCMAX 20 dBm, average SINR 40.0 (32 meas)
UE 275b: dlsch_rounds 201/0/0/0, dlsch_errors 0, pucch0_DTX 0 (SNR 20.8+0.8) RSSI -125.7, BLER 0.00000 MCS (0) 0 (Qm 2) CCE fail 2
UE 275b: ulsch_rounds 1134/0/0/0, ulsch_errors 0, ulsch_DTX 0, BLER 0.00000 MCS (0) 0 (Qm 2 deltaMCS 0) NPRB 5 SNR 16.2 (+1.2) RSSI -41.2 CCE fail 19
UE 275b: LCID 1,2,4, goodput DL    0.00 UL    0.00 Mbps

[0m[NR_MAC] Frame.Slot 768.0
UE RNTI 275b CU-UE-ID 1 in-sync PH 45 dB PCMAX 20 dBm, average SINR 40.0 (32 meas)
UE 275b: dlsch_rounds 203/0/0/0, dlsch_errors 0, pucch0_DTX 0 (SNR 20.8+0.8) RSSI -125.7, BLER 0.00000 MCS (0) 0 (Qm 2) CCE fail 2
UE 275b: ulsch_rounds 1149/0/0/0, ulsch_errors 0, ulsch_DTX 0, BLER 0.00000 MCS (0) 0 (Qm 2 deltaMCS 0) NPRB 5 SNR 17.6 (+2.6) RSSI -41.3 CCE fail 19
UE 275b: LCID 1,2,4, goodput DL    0.00 UL    0.00 Mbps

[0m[NR_MAC] Frame.Slot 896.0
UE RNTI 275b CU-UE-ID 1 in-sync PH 45 dB PCMAX 20 dBm, average SINR 40.0 (32 meas)
UE 275b: dlsch_rounds 205/0/0/0, dlsch_errors 0, pucch0_DTX 0 (SNR 20.8+0.8) RSSI -125.7, BLER 0.00000 MCS (0) 0 (Qm 2) CCE fail 2
UE 275b: ulsch_rounds 1164/0/0/0, ulsch_errors 0, ulsch_DTX 0, BLER 0.00000 MCS (0) 0 (Qm 2 deltaMCS 0) NPRB 5 SNR 17.3 (+2.3) RSSI -41.4 CCE fail 19
UE 275b: LCID 1,2,4, goodput DL    0.00 UL    0.00 Mbps

[0m[NR_MAC] Frame.Slot 0.0
UE RNTI 275b CU-UE-ID 1 in-sync PH 45 dB PCMAX 20 dBm, average SINR 40.0 (32 meas)
UE 275b: dlsch_rounds 208/0/0/0, dlsch_errors 0, pucch0_DTX 0 (SNR 20.8+0.8) RSSI -125.7, BLER 0.00000 MCS (0) 0 (Qm 2) CCE fail 2
UE 275b: ulsch_rounds 1178/0/0/0, ulsch_errors 0, ulsch_DTX 0, BLER 0.00000 MCS (0) 0 (Qm 2 deltaMCS 0) NPRB 5 SNR 16.4 (+1.4) RSSI -41.4 CCE fail 19
UE 275b: LCID 1,2,4, goodput DL    0.00 UL    0.00 Mbps

[0m[NR_MAC] Frame.Slot 128.0
UE RNTI 275b CU-UE-ID 1 in-sync PH 45 dB PCMAX 20 dBm, average SINR 40.0 (32 meas)
UE 275b: dlsch_rounds 211/0/0/0, dlsch_errors 0, pucch0_DTX 0 (SNR 20.8+0.8) RSSI -125.7, BLER 0.00000 MCS (0) 0 (Qm 2) CCE fail 2
UE 275b: ulsch_rounds 1194/0/0/0, ulsch_errors 0, ulsch_DTX 0, BLER 0.00000 MCS (0) 0 (Qm 2 deltaMCS 0) NPRB 5 SNR 16.1 (+1.1) RSSI -41.3 CCE fail 19
UE 275b: LCID 1,2,4, goodput DL    0.00 UL    0.00 Mbps

[0m[NR_MAC] Frame.Slot 256.0
UE RNTI 275b CU-UE-ID 1 in-sync PH 45 dB PCMAX 20 dBm, average SINR 40.0 (32 meas)
UE 275b: dlsch_rounds 213/0/0/0, dlsch_errors 0, pucch0_DTX 0 (SNR 20.8+0.8) RSSI -125.7, BLER 0.00000 MCS (0) 0 (Qm 2) CCE fail 2
UE 275b: ulsch_rounds 1208/0/0/0, ulsch_errors 0, ulsch_DTX 0, BLER 0.00000 MCS (0) 0 (Qm 2 deltaMCS 0) NPRB 5 SNR 17.7 (+2.7) RSSI -41.3 CCE fail 19
UE 275b: LCID 1,2,4, goodput DL    0.00 UL    0.00 Mbps

[0m[NR_MAC] Frame.Slot 384.0
UE RNTI 275b CU-UE-ID 1 in-sync PH 45 dB PCMAX 20 dBm, average SINR 40.0 (32 meas)
UE 275b: dlsch_rounds 215/0/0/0, dlsch_errors 0, pucch0_DTX 0 (SNR 20.8+0.8) RSSI -125.7, BLER 0.00000 MCS (0) 0 (Qm 2) CCE fail 2
UE 275b: ulsch_rounds 1222/0/0/0, ulsch_errors 0, ulsch_DTX 0, BLER 0.00000 MCS (0) 0 (Qm 2 deltaMCS 0) NPRB 5 SNR 16.6 (+1.6) RSSI -41.3 CCE fail 19
UE 275b: LCID 1,2,4, goodput DL    0.00 UL    0.00 Mbps

[0m[NR_MAC] Frame.Slot 512.0
UE RNTI 275b CU-UE-ID 1 in-sync PH 45 dB PCMAX 20 dBm, average SINR 40.0 (32 meas)
UE 275b: dlsch_rounds 219/0/0/0, dlsch_errors 0, pucch0_DTX 0 (SNR 20.8+0.8) RSSI -125.7, BLER 0.00000 MCS (0) 0 (Qm 2) CCE fail 2
UE 275b: ulsch_rounds 1242/0/0/0, ulsch_errors 0, ulsch_DTX 0, BLER 0.00000 MCS (0) 0 (Qm 2 deltaMCS 0) NPRB 5 SNR 19.2 (+4.2) RSSI -41.0 CCE fail 19
UE 275b: LCID 1,2,4, goodput DL    0.00 UL    0.00 Mbps

[0m[NR_MAC] Frame.Slot 640.0
UE RNTI 275b CU-UE-ID 1 in-sync PH 45 dB PCMAX 20 dBm, average SINR 40.0 (32 meas)
UE 275b: dlsch_rounds 222/0/0/0, dlsch_errors 0, pucch0_DTX 0 (SNR 20.8+0.8) RSSI -125.7, BLER 0.00000 MCS (0) 0 (Qm 2) CCE fail 2
UE 275b: ulsch_rounds 1258/0/0/0, ulsch_errors 0, ulsch_DTX 0, BLER 0.00000 MCS (0) 0 (Qm 2 deltaMCS 0) NPRB 5 SNR 16.6 (+1.6) RSSI -41.0 CCE fail 19
UE 275b: LCID 1,2,4, goodput DL    0.00 UL    0.00 Mbps

[0m[NR_MAC] Frame.Slot 768.0
UE RNTI 275b CU-UE-ID 1 in-sync PH 45 dB PCMAX 20 dBm, average SINR 40.0 (32 meas)
UE 275b: dlsch_rounds 224/0/0/0, dlsch_errors 0, pucch0_DTX 0 (SNR 20.8+0.8) RSSI -125.7, BLER 0.00000 MCS (0) 0 (Qm 2) CCE fail 2
UE 275b: ulsch_rounds 1272/0/0/0, ulsch_errors 0, ulsch_DTX 0, BLER 0.00000 MCS (0) 0 (Qm 2 deltaMCS 0) NPRB 5 SNR 16.3 (+1.3) RSSI -41.1 CCE fail 20
UE 275b: LCID 1,2,4, goodput DL    0.00 UL    0.00 Mbps

[0m[NR_MAC] Frame.Slot 896.0
UE RNTI 275b CU-UE-ID 1 in-sync PH 45 dB PCMAX 20 dBm, average SINR 40.0 (32 meas)
UE 275b: dlsch_rounds 227/0/0/0, dlsch_errors 0, pucch0_DTX 0 (SNR 20.8+0.8) RSSI -125.7, BLER 0.00000 MCS (0) 0 (Qm 2) CCE fail 2
UE 275b: ulsch_rounds 1286/0/0/0, ulsch_errors 0, ulsch_DTX 0, BLER 0.00000 MCS (0) 0 (Qm 2 deltaMCS 0) NPRB 5 SNR 18.9 (+3.9) RSSI -41.1 CCE fail 20
UE 275b: LCID 1,2,4, goodput DL    0.00 UL    0.00 Mbps

[0m[NR_MAC] Frame.Slot 0.0
UE RNTI 275b CU-UE-ID 1 in-sync PH 45 dB PCMAX 20 dBm, average SINR 40.0 (32 meas)
UE 275b: dlsch_rounds 229/0/0/0, dlsch_errors 0, pucch0_DTX 0 (SNR 20.8+0.8) RSSI -125.7, BLER 0.00000 MCS (0) 0 (Qm 2) CCE fail 2
UE 275b: ulsch_rounds 1301/0/0/0, ulsch_errors 0, ulsch_DTX 0, BLER 0.00000 MCS (0) 0 (Qm 2 deltaMCS 0) NPRB 5 SNR 17.7 (+2.7) RSSI -41.2 CCE fail 21
UE 275b: LCID 1,2,4, goodput DL    0.00 UL    0.00 Mbps

[0m[NR_MAC] Frame.Slot 128.0
UE RNTI 275b CU-UE-ID 1 in-sync PH 45 dB PCMAX 20 dBm, average SINR 40.0 (32 meas)
UE 275b: dlsch_rounds 232/0/0/0, dlsch_errors 0, pucch0_DTX 0 (SNR 20.8+0.8) RSSI -125.7, BLER 0.00000 MCS (0) 0 (Qm 2) CCE fail 2
UE 275b: ulsch_rounds 1316/0/0/0, ulsch_errors 0, ulsch_DTX 0, BLER 0.00000 MCS (0) 0 (Qm 2 deltaMCS 0) NPRB 5 SNR 16.6 (+1.6) RSSI -41.1 CCE fail 22
UE 275b: LCID 1,2,4, goodput DL    0.00 UL    0.00 Mbps

[0m[NR_MAC] Frame.Slot 256.0
UE RNTI 275b CU-UE-ID 1 in-sync PH 45 dB PCMAX 20 dBm, average SINR 40.0 (32 meas)
UE 275b: dlsch_rounds 234/0/0/0, dlsch_errors 0, pucch0_DTX 0 (SNR 20.8+0.8) RSSI -125.7, BLER 0.00000 MCS (0) 0 (Qm 2) CCE fail 2
UE 275b: ulsch_rounds 1331/0/0/0, ulsch_errors 0, ulsch_DTX 0, BLER 0.00000 MCS (0) 0 (Qm 2 deltaMCS 0) NPRB 5 SNR 16.6 (+1.6) RSSI -41.2 CCE fail 22
UE 275b: LCID 1,2,4, goodput DL    0.00 UL    0.00 Mbps

[0m[NR_MAC] Frame.Slot 384.0
UE RNTI 275b CU-UE-ID 1 in-sync PH 45 dB PCMAX 20 dBm, average SINR 40.0 (32 meas)
UE 275b: dlsch_rounds 237/0/0/0, dlsch_errors 0, pucch0_DTX 0 (SNR 20.8+0.8) RSSI -125.7, BLER 0.00000 MCS (0) 0 (Qm 2) CCE fail 2
UE 275b: ulsch_rounds 1346/0/0/0, ulsch_errors 0, ulsch_DTX 0, BLER 0.00000 MCS (0) 0 (Qm 2 deltaMCS 0) NPRB 5 SNR 17.9 (+2.9) RSSI -41.2 CCE fail 23
UE 275b: LCID 1,2,4, goodput DL    0.00 UL    0.00 Mbps

[0m[NR_MAC] Frame.Slot 512.0
UE RNTI 275b CU-UE-ID 1 in-sync PH 45 dB PCMAX 20 dBm, average SINR 40.0 (32 meas)
UE 275b: dlsch_rounds 239/0/0/0, dlsch_errors 0, pucch0_DTX 0 (SNR 20.8+0.8) RSSI -125.7, BLER 0.00000 MCS (0) 0 (Qm 2) CCE fail 2
UE 275b: ulsch_rounds 1361/0/0/0, ulsch_errors 0, ulsch_DTX 0, BLER 0.00000 MCS (0) 0 (Qm 2 deltaMCS 0) NPRB 5 SNR 17.6 (+2.6) RSSI -41.3 CCE fail 23
UE 275b: LCID 1,2,4, goodput DL    0.00 UL    0.00 Mbps

[0m[NR_MAC] Frame.Slot 640.0
UE RNTI 275b CU-UE-ID 1 in-sync PH 45 dB PCMAX 20 dBm, average SINR 40.0 (32 meas)
UE 275b: dlsch_rounds 242/0/0/0, dlsch_errors 0, pucch0_DTX 0 (SNR 20.8+0.8) RSSI -125.7, BLER 0.00000 MCS (0) 0 (Qm 2) CCE fail 2
UE 275b: ulsch_rounds 1377/0/0/0, ulsch_errors 0, ulsch_DTX 0, BLER 0.00000 MCS (0) 0 (Qm 2 deltaMCS 0) NPRB 5 SNR 16.4 (+1.4) RSSI -41.2 CCE fail 23
UE 275b: LCID 1,2,4, goodput DL    0.00 UL    0.00 Mbps

[0m[NR_MAC] Frame.Slot 768.0
UE RNTI 275b CU-UE-ID 1 in-sync PH 45 dB PCMAX 20 dBm, average SINR 40.0 (32 meas)
UE 275b: dlsch_rounds 244/0/0/0, dlsch_errors 0, pucch0_DTX 0 (SNR 20.8+0.8) RSSI -125.7, BLER 0.00000 MCS (0) 0 (Qm 2) CCE fail 2
UE 275b: ulsch_rounds 1392/0/0/0, ulsch_errors 0, ulsch_DTX 0, BLER 0.00000 MCS (0) 0 (Qm 2 deltaMCS 0) NPRB 5 SNR 16.2 (+1.2) RSSI -41.2 CCE fail 23
UE 275b: LCID 1,2,4, goodput DL    0.00 UL    0.00 Mbps

[0m[NR_MAC] Frame.Slot 896.0
UE RNTI 275b CU-UE-ID 1 in-sync PH 45 dB PCMAX 20 dBm, average SINR 40.0 (32 meas)
UE 275b: dlsch_rounds 247/0/0/0, dlsch_errors 0, pucch0_DTX 0 (SNR 20.8+0.8) RSSI -125.7, BLER 0.00000 MCS (0) 0 (Qm 2) CCE fail 2
UE 275b: ulsch_rounds 1407/0/0/0, ulsch_errors 0, ulsch_DTX 0, BLER 0.00000 MCS (0) 0 (Qm 2 deltaMCS 0) NPRB 5 SNR 17.7 (+2.7) RSSI -41.3 CCE fail 23
UE 275b: LCID 1,2,4, goodput DL    0.00 UL    0.00 Mbps

[0m[NR_MAC] Frame.Slot 0.0
UE RNTI 275b CU-UE-ID 1 in-sync PH 45 dB PCMAX 20 dBm, average SINR 40.0 (32 meas)
UE 275b: dlsch_rounds 249/0/0/0, dlsch_errors 0, pucch0_DTX 0 (SNR 20.8+0.8) RSSI -125.7, BLER 0.00000 MCS (0) 0 (Qm 2) CCE fail 2
UE 275b: ulsch_rounds 1421/0/0/0, ulsch_errors 0, ulsch_DTX 0, BLER 0.00000 MCS (0) 0 (Qm 2 deltaMCS 0) NPRB 5 SNR 16.6 (+1.6) RSSI -41.3 CCE fail 23
UE 275b: LCID 1,2,4, goodput DL    0.00 UL    0.00 Mbps

[0m[NR_MAC] Frame.Slot 128.0
UE RNTI 275b CU-UE-ID 1 in-sync PH 45 dB PCMAX 20 dBm, average SINR 40.0 (32 meas)
UE 275b: dlsch_rounds 252/0/0/0, dlsch_errors 0, pucch0_DTX 0 (SNR 20.8+0.8) RSSI -125.7, BLER 0.00000 MCS (0) 0 (Qm 2) CCE fail 3
UE 275b: ulsch_rounds 1437/0/0/0, ulsch_errors 0, ulsch_DTX 0, BLER 0.00000 MCS (0) 0 (Qm 2 deltaMCS 0) NPRB 5 SNR 16.5 (+1.5) RSSI -41.2 CCE fail 23
UE 275b: LCID 1,2,4, goodput DL    0.00 UL    0.00 Mbps

[0m[NR_MAC] Frame.Slot 256.0
UE RNTI 275b CU-UE-ID 1 in-sync PH 45 dB PCMAX 20 dBm, average SINR 40.0 (32 meas)
UE 275b: dlsch_rounds 255/0/0/0, dlsch_errors 0, pucch0_DTX 0 (SNR 20.8+0.8) RSSI -125.7, BLER 0.00000 MCS (0) 0 (Qm 2) CCE fail 3
UE 275b: ulsch_rounds 1451/0/0/0, ulsch_errors 0, ulsch_DTX 0, BLER 0.00000 MCS (0) 0 (Qm 2 deltaMCS 0) NPRB 5 SNR 16.5 (+1.5) RSSI -41.2 CCE fail 23
UE 275b: LCID 1,2,4, goodput DL    0.00 UL    0.00 Mbps

[0m[NR_MAC] Frame.Slot 384.0
UE RNTI 275b CU-UE-ID 1 in-sync PH 45 dB PCMAX 20 dBm, average SINR 40.0 (32 meas)
UE 275b: dlsch_rounds 257/0/0/0, dlsch_errors 0, pucch0_DTX 0 (SNR 20.8+0.8) RSSI -125.7, BLER 0.00000 MCS (0) 0 (Qm 2) CCE fail 3
UE 275b: ulsch_rounds 1465/0/0/0, ulsch_errors 0, ulsch_DTX 0, BLER 0.00000 MCS (0) 0 (Qm 2 deltaMCS 0) NPRB 5 SNR 17.0 (+2.0) RSSI -41.2 CCE fail 23
UE 275b: LCID 1,2,4, goodput DL    0.00 UL    0.00 Mbps

[0m[NR_MAC] Frame.Slot 512.0
UE RNTI 275b CU-UE-ID 1 in-sync PH 45 dB PCMAX 20 dBm, average SINR 40.0 (32 meas)
UE 275b: dlsch_rounds 259/0/0/0, dlsch_errors 0, pucch0_DTX 0 (SNR 20.8+0.8) RSSI -125.7, BLER 0.00000 MCS (0) 0 (Qm 2) CCE fail 3
UE 275b: ulsch_rounds 1480/0/0/0, ulsch_errors 0, ulsch_DTX 0, BLER 0.00000 MCS (0) 0 (Qm 2 deltaMCS 0) NPRB 5 SNR 17.8 (+2.8) RSSI -41.3 CCE fail 23
UE 275b: LCID 1,2,4, goodput DL    0.00 UL    0.00 Mbps

[0m[NR_MAC] Frame.Slot 640.0
UE RNTI 275b CU-UE-ID 1 in-sync PH 45 dB PCMAX 20 dBm, average SINR 40.0 (32 meas)
UE 275b: dlsch_rounds 262/0/0/0, dlsch_errors 0, pucch0_DTX 0 (SNR 20.8+0.8) RSSI -125.7, BLER 0.00000 MCS (0) 0 (Qm 2) CCE fail 3
UE 275b: ulsch_rounds 1497/0/0/0, ulsch_errors 0, ulsch_DTX 0, BLER 0.00000 MCS (0) 0 (Qm 2 deltaMCS 0) NPRB 5 SNR 16.4 (+1.4) RSSI -41.2 CCE fail 23
UE 275b: LCID 1,2,4, goodput DL    0.00 UL    0.00 Mbps

[0m[NR_MAC] Frame.Slot 768.0
UE RNTI 275b CU-UE-ID 1 in-sync PH 45 dB PCMAX 20 dBm, average SINR 40.0 (32 meas)
UE 275b: dlsch_rounds 265/0/0/0, dlsch_errors 0, pucch0_DTX 0 (SNR 20.8+0.8) RSSI -125.7, BLER 0.00000 MCS (0) 0 (Qm 2) CCE fail 3
UE 275b: ulsch_rounds 1511/0/0/0, ulsch_errors 0, ulsch_DTX 0, BLER 0.00000 MCS (0) 0 (Qm 2 deltaMCS 0) NPRB 5 SNR 16.2 (+1.2) RSSI -41.2 CCE fail 24
UE 275b: LCID 1,2,4, goodput DL    0.00 UL    0.00 Mbps

[0m[NR_MAC] Frame.Slot 896.0
UE RNTI 275b CU-UE-ID 1 in-sync PH 45 dB PCMAX 20 dBm, average SINR 40.0 (32 meas)
UE 275b: dlsch_rounds 267/0/0/0, dlsch_errors 0, pucch0_DTX 0 (SNR 20.8+0.8) RSSI -125.7, BLER 0.00000 MCS (0) 0 (Qm 2) CCE fail 3
UE 275b: ulsch_rounds 1525/0/0/0, ulsch_errors 0, ulsch_DTX 0, BLER 0.00000 MCS (0) 0 (Qm 2 deltaMCS 0) NPRB 5 SNR 18.1 (+3.1) RSSI -41.2 CCE fail 24
UE 275b: LCID 1,2,4, goodput DL    0.00 UL    0.00 Mbps

[0m[NR_MAC] Frame.Slot 0.0
UE RNTI 275b CU-UE-ID 1 in-sync PH 45 dB PCMAX 20 dBm, average SINR 40.0 (32 meas)
UE 275b: dlsch_rounds 269/0/0/0, dlsch_errors 0, pucch0_DTX 0 (SNR 20.8+0.8) RSSI -125.7, BLER 0.00000 MCS (0) 0 (Qm 2) CCE fail 3
UE 275b: ulsch_rounds 1540/0/0/0, ulsch_errors 0, ulsch_DTX 0, BLER 0.00000 MCS (0) 0 (Qm 2 deltaMCS 0) NPRB 5 SNR 17.7 (+2.7) RSSI -41.2 CCE fail 24
UE 275b: LCID 1,2,4, goodput DL    0.00 UL    0.00 Mbps

[0m[NR_MAC] Frame.Slot 128.0
UE RNTI 275b CU-UE-ID 1 in-sync PH 45 dB PCMAX 20 dBm, average SINR 40.0 (32 meas)
UE 275b: dlsch_rounds 272/0/0/0, dlsch_errors 0, pucch0_DTX 0 (SNR 20.8+0.8) RSSI -125.7, BLER 0.00000 MCS (0) 0 (Qm 2) CCE fail 3
UE 275b: ulsch_rounds 1555/0/0/0, ulsch_errors 0, ulsch_DTX 0, BLER 0.00000 MCS (0) 0 (Qm 2 deltaMCS 0) NPRB 5 SNR 16.6 (+1.6) RSSI -41.3 CCE fail 24
UE 275b: LCID 1,2,4, goodput DL    0.00 UL    0.00 Mbps

[0m[NR_MAC] Frame.Slot 256.0
UE RNTI 275b CU-UE-ID 1 in-sync PH 45 dB PCMAX 20 dBm, average SINR 40.0 (32 meas)
UE 275b: dlsch_rounds 275/0/0/0, dlsch_errors 0, pucch0_DTX 0 (SNR 20.8+0.8) RSSI -125.7, BLER 0.00000 MCS (0) 0 (Qm 2) CCE fail 3
UE 275b: ulsch_rounds 1570/0/0/0, ulsch_errors 0, ulsch_DTX 0, BLER 0.00000 MCS (0) 0 (Qm 2 deltaMCS 0) NPRB 5 SNR 16.7 (+1.7) RSSI -41.2 CCE fail 24
UE 275b: LCID 1,2,4, goodput DL    0.00 UL    0.00 Mbps

[0m[NR_MAC] Frame.Slot 384.0
UE RNTI 275b CU-UE-ID 1 in-sync PH 45 dB PCMAX 20 dBm, average SINR 40.0 (32 meas)
UE 275b: dlsch_rounds 277/0/0/0, dlsch_errors 0, pucch0_DTX 0 (SNR 20.8+0.8) RSSI -125.7, BLER 0.00000 MCS (0) 0 (Qm 2) CCE fail 3
UE 275b: ulsch_rounds 1585/0/0/0, ulsch_errors 0, ulsch_DTX 0, BLER 0.00000 MCS (0) 0 (Qm 2 deltaMCS 0) NPRB 5 SNR 18.1 (+3.1) RSSI -41.2 CCE fail 24
UE 275b: LCID 1,2,4, goodput DL    0.00 UL    0.00 Mbps

[0m[NR_MAC] Frame.Slot 512.0
UE RNTI 275b CU-UE-ID 1 in-sync PH 45 dB PCMAX 20 dBm, average SINR 40.0 (32 meas)
UE 275b: dlsch_rounds 279/0/0/0, dlsch_errors 0, pucch0_DTX 0 (SNR 20.8+0.8) RSSI -125.7, BLER 0.00000 MCS (0) 0 (Qm 2) CCE fail 3
UE 275b: ulsch_rounds 1599/0/0/0, ulsch_errors 0, ulsch_DTX 0, BLER 0.00000 MCS (0) 0 (Qm 2 deltaMCS 0) NPRB 5 SNR 17.8 (+2.8) RSSI -41.3 CCE fail 24
UE 275b: LCID 1,2,4, goodput DL    0.00 UL    0.00 Mbps

[0m[NR_MAC] Frame.Slot 640.0
UE RNTI 275b CU-UE-ID 1 in-sync PH 45 dB PCMAX 20 dBm, average SINR 40.0 (32 meas)
UE 275b: dlsch_rounds 282/0/0/0, dlsch_errors 0, pucch0_DTX 0 (SNR 20.8+0.8) RSSI -125.7, BLER 0.00000 MCS (0) 0 (Qm 2) CCE fail 3
UE 275b: ulsch_rounds 1616/0/0/0, ulsch_errors 0, ulsch_DTX 0, BLER 0.00000 MCS (0) 0 (Qm 2 deltaMCS 0) NPRB 5 SNR 16.5 (+1.5) RSSI -41.3 CCE fail 24
UE 275b: LCID 1,2,4, goodput DL    0.00 UL    0.00 Mbps

[0m[NR_MAC] Frame.Slot 768.0
UE RNTI 275b CU-UE-ID 1 in-sync PH 45 dB PCMAX 20 dBm, average SINR 40.0 (32 meas)
UE 275b: dlsch_rounds 285/0/0/0, dlsch_errors 0, pucch0_DTX 0 (SNR 20.8+0.8) RSSI -125.7, BLER 0.00000 MCS (0) 0 (Qm 2) CCE fail 3
UE 275b: ulsch_rounds 1631/0/0/0, ulsch_errors 0, ulsch_DTX 0, BLER 0.00000 MCS (0) 0 (Qm 2 deltaMCS 0) NPRB 5 SNR 16.1 (+1.1) RSSI -41.2 CCE fail 24
UE 275b: LCID 1,2,4, goodput DL    0.00 UL    0.00 Mbps

[0m[NR_MAC] Frame.Slot 896.0
UE RNTI 275b CU-UE-ID 1 in-sync PH 45 dB PCMAX 20 dBm, average SINR 40.0 (32 meas)
UE 275b: dlsch_rounds 287/0/0/0, dlsch_errors 0, pucch0_DTX 0 (SNR 20.8+0.8) RSSI -125.7, BLER 0.00000 MCS (0) 0 (Qm 2) CCE fail 3
UE 275b: ulsch_rounds 1646/0/0/0, ulsch_errors 0, ulsch_DTX 0, BLER 0.00000 MCS (0) 0 (Qm 2 deltaMCS 0) NPRB 5 SNR 17.6 (+2.6) RSSI -41.4 CCE fail 24
UE 275b: LCID 1,2,4, goodput DL    0.00 UL    0.00 Mbps

[0m[NR_MAC] Frame.Slot 0.0
UE RNTI 275b CU-UE-ID 1 in-sync PH 45 dB PCMAX 20 dBm, average SINR 40.0 (32 meas)
UE 275b: dlsch_rounds 290/0/0/0, dlsch_errors 0, pucch0_DTX 0 (SNR 20.8+0.8) RSSI -125.7, BLER 0.00000 MCS (0) 0 (Qm 2) CCE fail 3
UE 275b: ulsch_rounds 1660/0/0/0, ulsch_errors 0, ulsch_DTX 0, BLER 0.00000 MCS (0) 0 (Qm 2 deltaMCS 0) NPRB 5 SNR 16.5 (+1.5) RSSI -41.4 CCE fail 24
UE 275b: LCID 1,2,4, goodput DL    0.00 UL    0.00 Mbps

[0m[NR_MAC] Frame.Slot 128.0
UE RNTI 275b CU-UE-ID 1 in-sync PH 45 dB PCMAX 20 dBm, average SINR 40.0 (32 meas)
UE 275b: dlsch_rounds 292/0/0/0, dlsch_errors 0, pucch0_DTX 0 (SNR 20.8+0.8) RSSI -125.7, BLER 0.00000 MCS (0) 0 (Qm 2) CCE fail 3
UE 275b: ulsch_rounds 1674/0/0/0, ulsch_errors 0, ulsch_DTX 0, BLER 0.00000 MCS (0) 0 (Qm 2 deltaMCS 0) NPRB 5 SNR 16.6 (+1.6) RSSI -41.4 CCE fail 24
UE 275b: LCID 1,2,4, goodput DL    0.00 UL    0.00 Mbps

[0m[NR_MAC] Frame.Slot 256.0
UE RNTI 275b CU-UE-ID 1 in-sync PH 45 dB PCMAX 20 dBm, average SINR 40.0 (32 meas)
UE 275b: dlsch_rounds 295/0/0/0, dlsch_errors 0, pucch0_DTX 0 (SNR 20.8+0.8) RSSI -125.7, BLER 0.00000 MCS (0) 0 (Qm 2) CCE fail 3
UE 275b: ulsch_rounds 1690/0/0/0, ulsch_errors 0, ulsch_DTX 0, BLER 0.00000 MCS (0) 0 (Qm 2 deltaMCS 0) NPRB 5 SNR 16.3 (+1.3) RSSI -41.3 CCE fail 24
UE 275b: LCID 1,2,4, goodput DL    0.00 UL    0.00 Mbps

[0m[NR_MAC] Frame.Slot 384.0
UE RNTI 275b CU-UE-ID 1 in-sync PH 45 dB PCMAX 20 dBm, average SINR 40.0 (32 meas)
UE 275b: dlsch_rounds 297/0/0/0, dlsch_errors 0, pucch0_DTX 0 (SNR 20.8+0.8) RSSI -125.7, BLER 0.00000 MCS (0) 0 (Qm 2) CCE fail 3
UE 275b: ulsch_rounds 1704/0/0/0, ulsch_errors 0, ulsch_DTX 0, BLER 0.00000 MCS (0) 0 (Qm 2 deltaMCS 0) NPRB 5 SNR 17.0 (+2.0) RSSI -41.4 CCE fail 24
UE 275b: LCID 1,2,4, goodput DL    0.00 UL    0.00 Mbps

[0m[NR_MAC] Frame.Slot 512.0
UE RNTI 275b CU-UE-ID 1 in-sync PH 45 dB PCMAX 20 dBm, average SINR 40.0 (32 meas)
UE 275b: dlsch_rounds 300/0/0/0, dlsch_errors 0, pucch0_DTX 0 (SNR 20.8+0.8) RSSI -125.7, BLER 0.00000 MCS (0) 0 (Qm 2) CCE fail 3
UE 275b: ulsch_rounds 1719/0/0/0, ulsch_errors 0, ulsch_DTX 0, BLER 0.00000 MCS (0) 0 (Qm 2 deltaMCS 0) NPRB 5 SNR 17.8 (+2.8) RSSI -41.4 CCE fail 24
UE 275b: LCID 1,2,4, goodput DL    0.00 UL    0.00 Mbps

[0m[NR_MAC] Frame.Slot 640.0
UE RNTI 275b CU-UE-ID 1 in-sync PH 45 dB PCMAX 20 dBm, average SINR 40.0 (32 meas)
UE 275b: dlsch_rounds 302/0/0/0, dlsch_errors 0, pucch0_DTX 0 (SNR 20.8+0.8) RSSI -125.7, BLER 0.00000 MCS (0) 0 (Qm 2) CCE fail 3
UE 275b: ulsch_rounds 1736/0/0/0, ulsch_errors 0, ulsch_DTX 0, BLER 0.00000 MCS (0) 0 (Qm 2 deltaMCS 0) NPRB 5 SNR 16.4 (+1.4) RSSI -41.4 CCE fail 24
UE 275b: LCID 1,2,4, goodput DL    0.00 UL    0.00 Mbps

[0m[NR_MAC] Frame.Slot 768.0
UE RNTI 275b CU-UE-ID 1 in-sync PH 45 dB PCMAX 20 dBm, average SINR 40.0 (32 meas)
UE 275b: dlsch_rounds 305/0/0/0, dlsch_errors 0, pucch0_DTX 0 (SNR 20.8+0.8) RSSI -125.7, BLER 0.00000 MCS (0) 0 (Qm 2) CCE fail 3
UE 275b: ulsch_rounds 1749/0/0/0, ulsch_errors 0, ulsch_DTX 0, BLER 0.00000 MCS (0) 0 (Qm 2 deltaMCS 0) NPRB 5 SNR 16.2 (+1.2) RSSI -41.3 CCE fail 24
UE 275b: LCID 1,2,4, goodput DL    0.00 UL    0.00 Mbps

[0m[NR_MAC] Frame.Slot 896.0
UE RNTI 275b CU-UE-ID 1 in-sync PH 45 dB PCMAX 20 dBm, average SINR 40.0 (32 meas)
UE 275b: dlsch_rounds 307/0/0/0, dlsch_errors 0, pucch0_DTX 0 (SNR 20.8+0.8) RSSI -125.7, BLER 0.00000 MCS (0) 0 (Qm 2) CCE fail 3
UE 275b: ulsch_rounds 1764/0/0/0, ulsch_errors 0, ulsch_DTX 0, BLER 0.00000 MCS (0) 0 (Qm 2 deltaMCS 0) NPRB 5 SNR 17.0 (+2.0) RSSI -41.3 CCE fail 24
UE 275b: LCID 1,2,4, goodput DL    0.00 UL    0.00 Mbps

[0m[NR_MAC] Frame.Slot 0.0
UE RNTI 275b CU-UE-ID 1 in-sync PH 45 dB PCMAX 20 dBm, average SINR 40.0 (32 meas)
UE 275b: dlsch_rounds 310/0/0/0, dlsch_errors 0, pucch0_DTX 0 (SNR 20.8+0.8) RSSI -125.7, BLER 0.00000 MCS (0) 0 (Qm 2) CCE fail 3
UE 275b: ulsch_rounds 1779/0/0/0, ulsch_errors 0, ulsch_DTX 0, BLER 0.00000 MCS (0) 0 (Qm 2 deltaMCS 0) NPRB 5 SNR 17.6 (+2.6) RSSI -41.3 CCE fail 24
UE 275b: LCID 1,2,4, goodput DL    0.00 UL    0.00 Mbps

[0m[NR_MAC] Frame.Slot 128.0
UE RNTI 275b CU-UE-ID 1 in-sync PH 45 dB PCMAX 20 dBm, average SINR 40.0 (32 meas)
UE 275b: dlsch_rounds 312/0/0/0, dlsch_errors 0, pucch0_DTX 0 (SNR 20.8+0.8) RSSI -125.7, BLER 0.00000 MCS (0) 0 (Qm 2) CCE fail 3
UE 275b: ulsch_rounds 1793/0/0/0, ulsch_errors 0, ulsch_DTX 0, BLER 0.00000 MCS (0) 0 (Qm 2 deltaMCS 0) NPRB 5 SNR 16.5 (+1.5) RSSI -41.3 CCE fail 24
UE 275b: LCID 1,2,4, goodput DL    0.00 UL    0.00 Mbps

[0m[NR_MAC] Frame.Slot 256.0
UE RNTI 275b CU-UE-ID 1 in-sync PH 45 dB PCMAX 20 dBm, average SINR 40.0 (32 meas)
UE 275b: dlsch_rounds 315/0/0/0, dlsch_errors 0, pucch0_DTX 0 (SNR 20.8+0.8) RSSI -125.7, BLER 0.00000 MCS (0) 0 (Qm 2) CCE fail 3
UE 275b: ulsch_rounds 1809/0/0/0, ulsch_errors 0, ulsch_DTX 0, BLER 0.00000 MCS (0) 0 (Qm 2 deltaMCS 0) NPRB 5 SNR 16.4 (+1.4) RSSI -41.4 CCE fail 24
UE 275b: LCID 1,2,4, goodput DL    0.00 UL    0.00 Mbps

[0m[NR_MAC] Frame.Slot 384.0
UE RNTI 275b CU-UE-ID 1 in-sync PH 45 dB PCMAX 20 dBm, average SINR 40.0 (32 meas)
UE 275b: dlsch_rounds 318/0/0/0, dlsch_errors 0, pucch0_DTX 0 (SNR 20.8+0.8) RSSI -125.7, BLER 0.00000 MCS (0) 0 (Qm 2) CCE fail 3
UE 275b: ulsch_rounds 1823/0/0/0, ulsch_errors 0, ulsch_DTX 0, BLER 0.00000 MCS (0) 0 (Qm 2 deltaMCS 0) NPRB 5 SNR 16.4 (+1.4) RSSI -41.4 CCE fail 24
UE 275b: LCID 1,2,4, goodput DL    0.00 UL    0.00 Mbps

[0m[NR_MAC] Frame.Slot 512.0
UE RNTI 275b CU-UE-ID 1 in-sync PH 45 dB PCMAX 20 dBm, average SINR 40.0 (32 meas)
UE 275b: dlsch_rounds 320/0/0/0, dlsch_errors 0, pucch0_DTX 0 (SNR 20.8+0.8) RSSI -125.7, BLER 0.00000 MCS (0) 0 (Qm 2) CCE fail 3
UE 275b: ulsch_rounds 1838/0/0/0, ulsch_errors 0, ulsch_DTX 0, BLER 0.00000 MCS (0) 0 (Qm 2 deltaMCS 0) NPRB 5 SNR 17.7 (+2.7) RSSI -41.3 CCE fail 24
UE 275b: LCID 1,2,4, goodput DL    0.00 UL    0.00 Mbps

[0m[NR_MAC] Frame.Slot 640.0
UE RNTI 275b CU-UE-ID 1 in-sync PH 45 dB PCMAX 20 dBm, average SINR 40.0 (32 meas)
UE 275b: dlsch_rounds 322/0/0/0, dlsch_errors 0, pucch0_DTX 0 (SNR 20.8+0.8) RSSI -125.7, BLER 0.00000 MCS (0) 0 (Qm 2) CCE fail 3
UE 275b: ulsch_rounds 1852/0/0/0, ulsch_errors 0, ulsch_DTX 0, BLER 0.00000 MCS (0) 0 (Qm 2 deltaMCS 0) NPRB 5 SNR 16.6 (+1.6) RSSI -41.4 CCE fail 24
UE 275b: LCID 1,2,4, goodput DL    0.00 UL    0.00 Mbps

[0m[NR_MAC] Frame.Slot 768.0
UE RNTI 275b CU-UE-ID 1 in-sync PH 45 dB PCMAX 20 dBm, average SINR 40.0 (32 meas)
UE 275b: dlsch_rounds 325/0/0/0, dlsch_errors 0, pucch0_DTX 0 (SNR 20.8+0.8) RSSI -125.7, BLER 0.00000 MCS (0) 0 (Qm 2) CCE fail 3
UE 275b: ulsch_rounds 1869/0/0/0, ulsch_errors 0, ulsch_DTX 0, BLER 0.00000 MCS (0) 0 (Qm 2 deltaMCS 0) NPRB 5 SNR 16.3 (+1.3) RSSI -41.3 CCE fail 24
UE 275b: LCID 1,2,4, goodput DL    0.00 UL    0.00 Mbps

[0m[NR_MAC] Frame.Slot 896.0
UE RNTI 275b CU-UE-ID 1 in-sync PH 45 dB PCMAX 20 dBm, average SINR 40.0 (32 meas)
UE 275b: dlsch_rounds 328/0/0/0, dlsch_errors 0, pucch0_DTX 0 (SNR 20.8+0.8) RSSI -125.7, BLER 0.00000 MCS (0) 0 (Qm 2) CCE fail 3
UE 275b: ulsch_rounds 1884/0/0/0, ulsch_errors 0, ulsch_DTX 0, BLER 0.00000 MCS (0) 0 (Qm 2 deltaMCS 0) NPRB 5 SNR 16.0 (+1.0) RSSI -41.3 CCE fail 24
UE 275b: LCID 1,2,4, goodput DL    0.00 UL    0.00 Mbps

[0m[NR_MAC] Frame.Slot 0.0
UE RNTI 275b CU-UE-ID 1 in-sync PH 45 dB PCMAX 20 dBm, average SINR 40.0 (32 meas)
UE 275b: dlsch_rounds 330/0/0/0, dlsch_errors 0, pucch0_DTX 0 (SNR 20.8+0.8) RSSI -125.7, BLER 0.00000 MCS (0) 0 (Qm 2) CCE fail 3
UE 275b: ulsch_rounds 1897/0/0/0, ulsch_errors 0, ulsch_DTX 0, BLER 0.00000 MCS (0) 0 (Qm 2 deltaMCS 0) NPRB 5 SNR 16.8 (+1.8) RSSI -41.3 CCE fail 25
UE 275b: LCID 1,2,4, goodput DL    0.00 UL    0.00 Mbps

[0m[NR_MAC] Frame.Slot 128.0
UE RNTI 275b CU-UE-ID 1 in-sync PH 45 dB PCMAX 20 dBm, average SINR 40.0 (32 meas)
UE 275b: dlsch_rounds 332/0/0/0, dlsch_errors 0, pucch0_DTX 0 (SNR 20.8+0.8) RSSI -125.7, BLER 0.00000 MCS (0) 0 (Qm 2) CCE fail 3
UE 275b: ulsch_rounds 1911/0/0/0, ulsch_errors 0, ulsch_DTX 0, BLER 0.00000 MCS (0) 0 (Qm 2 deltaMCS 0) NPRB 5 SNR 16.8 (+1.8) RSSI -41.4 CCE fail 25
UE 275b: LCID 1,2,4, goodput DL    0.00 UL    0.00 Mbps

[0m[NR_MAC] Frame.Slot 256.0
UE RNTI 275b CU-UE-ID 1 in-sync PH 45 dB PCMAX 20 dBm, average SINR 40.0 (32 meas)
UE 275b: dlsch_rounds 336/0/0/0, dlsch_errors 0, pucch0_DTX 0 (SNR 20.8+0.8) RSSI -125.7, BLER 0.00000 MCS (0) 0 (Qm 2) CCE fail 3
UE 275b: ulsch_rounds 1928/0/0/0, ulsch_errors 0, ulsch_DTX 0, BLER 0.00000 MCS (0) 1 (Qm 2 deltaMCS 0) NPRB 5 SNR 16.4 (+1.4) RSSI -41.2 CCE fail 26
UE 275b: LCID 1,2,4, goodput DL    0.00 UL    0.00 Mbps

[0m[NR_MAC] Frame.Slot 384.0
UE RNTI 275b CU-UE-ID 1 in-sync PH 45 dB PCMAX 20 dBm, average SINR 40.0 (32 meas)
UE 275b: dlsch_rounds 338/0/0/0, dlsch_errors 0, pucch0_DTX 0 (SNR 20.8+0.8) RSSI -125.7, BLER 0.00000 MCS (0) 0 (Qm 2) CCE fail 3
UE 275b: ulsch_rounds 1942/0/0/0, ulsch_errors 0, ulsch_DTX 0, BLER 0.00000 MCS (0) 0 (Qm 2 deltaMCS 0) NPRB 5 SNR 16.3 (+1.3) RSSI -41.3 CCE fail 26
UE 275b: LCID 1,2,4, goodput DL    0.00 UL    0.00 Mbps

[0m[NR_MAC] Frame.Slot 512.0
UE RNTI 275b CU-UE-ID 1 in-sync PH 45 dB PCMAX 20 dBm, average SINR 40.0 (32 meas)
UE 275b: dlsch_rounds 340/0/0/0, dlsch_errors 0, pucch0_DTX 0 (SNR 20.8+0.8) RSSI -125.7, BLER 0.00000 MCS (0) 0 (Qm 2) CCE fail 3
UE 275b: ulsch_rounds 1957/0/0/0, ulsch_errors 0, ulsch_DTX 0, BLER 0.00000 MCS (0) 0 (Qm 2 deltaMCS 0) NPRB 5 SNR 17.9 (+2.9) RSSI -41.3 CCE fail 26
UE 275b: LCID 1,2,4, goodput DL    0.00 UL    0.00 Mbps

[0m[NR_MAC] Frame.Slot 640.0
UE RNTI 275b CU-UE-ID 1 in-sync PH 45 dB PCMAX 20 dBm, average SINR 40.0 (32 meas)
UE 275b: dlsch_rounds 342/0/0/0, dlsch_errors 0, pucch0_DTX 0 (SNR 20.8+0.8) RSSI -125.7, BLER 0.00000 MCS (0) 0 (Qm 2) CCE fail 3
UE 275b: ulsch_rounds 1971/0/0/0, ulsch_errors 0, ulsch_DTX 0, BLER 0.00000 MCS (0) 0 (Qm 2 deltaMCS 0) NPRB 5 SNR 17.7 (+2.7) RSSI -41.4 CCE fail 26
UE 275b: LCID 1,2,4, goodput DL    0.00 UL    0.00 Mbps

[0m[NR_MAC] Frame.Slot 768.0
UE RNTI 275b CU-UE-ID 1 in-sync PH 45 dB PCMAX 20 dBm, average SINR 40.0 (32 meas)
UE 275b: dlsch_rounds 345/0/0/0, dlsch_errors 0, pucch0_DTX 0 (SNR 20.8+0.8) RSSI -125.7, BLER 0.00000 MCS (0) 0 (Qm 2) CCE fail 3
UE 275b: ulsch_rounds 1987/0/0/0, ulsch_errors 0, ulsch_DTX 0, BLER 0.00000 MCS (0) 0 (Qm 2 deltaMCS 0) NPRB 5 SNR 16.3 (+1.3) RSSI -41.3 CCE fail 26
UE 275b: LCID 1,2,4, goodput DL    0.00 UL    0.00 Mbps

[0m[NR_MAC] Frame.Slot 896.0
UE RNTI 275b CU-UE-ID 1 in-sync PH 45 dB PCMAX 20 dBm, average SINR 40.0 (32 meas)
UE 275b: dlsch_rounds 348/0/0/0, dlsch_errors 0, pucch0_DTX 0 (SNR 20.8+0.8) RSSI -125.7, BLER 0.00000 MCS (0) 0 (Qm 2) CCE fail 3
UE 275b: ulsch_rounds 2002/0/0/0, ulsch_errors 0, ulsch_DTX 0, BLER 0.00000 MCS (0) 0 (Qm 2 deltaMCS 0) NPRB 5 SNR 16.3 (+1.3) RSSI -41.3 CCE fail 26
UE 275b: LCID 1,2,4, goodput DL    0.00 UL    0.00 Mbps

[0m[NR_MAC] Frame.Slot 0.0
UE RNTI 275b CU-UE-ID 1 in-sync PH 45 dB PCMAX 20 dBm, average SINR 40.0 (32 meas)
UE 275b: dlsch_rounds 350/0/0/0, dlsch_errors 0, pucch0_DTX 0 (SNR 20.8+0.8) RSSI -125.7, BLER 0.00000 MCS (0) 0 (Qm 2) CCE fail 3
UE 275b: ulsch_rounds 2017/0/0/0, ulsch_errors 0, ulsch_DTX 0, BLER 0.00000 MCS (0) 0 (Qm 2 deltaMCS 0) NPRB 5 SNR 17.7 (+2.7) RSSI -41.3 CCE fail 27
UE 275b: LCID 1,2,4, goodput DL    0.00 UL    0.00 Mbps

[0m[NR_MAC] Frame.Slot 128.0
UE RNTI 275b CU-UE-ID 1 in-sync PH 45 dB PCMAX 20 dBm, average SINR 40.0 (32 meas)
UE 275b: dlsch_rounds 353/0/0/0, dlsch_errors 0, pucch0_DTX 0 (SNR 20.8+0.8) RSSI -125.7, BLER 0.00000 MCS (0) 0 (Qm 2) CCE fail 3
UE 275b: ulsch_rounds 2031/0/0/0, ulsch_errors 0, ulsch_DTX 0, BLER 0.00000 MCS (0) 0 (Qm 2 deltaMCS 0) NPRB 5 SNR 16.6 (+1.6) RSSI -41.3 CCE fail 27
UE 275b: LCID 1,2,4, goodput DL    0.00 UL    0.00 Mbps

[0m[NR_MAC] Frame.Slot 256.0
UE RNTI 275b CU-UE-ID 1 in-sync PH 45 dB PCMAX 20 dBm, average SINR 40.0 (32 meas)
UE 275b: dlsch_rounds 355/0/0/0, dlsch_errors 0, pucch0_DTX 0 (SNR 20.8+0.8) RSSI -125.7, BLER 0.00000 MCS (0) 0 (Qm 2) CCE fail 3
UE 275b: ulsch_rounds 2046/0/0/0, ulsch_errors 0, ulsch_DTX 0, BLER 0.00000 MCS (0) 0 (Qm 2 deltaMCS 0) NPRB 5 SNR 16.7 (+1.7) RSSI -41.2 CCE fail 27
UE 275b: LCID 1,2,4, goodput DL    0.00 UL    0.00 Mbps

[0m[NR_MAC] Frame.Slot 384.0
UE RNTI 275b CU-UE-ID 1 in-sync PH 45 dB PCMAX 20 dBm, average SINR 40.0 (32 meas)
UE 275b: dlsch_rounds 358/0/0/0, dlsch_errors 0, pucch0_DTX 0 (SNR 20.8+0.8) RSSI -125.7, BLER 0.00000 MCS (0) 0 (Qm 2) CCE fail 4
UE 275b: ulsch_rounds 2061/0/0/0, ulsch_errors 0, ulsch_DTX 0, BLER 0.00000 MCS (0) 0 (Qm 2 deltaMCS 0) NPRB 5 SNR 16.5 (+1.5) RSSI -41.2 CCE fail 28
UE 275b: LCID 1,2,4, goodput DL    0.00 UL    0.00 Mbps

[0m[NR_MAC] Frame.Slot 512.0
UE RNTI 275b CU-UE-ID 1 in-sync PH 45 dB PCMAX 20 dBm, average SINR 40.0 (32 meas)
UE 275b: dlsch_rounds 360/0/0/0, dlsch_errors 0, pucch0_DTX 0 (SNR 20.8+0.8) RSSI -125.7, BLER 0.00000 MCS (0) 0 (Qm 2) CCE fail 4
UE 275b: ulsch_rounds 2076/0/0/0, ulsch_errors 0, ulsch_DTX 0, BLER 0.00000 MCS (0) 0 (Qm 2 deltaMCS 0) NPRB 5 SNR 17.9 (+2.9) RSSI -41.2 CCE fail 28
UE 275b: LCID 1,2,4, goodput DL    0.00 UL    0.00 Mbps

[0m[NR_MAC] Frame.Slot 640.0
UE RNTI 275b CU-UE-ID 1 in-sync PH 45 dB PCMAX 20 dBm, average SINR 40.0 (32 meas)
UE 275b: dlsch_rounds 363/0/0/0, dlsch_errors 0, pucch0_DTX 0 (SNR 20.8+0.8) RSSI -125.7, BLER 0.00000 MCS (0) 0 (Qm 2) CCE fail 4
UE 275b: ulsch_rounds 2090/0/0/0, ulsch_errors 0, ulsch_DTX 0, BLER 0.00000 MCS (0) 0 (Qm 2 deltaMCS 0) NPRB 5 SNR 16.8 (+1.8) RSSI -41.2 CCE fail 28
UE 275b: LCID 1,2,4, goodput DL    0.00 UL    0.00 Mbps

[0m[NR_MAC] Frame.Slot 768.0
UE RNTI 275b CU-UE-ID 1 in-sync PH 45 dB PCMAX 20 dBm, average SINR 40.0 (32 meas)
UE 275b: dlsch_rounds 365/0/0/0, dlsch_errors 0, pucch0_DTX 0 (SNR 20.8+0.8) RSSI -125.7, BLER 0.00000 MCS (0) 0 (Qm 2) CCE fail 4
UE 275b: ulsch_rounds 2107/0/0/0, ulsch_errors 0, ulsch_DTX 0, BLER 0.00000 MCS (0) 0 (Qm 2 deltaMCS 0) NPRB 5 SNR 16.4 (+1.4) RSSI -41.3 CCE fail 28
UE 275b: LCID 1,2,4, goodput DL    0.00 UL    0.00 Mbps

[0m[NR_MAC] Frame.Slot 896.0
UE RNTI 275b CU-UE-ID 1 in-sync PH 45 dB PCMAX 20 dBm, average SINR 40.0 (32 meas)
UE 275b: dlsch_rounds 368/0/0/0, dlsch_errors 0, pucch0_DTX 0 (SNR 20.8+0.8) RSSI -125.7, BLER 0.00000 MCS (0) 0 (Qm 2) CCE fail 4
UE 275b: ulsch_rounds 2121/0/0/0, ulsch_errors 0, ulsch_DTX 0, BLER 0.00000 MCS (0) 0 (Qm 2 deltaMCS 0) NPRB 5 SNR 16.3 (+1.3) RSSI -41.2 CCE fail 28
UE 275b: LCID 1,2,4, goodput DL    0.00 UL    0.00 Mbps

[0m[NR_MAC] Frame.Slot 0.0
UE RNTI 275b CU-UE-ID 1 in-sync PH 45 dB PCMAX 20 dBm, average SINR 40.0 (32 meas)
UE 275b: dlsch_rounds 370/0/0/0, dlsch_errors 0, pucch0_DTX 0 (SNR 20.8+0.8) RSSI -125.7, BLER 0.00000 MCS (0) 0 (Qm 2) CCE fail 4
UE 275b: ulsch_rounds 2135/0/0/0, ulsch_errors 0, ulsch_DTX 0, BLER 0.00000 MCS (0) 0 (Qm 2 deltaMCS 0) NPRB 5 SNR 16.9 (+1.9) RSSI -41.2 CCE fail 28
UE 275b: LCID 1,2,4, goodput DL    0.00 UL    0.00 Mbps

[0m[NR_MAC] Frame.Slot 128.0
UE RNTI 275b CU-UE-ID 1 in-sync PH 45 dB PCMAX 20 dBm, average SINR 40.0 (32 meas)
UE 275b: dlsch_rounds 373/0/0/0, dlsch_errors 0, pucch0_DTX 0 (SNR 20.8+0.8) RSSI -125.7, BLER 0.00000 MCS (0) 0 (Qm 2) CCE fail 4
UE 275b: ulsch_rounds 2149/0/0/0, ulsch_errors 0, ulsch_DTX 0, BLER 0.00000 MCS (0) 0 (Qm 2 deltaMCS 0) NPRB 5 SNR 16.9 (+1.9) RSSI -41.3 CCE fail 28
UE 275b: LCID 1,2,4, goodput DL    0.00 UL    0.00 Mbps

[0m[NR_MAC] Frame.Slot 256.0
UE RNTI 275b CU-UE-ID 1 in-sync PH 45 dB PCMAX 20 dBm, average SINR 40.0 (32 meas)
UE 275b: dlsch_rounds 375/0/0/0, dlsch_errors 0, pucch0_DTX 0 (SNR 20.8+0.8) RSSI -125.7, BLER 0.00000 MCS (0) 0 (Qm 2) CCE fail 4
UE 275b: ulsch_rounds 2166/0/0/0, ulsch_errors 0, ulsch_DTX 0, BLER 0.00000 MCS (0) 0 (Qm 2 deltaMCS 0) NPRB 5 SNR 16.6 (+1.6) RSSI -41.3 CCE fail 28
UE 275b: LCID 1,2,4, goodput DL    0.00 UL    0.00 Mbps

[0m[NR_MAC] Frame.Slot 384.0
UE RNTI 275b CU-UE-ID 1 in-sync PH 45 dB PCMAX 20 dBm, average SINR 40.0 (32 meas)
UE 275b: dlsch_rounds 378/0/0/0, dlsch_errors 0, pucch0_DTX 0 (SNR 20.8+0.8) RSSI -125.7, BLER 0.00000 MCS (0) 0 (Qm 2) CCE fail 4
UE 275b: ulsch_rounds 2180/0/0/0, ulsch_errors 0, ulsch_DTX 0, BLER 0.00000 MCS (0) 0 (Qm 2 deltaMCS 0) NPRB 5 SNR 16.4 (+1.4) RSSI -41.2 CCE fail 28
UE 275b: LCID 1,2,4, goodput DL    0.00 UL    0.00 Mbps

[0m[NR_MAC] Frame.Slot 512.0
UE RNTI 275b CU-UE-ID 1 in-sync PH 45 dB PCMAX 20 dBm, average SINR 40.0 (32 meas)
UE 275b: dlsch_rounds 381/0/0/0, dlsch_errors 0, pucch0_DTX 0 (SNR 20.8+0.8) RSSI -125.7, BLER 0.00000 MCS (0) 0 (Qm 2) CCE fail 4
UE 275b: ulsch_rounds 2194/0/0/0, ulsch_errors 0, ulsch_DTX 0, BLER 0.00000 MCS (0) 0 (Qm 2 deltaMCS 0) NPRB 5 SNR 17.4 (+2.4) RSSI -41.3 CCE fail 28
UE 275b: LCID 1,2,4, goodput DL    0.00 UL    0.00 Mbps

[0m[NR_MAC] Frame.Slot 640.0
UE RNTI 275b CU-UE-ID 1 in-sync PH 45 dB PCMAX 20 dBm, average SINR 40.0 (32 meas)
UE 275b: dlsch_rounds 383/0/0/0, dlsch_errors 0, pucch0_DTX 0 (SNR 20.8+0.8) RSSI -125.7, BLER 0.00000 MCS (0) 0 (Qm 2) CCE fail 4
UE 275b: ulsch_rounds 2209/0/0/0, ulsch_errors 0, ulsch_DTX 0, BLER 0.00000 MCS (0) 0 (Qm 2 deltaMCS 0) NPRB 5 SNR 17.9 (+2.9) RSSI -41.4 CCE fail 28
UE 275b: LCID 1,2,4, goodput DL    0.00 UL    0.00 Mbps

[0m[NR_MAC] Frame.Slot 768.0
UE RNTI 275b CU-UE-ID 1 in-sync PH 45 dB PCMAX 20 dBm, average SINR 40.0 (32 meas)
UE 275b: dlsch_rounds 385/0/0/0, dlsch_errors 0, pucch0_DTX 0 (SNR 20.8+0.8) RSSI -125.7, BLER 0.00000 MCS (0) 0 (Qm 2) CCE fail 4
UE 275b: ulsch_rounds 2224/0/0/0, ulsch_errors 0, ulsch_DTX 0, BLER 0.00000 MCS (0) 0 (Qm 2 deltaMCS 0) NPRB 5 SNR 17.5 (+2.5) RSSI -41.4 CCE fail 28
UE 275b: LCID 1,2,4, goodput DL    0.00 UL    0.00 Mbps

[0m[NR_MAC] Frame.Slot 896.0
UE RNTI 275b CU-UE-ID 1 in-sync PH 45 dB PCMAX 20 dBm, average SINR 40.0 (32 meas)
UE 275b: dlsch_rounds 388/0/0/0, dlsch_errors 0, pucch0_DTX 0 (SNR 20.8+0.8) RSSI -125.7, BLER 0.00000 MCS (0) 0 (Qm 2) CCE fail 4
UE 275b: ulsch_rounds 2240/0/0/0, ulsch_errors 0, ulsch_DTX 0, BLER 0.00000 MCS (0) 0 (Qm 2 deltaMCS 0) NPRB 5 SNR 16.4 (+1.4) RSSI -41.3 CCE fail 28
UE 275b: LCID 1,2,4, goodput DL    0.00 UL    0.00 Mbps

[0m[NR_MAC] Frame.Slot 0.0
UE RNTI 275b CU-UE-ID 1 in-sync PH 45 dB PCMAX 20 dBm, average SINR 40.0 (32 meas)
UE 275b: dlsch_rounds 391/0/0/0, dlsch_errors 0, pucch0_DTX 0 (SNR 20.8+0.8) RSSI -125.7, BLER 0.00000 MCS (0) 0 (Qm 2) CCE fail 4
UE 275b: ulsch_rounds 2255/0/0/0, ulsch_errors 0, ulsch_DTX 0, BLER 0.00000 MCS (0) 0 (Qm 2 deltaMCS 0) NPRB 5 SNR 17.9 (+2.9) RSSI -41.3 CCE fail 28
UE 275b: LCID 1,2,4, goodput DL    0.00 UL    0.00 Mbps

[0m[NR_MAC] Frame.Slot 128.0
UE RNTI 275b CU-UE-ID 1 in-sync PH 45 dB PCMAX 20 dBm, average SINR 40.0 (32 meas)
UE 275b: dlsch_rounds 393/0/0/0, dlsch_errors 0, pucch0_DTX 0 (SNR 20.8+0.8) RSSI -125.7, BLER 0.00000 MCS (0) 0 (Qm 2) CCE fail 4
UE 275b: ulsch_rounds 2268/0/0/0, ulsch_errors 0, ulsch_DTX 0, BLER 0.00000 MCS (0) 0 (Qm 2 deltaMCS 0) NPRB 5 SNR 16.9 (+1.9) RSSI -41.4 CCE fail 29
UE 275b: LCID 1,2,4, goodput DL    0.00 UL    0.00 Mbps

[0m[NR_MAC] Frame.Slot 256.0
UE RNTI 275b CU-UE-ID 1 in-sync PH 45 dB PCMAX 20 dBm, average SINR 40.0 (32 meas)
UE 275b: dlsch_rounds 395/0/0/0, dlsch_errors 0, pucch0_DTX 0 (SNR 20.8+0.8) RSSI -125.7, BLER 0.00000 MCS (0) 0 (Qm 2) CCE fail 4
UE 275b: ulsch_rounds 2283/0/0/0, ulsch_errors 0, ulsch_DTX 0, BLER 0.00000 MCS (0) 0 (Qm 2 deltaMCS 0) NPRB 5 SNR 16.9 (+1.9) RSSI -41.4 CCE fail 30
UE 275b: LCID 1,2,4, goodput DL    0.00 UL    0.00 Mbps

[0m[NR_MAC] Frame.Slot 384.0
UE RNTI 275b CU-UE-ID 1 in-sync PH 45 dB PCMAX 20 dBm, average SINR 40.0 (32 meas)
UE 275b: dlsch_rounds 399/0/0/0, dlsch_errors 0, pucch0_DTX 0 (SNR 20.8+0.8) RSSI -125.7, BLER 0.00000 MCS (0) 0 (Qm 2) CCE fail 4
UE 275b: ulsch_rounds 2299/0/0/0, ulsch_errors 0, ulsch_DTX 0, BLER 0.00000 MCS (0) 0 (Qm 2 deltaMCS 0) NPRB 5 SNR 16.7 (+1.7) RSSI -41.3 CCE fail 30
UE 275b: LCID 1,2,4, goodput DL    0.00 UL    0.00 Mbps

[0m[NR_MAC] Frame.Slot 512.0
UE RNTI 275b CU-UE-ID 1 in-sync PH 45 dB PCMAX 20 dBm, average SINR 40.0 (32 meas)
UE 275b: dlsch_rounds 401/0/0/0, dlsch_errors 0, pucch0_DTX 0 (SNR 20.8+0.8) RSSI -125.7, BLER 0.00000 MCS (0) 0 (Qm 2) CCE fail 4
UE 275b: ulsch_rounds 2314/0/0/0, ulsch_errors 0, ulsch_DTX 0, BLER 0.00000 MCS (0) 0 (Qm 2 deltaMCS 0) NPRB 5 SNR 17.2 (+2.2) RSSI -41.3 CCE fail 30
UE 275b: LCID 1,2,4, goodput DL    0.00 UL    0.00 Mbps

[0m[NR_MAC] Frame.Slot 640.0
UE RNTI 275b CU-UE-ID 1 in-sync PH 45 dB PCMAX 20 dBm, average SINR 40.0 (32 meas)
UE 275b: dlsch_rounds 402/0/0/0, dlsch_errors 0, pucch0_DTX 0 (SNR 20.8+0.8) RSSI -125.7, BLER 0.00000 MCS (0) 0 (Qm 2) CCE fail 4
UE 275b: ulsch_rounds 2330/0/0/0, ulsch_errors 0, ulsch_DTX 0, BLER 0.00000 MCS (0) 0 (Qm 2 deltaMCS 0) NPRB 5 SNR 16.9 (+1.9) RSSI -41.3 CCE fail 30
UE 275b: LCID 1,2,4, goodput DL    0.00 UL    0.00 Mbps

[0m[NR_MAC] Frame.Slot 768.0
UE RNTI 275b CU-UE-ID 1 in-sync PH 45 dB PCMAX 20 dBm, average SINR 40.0 (32 meas)
UE 275b: dlsch_rounds 405/0/0/0, dlsch_errors 0, pucch0_DTX 0 (SNR 20.8+0.8) RSSI -125.7, BLER 0.00000 MCS (0) 0 (Qm 2) CCE fail 4
UE 275b: ulsch_rounds 2346/0/0/0, ulsch_errors 0, ulsch_DTX 0, BLER 0.00000 MCS (0) 0 (Qm 2 deltaMCS 0) NPRB 5 SNR 20.6 (+5.6) RSSI -40.9 CCE fail 30
UE 275b: LCID 1,2,4, goodput DL    0.00 UL    0.00 Mbps

[0m[NR_MAC] Frame.Slot 896.0
UE RNTI 275b CU-UE-ID 1 in-sync PH 45 dB PCMAX 20 dBm, average SINR 40.0 (32 meas)
UE 275b: dlsch_rounds 409/0/0/0, dlsch_errors 0, pucch0_DTX 0 (SNR 20.8+0.8) RSSI -125.7, BLER 0.00000 MCS (0) 0 (Qm 2) CCE fail 4
UE 275b: ulsch_rounds 2363/0/0/0, ulsch_errors 0, ulsch_DTX 0, BLER 0.00000 MCS (0) 0 (Qm 2 deltaMCS 0) NPRB 5 SNR 16.3 (+1.3) RSSI -40.8 CCE fail 30
UE 275b: LCID 1,2,4, goodput DL    0.00 UL    0.00 Mbps

[0m[NR_MAC] Frame.Slot 0.0
UE RNTI 275b CU-UE-ID 1 in-sync PH 45 dB PCMAX 20 dBm, average SINR 40.0 (32 meas)
UE 275b: dlsch_rounds 411/0/0/0, dlsch_errors 0, pucch0_DTX 0 (SNR 20.8+0.8) RSSI -125.7, BLER 0.00000 MCS (0) 0 (Qm 2) CCE fail 4
UE 275b: ulsch_rounds 2377/0/0/0, ulsch_errors 0, ulsch_DTX 0, BLER 0.00000 MCS (0) 0 (Qm 2 deltaMCS 0) NPRB 5 SNR 17.0 (+2.0) RSSI -41.0 CCE fail 30
UE 275b: LCID 1,2,4, goodput DL    0.00 UL    0.00 Mbps

[0m[NR_MAC] Frame.Slot 128.0
UE RNTI 275b CU-UE-ID 1 in-sync PH 45 dB PCMAX 20 dBm, average SINR 40.0 (32 meas)
UE 275b: dlsch_rounds 413/0/0/0, dlsch_errors 0, pucch0_DTX 0 (SNR 20.8+0.8) RSSI -125.7, BLER 0.00000 MCS (0) 0 (Qm 2) CCE fail 4
UE 275b: ulsch_rounds 2392/0/0/0, ulsch_errors 0, ulsch_DTX 0, BLER 0.00000 MCS (0) 0 (Qm 2 deltaMCS 0) NPRB 5 SNR 17.6 (+2.6) RSSI -41.1 CCE fail 30
UE 275b: LCID 1,2,4, goodput DL    0.00 UL    0.00 Mbps

[0m[NR_MAC] Frame.Slot 256.0
UE RNTI 275b CU-UE-ID 1 in-sync PH 45 dB PCMAX 20 dBm, average SINR 40.0 (32 meas)
UE 275b: dlsch_rounds 416/0/0/0, dlsch_errors 0, pucch0_DTX 0 (SNR 20.8+0.8) RSSI -125.7, BLER 0.00000 MCS (0) 0 (Qm 2) CCE fail 4
UE 275b: ulsch_rounds 2407/0/0/0, ulsch_errors 0, ulsch_DTX 0, BLER 0.00000 MCS (0) 0 (Qm 2 deltaMCS 0) NPRB 5 SNR 17.2 (+2.2) RSSI -41.2 CCE fail 30
UE 275b: LCID 1,2,4, goodput DL    0.00 UL    0.00 Mbps

[0m[NR_MAC] Frame.Slot 384.0
UE RNTI 275b CU-UE-ID 1 in-sync PH 45 dB PCMAX 20 dBm, average SINR 40.0 (32 meas)
UE 275b: dlsch_rounds 419/0/0/0, dlsch_errors 0, pucch0_DTX 0 (SNR 20.8+0.8) RSSI -125.7, BLER 0.00000 MCS (0) 0 (Qm 2) CCE fail 4
UE 275b: ulsch_rounds 2423/0/0/0, ulsch_errors 0, ulsch_DTX 0, BLER 0.00000 MCS (0) 0 (Qm 2 deltaMCS 0) NPRB 5 SNR 16.9 (+1.9) RSSI -41.1 CCE fail 30
UE 275b: LCID 1,2,4, goodput DL    0.00 UL    0.00 Mbps

[0m[NR_MAC] Frame.Slot 512.0
UE RNTI 275b CU-UE-ID 1 in-sync PH 45 dB PCMAX 20 dBm, average SINR 40.0 (32 meas)
UE 275b: dlsch_rounds 421/0/0/0, dlsch_errors 0, pucch0_DTX 0 (SNR 20.8+0.8) RSSI -125.7, BLER 0.00000 MCS (0) 0 (Qm 2) CCE fail 4
UE 275b: ulsch_rounds 2437/0/0/0, ulsch_errors 0, ulsch_DTX 0, BLER 0.00000 MCS (0) 0 (Qm 2 deltaMCS 0) NPRB 5 SNR 16.1 (+1.1) RSSI -41.2 CCE fail 30
UE 275b: LCID 1,2,4, goodput DL    0.00 UL    0.00 Mbps

[0m[NR_MAC] Frame.Slot 640.0
UE RNTI 275b CU-UE-ID 1 in-sync PH 45 dB PCMAX 20 dBm, average SINR 40.0 (32 meas)
UE 275b: dlsch_rounds 423/0/0/0, dlsch_errors 0, pucch0_DTX 0 (SNR 20.8+0.8) RSSI -125.7, BLER 0.00000 MCS (0) 0 (Qm 2) CCE fail 4
UE 275b: ulsch_rounds 2452/0/0/0, ulsch_errors 0, ulsch_DTX 0, BLER 0.00000 MCS (0) 0 (Qm 2 deltaMCS 0) NPRB 5 SNR 17.4 (+2.4) RSSI -41.3 CCE fail 30
UE 275b: LCID 1,2,4, goodput DL    0.00 UL    0.00 Mbps

[0m[NR_MAC] Frame.Slot 768.0
UE RNTI 275b CU-UE-ID 1 in-sync PH 45 dB PCMAX 20 dBm, average SINR 40.0 (32 meas)
UE 275b: dlsch_rounds 426/0/0/0, dlsch_errors 0, pucch0_DTX 0 (SNR 20.8+0.8) RSSI -125.7, BLER 0.00000 MCS (0) 0 (Qm 2) CCE fail 4
UE 275b: ulsch_rounds 2466/0/0/0, ulsch_errors 0, ulsch_DTX 0, BLER 0.00000 MCS (0) 0 (Qm 2 deltaMCS 0) NPRB 5 SNR 16.4 (+1.4) RSSI -41.4 CCE fail 30
UE 275b: LCID 1,2,4, goodput DL    0.00 UL    0.00 Mbps

[0m[NR_MAC] Frame.Slot 896.0
UE RNTI 275b CU-UE-ID 1 in-sync PH 45 dB PCMAX 20 dBm, average SINR 40.0 (32 meas)
UE 275b: dlsch_rounds 429/0/0/0, dlsch_errors 0, pucch0_DTX 0 (SNR 20.8+0.8) RSSI -125.7, BLER 0.00000 MCS (0) 0 (Qm 2) CCE fail 4
UE 275b: ulsch_rounds 2482/0/0/0, ulsch_errors 0, ulsch_DTX 0, BLER 0.00000 MCS (0) 0 (Qm 2 deltaMCS 0) NPRB 5 SNR 16.4 (+1.4) RSSI -41.3 CCE fail 30
UE 275b: LCID 1,2,4, goodput DL    0.00 UL    0.00 Mbps

[0m[NR_MAC] Frame.Slot 0.0
UE RNTI 275b CU-UE-ID 1 in-sync PH 45 dB PCMAX 20 dBm, average SINR 40.0 (32 meas)
UE 275b: dlsch_rounds 431/0/0/0, dlsch_errors 0, pucch0_DTX 0 (SNR 20.8+0.8) RSSI -125.7, BLER 0.00000 MCS (0) 0 (Qm 2) CCE fail 4
UE 275b: ulsch_rounds 2497/0/0/0, ulsch_errors 0, ulsch_DTX 0, BLER 0.00000 MCS (0) 0 (Qm 2 deltaMCS 0) NPRB 5 SNR 16.1 (+1.1) RSSI -41.3 CCE fail 30
UE 275b: LCID 1,2,4, goodput DL    0.00 UL    0.00 Mbps

[0m[NR_MAC] Frame.Slot 128.0
UE RNTI 275b CU-UE-ID 1 in-sync PH 45 dB PCMAX 20 dBm, average SINR 40.0 (32 meas)
UE 275b: dlsch_rounds 433/0/0/0, dlsch_errors 0, pucch0_DTX 0 (SNR 20.8+0.8) RSSI -125.7, BLER 0.00000 MCS (0) 0 (Qm 2) CCE fail 4
UE 275b: ulsch_rounds 2510/0/0/0, ulsch_errors 0, ulsch_DTX 0, BLER 0.00000 MCS (0) 0 (Qm 2 deltaMCS 0) NPRB 5 SNR 16.9 (+1.9) RSSI -41.3 CCE fail 30
UE 275b: LCID 1,2,4, goodput DL    0.00 UL    0.00 Mbps

[0m[NR_MAC] Frame.Slot 256.0
UE RNTI 275b CU-UE-ID 1 in-sync PH 45 dB PCMAX 20 dBm, average SINR 40.0 (32 meas)
UE 275b: dlsch_rounds 436/0/0/0, dlsch_errors 0, pucch0_DTX 0 (SNR 20.8+0.8) RSSI -125.7, BLER 0.00000 MCS (0) 0 (Qm 2) CCE fail 4
UE 275b: ulsch_rounds 2524/0/0/0, ulsch_errors 0, ulsch_DTX 0, BLER 0.00000 MCS (0) 0 (Qm 2 deltaMCS 0) NPRB 5 SNR 16.9 (+1.9) RSSI -41.3 CCE fail 30
UE 275b: LCID 1,2,4, goodput DL    0.00 UL    0.00 Mbps

[0m[NR_MAC] Frame.Slot 384.0
UE RNTI 275b CU-UE-ID 1 in-sync PH 45 dB PCMAX 20 dBm, average SINR 40.0 (32 meas)
UE 275b: dlsch_rounds 438/0/0/0, dlsch_errors 0, pucch0_DTX 0 (SNR 20.8+0.8) RSSI -125.7, BLER 0.00000 MCS (0) 0 (Qm 2) CCE fail 4
UE 275b: ulsch_rounds 2541/0/0/0, ulsch_errors 0, ulsch_DTX 0, BLER 0.00000 MCS (0) 0 (Qm 2 deltaMCS 0) NPRB 5 SNR 16.7 (+1.7) RSSI -41.3 CCE fail 30
UE 275b: LCID 1,2,4, goodput DL    0.00 UL    0.00 Mbps

[0m[NR_MAC] Frame.Slot 512.0
UE RNTI 275b CU-UE-ID 1 in-sync PH 45 dB PCMAX 20 dBm, average SINR 40.0 (32 meas)
UE 275b: dlsch_rounds 441/0/0/0, dlsch_errors 0, pucch0_DTX 0 (SNR 20.8+0.8) RSSI -125.7, BLER 0.00000 MCS (0) 0 (Qm 2) CCE fail 4
UE 275b: ulsch_rounds 2556/0/0/0, ulsch_errors 0, ulsch_DTX 0, BLER 0.00000 MCS (0) 0 (Qm 2 deltaMCS 0) NPRB 5 SNR 16.5 (+1.5) RSSI -41.3 CCE fail 31
UE 275b: LCID 1,2,4, goodput DL    0.00 UL    0.00 Mbps

[0m[NR_MAC] Frame.Slot 640.0
UE RNTI 275b CU-UE-ID 1 in-sync PH 45 dB PCMAX 20 dBm, average SINR 40.0 (32 meas)
UE 275b: dlsch_rounds 444/0/0/0, dlsch_errors 0, pucch0_DTX 0 (SNR 20.8+0.8) RSSI -125.7, BLER 0.00000 MCS (0) 0 (Qm 2) CCE fail 4
UE 275b: ulsch_rounds 2570/0/0/0, ulsch_errors 0, ulsch_DTX 0, BLER 0.00000 MCS (0) 0 (Qm 2 deltaMCS 0) NPRB 5 SNR 17.0 (+2.0) RSSI -41.2 CCE fail 31
UE 275b: LCID 1,2,4, goodput DL    0.00 UL    0.00 Mbps

[0m[NR_MAC] Frame.Slot 768.0
UE RNTI 275b CU-UE-ID 1 in-sync PH 45 dB PCMAX 20 dBm, average SINR 40.0 (32 meas)
UE 275b: dlsch_rounds 446/0/0/0, dlsch_errors 0, pucch0_DTX 0 (SNR 20.8+0.8) RSSI -125.7, BLER 0.00000 MCS (0) 0 (Qm 2) CCE fail 4
UE 275b: ulsch_rounds 2583/0/0/0, ulsch_errors 0, ulsch_DTX 0, BLER 0.00000 MCS (0) 0 (Qm 2 deltaMCS 0) NPRB 5 SNR 17.1 (+2.1) RSSI -41.3 CCE fail 31
UE 275b: LCID 1,2,4, goodput DL    0.00 UL    0.00 Mbps

[0m[NR_MAC] Frame.Slot 896.0
UE RNTI 275b CU-UE-ID 1 in-sync PH 45 dB PCMAX 20 dBm, average SINR 40.0 (32 meas)
UE 275b: dlsch_rounds 448/0/0/0, dlsch_errors 0, pucch0_DTX 0 (SNR 20.8+0.8) RSSI -125.7, BLER 0.00000 MCS (0) 0 (Qm 2) CCE fail 4
UE 275b: ulsch_rounds 2600/0/0/0, ulsch_errors 0, ulsch_DTX 0, BLER 0.00000 MCS (0) 0 (Qm 2 deltaMCS 0) NPRB 5 SNR 16.9 (+1.9) RSSI -41.2 CCE fail 31
UE 275b: LCID 1,2,4, goodput DL    0.00 UL    0.00 Mbps

[0m[NR_MAC] Frame.Slot 0.0
UE RNTI 275b CU-UE-ID 1 in-sync PH 45 dB PCMAX 20 dBm, average SINR 40.0 (32 meas)
UE 275b: dlsch_rounds 451/0/0/0, dlsch_errors 0, pucch0_DTX 0 (SNR 20.8+0.8) RSSI -125.7, BLER 0.00000 MCS (0) 0 (Qm 2) CCE fail 4
UE 275b: ulsch_rounds 2614/0/0/0, ulsch_errors 0, ulsch_DTX 0, BLER 0.00000 MCS (0) 0 (Qm 2 deltaMCS 0) NPRB 5 SNR 16.6 (+1.6) RSSI -41.3 CCE fail 31
UE 275b: LCID 1,2,4, goodput DL    0.00 UL    0.00 Mbps

[0m[NR_MAC] Frame.Slot 128.0
UE RNTI 275b CU-UE-ID 1 in-sync PH 45 dB PCMAX 20 dBm, average SINR 40.0 (32 meas)
UE 275b: dlsch_rounds 454/0/0/0, dlsch_errors 0, pucch0_DTX 0 (SNR 20.8+0.8) RSSI -125.7, BLER 0.00000 MCS (0) 0 (Qm 2) CCE fail 4
UE 275b: ulsch_rounds 2629/0/0/0, ulsch_errors 0, ulsch_DTX 0, BLER 0.00000 MCS (0) 0 (Qm 2 deltaMCS 0) NPRB 5 SNR 18.3 (+3.3) RSSI -41.3 CCE fail 31
UE 275b: LCID 1,2,4, goodput DL    0.00 UL    0.00 Mbps

[0m[NR_MAC] Frame.Slot 256.0
UE RNTI 275b CU-UE-ID 1 in-sync PH 45 dB PCMAX 20 dBm, average SINR 40.0 (32 meas)
UE 275b: dlsch_rounds 456/0/0/0, dlsch_errors 0, pucch0_DTX 0 (SNR 20.8+0.8) RSSI -125.7, BLER 0.00000 MCS (0) 0 (Qm 2) CCE fail 4
UE 275b: ulsch_rounds 2644/0/0/0, ulsch_errors 0, ulsch_DTX 0, BLER 0.00000 MCS (0) 0 (Qm 2 deltaMCS 0) NPRB 5 SNR 17.9 (+2.9) RSSI -41.4 CCE fail 31
UE 275b: LCID 1,2,4, goodput DL    0.00 UL    0.00 Mbps

[0m[NR_MAC] Frame.Slot 384.0
UE RNTI 275b CU-UE-ID 1 in-sync PH 45 dB PCMAX 20 dBm, average SINR 40.0 (32 meas)
UE 275b: dlsch_rounds 458/0/0/0, dlsch_errors 0, pucch0_DTX 0 (SNR 20.8+0.8) RSSI -125.7, BLER 0.00000 MCS (0) 0 (Qm 2) CCE fail 4
UE 275b: ulsch_rounds 2658/0/0/0, ulsch_errors 0, ulsch_DTX 0, BLER 0.00000 MCS (0) 0 (Qm 2 deltaMCS 0) NPRB 5 SNR 16.8 (+1.8) RSSI -41.4 CCE fail 31
UE 275b: LCID 1,2,4, goodput DL    0.00 UL    0.00 Mbps

[0m[NR_MAC] Frame.Slot 512.0
UE RNTI 275b CU-UE-ID 1 in-sync PH 45 dB PCMAX 20 dBm, average SINR 40.0 (32 meas)
UE 275b: dlsch_rounds 462/0/0/0, dlsch_errors 0, pucch0_DTX 0 (SNR 20.8+0.8) RSSI -125.7, BLER 0.00000 MCS (0) 0 (Qm 2) CCE fail 4
UE 275b: ulsch_rounds 2674/0/0/0, ulsch_errors 0, ulsch_DTX 0, BLER 0.00000 MCS (0) 0 (Qm 2 deltaMCS 0) NPRB 5 SNR 16.9 (+1.9) RSSI -41.3 CCE fail 31
UE 275b: LCID 1,2,4, goodput DL    0.00 UL    0.00 Mbps

[0m[NR_MAC] Frame.Slot 640.0
UE RNTI 275b CU-UE-ID 1 in-sync PH 45 dB PCMAX 20 dBm, average SINR 40.0 (32 meas)
UE 275b: dlsch_rounds 464/0/0/0, dlsch_errors 0, pucch0_DTX 0 (SNR 20.8+0.8) RSSI -125.7, BLER 0.00000 MCS (0) 0 (Qm 2) CCE fail 4
UE 275b: ulsch_rounds 2689/0/0/0, ulsch_errors 0, ulsch_DTX 0, BLER 0.00000 MCS (0) 0 (Qm 2 deltaMCS 0) NPRB 5 SNR 18.3 (+3.3) RSSI -41.3 CCE fail 31
UE 275b: LCID 1,2,4, goodput DL    0.00 UL    0.00 Mbps

[0m[NR_MAC] Frame.Slot 768.0
UE RNTI 275b CU-UE-ID 1 in-sync PH 45 dB PCMAX 20 dBm, average SINR 40.0 (32 meas)
UE 275b: dlsch_rounds 466/0/0/0, dlsch_errors 0, pucch0_DTX 0 (SNR 20.8+0.8) RSSI -125.7, BLER 0.00000 MCS (0) 0 (Qm 2) CCE fail 4
UE 275b: ulsch_rounds 2703/0/0/0, ulsch_errors 0, ulsch_DTX 0, BLER 0.00000 MCS (0) 0 (Qm 2 deltaMCS 0) NPRB 5 SNR 17.1 (+2.1) RSSI -41.3 CCE fail 32
UE 275b: LCID 1,2,4, goodput DL    0.00 UL    0.00 Mbps

[0m[NR_MAC] Frame.Slot 896.0
UE RNTI 275b CU-UE-ID 1 in-sync PH 45 dB PCMAX 20 dBm, average SINR 40.0 (32 meas)
UE 275b: dlsch_rounds 468/0/0/0, dlsch_errors 0, pucch0_DTX 0 (SNR 20.8+0.8) RSSI -125.7, BLER 0.00000 MCS (0) 0 (Qm 2) CCE fail 4
UE 275b: ulsch_rounds 2719/0/0/0, ulsch_errors 0, ulsch_DTX 0, BLER 0.00000 MCS (0) 0 (Qm 2 deltaMCS 0) NPRB 5 SNR 16.1 (+1.1) RSSI -41.4 CCE fail 32
UE 275b: LCID 1,2,4, goodput DL    0.00 UL    0.00 Mbps

[0m[NR_MAC] Frame.Slot 0.0
UE RNTI 275b CU-UE-ID 1 in-sync PH 45 dB PCMAX 20 dBm, average SINR 40.0 (32 meas)
UE 275b: dlsch_rounds 472/0/0/0, dlsch_errors 0, pucch0_DTX 0 (SNR 20.8+0.8) RSSI -125.7, BLER 0.00000 MCS (0) 0 (Qm 2) CCE fail 4
UE 275b: ulsch_rounds 2733/0/0/0, ulsch_errors 0, ulsch_DTX 0, BLER 0.00000 MCS (0) 0 (Qm 2 deltaMCS 0) NPRB 5 SNR 16.0 (+1.0) RSSI -41.3 CCE fail 32
UE 275b: LCID 1,2,4, goodput DL    0.00 UL    0.00 Mbps

[0m[NR_MAC] Frame.Slot 128.0
UE RNTI 275b CU-UE-ID 1 in-sync PH 45 dB PCMAX 20 dBm, average SINR 40.0 (32 meas)
UE 275b: dlsch_rounds 474/0/0/0, dlsch_errors 0, pucch0_DTX 0 (SNR 20.8+0.8) RSSI -125.7, BLER 0.00000 MCS (0) 0 (Qm 2) CCE fail 4
UE 275b: ulsch_rounds 2748/0/0/0, ulsch_errors 0, ulsch_DTX 0, BLER 0.00000 MCS (0) 0 (Qm 2 deltaMCS 0) NPRB 5 SNR 17.5 (+2.5) RSSI -41.4 CCE fail 32
UE 275b: LCID 1,2,4, goodput DL    0.00 UL    0.00 Mbps

[0m[NR_MAC] Frame.Slot 256.0
UE RNTI 275b CU-UE-ID 1 in-sync PH 45 dB PCMAX 20 dBm, average SINR 40.0 (32 meas)
UE 275b: dlsch_rounds 476/0/0/0, dlsch_errors 0, pucch0_DTX 0 (SNR 20.8+0.8) RSSI -125.7, BLER 0.00000 MCS (0) 0 (Qm 2) CCE fail 4
UE 275b: ulsch_rounds 2762/0/0/0, ulsch_errors 0, ulsch_DTX 0, BLER 0.00000 MCS (0) 0 (Qm 2 deltaMCS 0) NPRB 5 SNR 17.2 (+2.2) RSSI -41.3 CCE fail 32
UE 275b: LCID 1,2,4, goodput DL    0.00 UL    0.00 Mbps

[0m[NR_MAC] Frame.Slot 384.0
UE RNTI 275b CU-UE-ID 1 in-sync PH 45 dB PCMAX 20 dBm, average SINR 40.0 (32 meas)
UE 275b: dlsch_rounds 479/0/0/0, dlsch_errors 0, pucch0_DTX 0 (SNR 20.8+0.8) RSSI -125.7, BLER 0.00000 MCS (0) 0 (Qm 2) CCE fail 4
UE 275b: ulsch_rounds 2778/0/0/0, ulsch_errors 0, ulsch_DTX 0, BLER 0.00000 MCS (0) 0 (Qm 2 deltaMCS 0) NPRB 5 SNR 16.9 (+1.9) RSSI -41.4 CCE fail 32
UE 275b: LCID 1,2,4, goodput DL    0.00 UL    0.00 Mbps

[0m[NR_MAC] Frame.Slot 512.0
UE RNTI 275b CU-UE-ID 1 in-sync PH 45 dB PCMAX 20 dBm, average SINR 40.0 (32 meas)
UE 275b: dlsch_rounds 482/0/0/0, dlsch_errors 0, pucch0_DTX 0 (SNR 20.8+0.8) RSSI -125.7, BLER 0.00000 MCS (0) 0 (Qm 2) CCE fail 5
UE 275b: ulsch_rounds 2794/0/0/0, ulsch_errors 0, ulsch_DTX 0, BLER 0.00000 MCS (0) 0 (Qm 2 deltaMCS 0) NPRB 5 SNR 16.7 (+1.7) RSSI -41.3 CCE fail 32
UE 275b: LCID 1,2,4, goodput DL    0.00 UL    0.00 Mbps

[0m[NR_MAC] Frame.Slot 640.0
UE RNTI 275b CU-UE-ID 1 in-sync PH 45 dB PCMAX 20 dBm, average SINR 40.0 (32 meas)
UE 275b: dlsch_rounds 484/0/0/0, dlsch_errors 0, pucch0_DTX 0 (SNR 20.8+0.8) RSSI -125.7, BLER 0.00000 MCS (0) 0 (Qm 2) CCE fail 5
UE 275b: ulsch_rounds 2807/0/0/0, ulsch_errors 0, ulsch_DTX 0, BLER 0.00000 MCS (0) 0 (Qm 2 deltaMCS 0) NPRB 5 SNR 16.5 (+1.5) RSSI -41.3 CCE fail 32
UE 275b: LCID 1,2,4, goodput DL    0.00 UL    0.00 Mbps

[0m[NR_MAC] Frame.Slot 768.0
UE RNTI 275b CU-UE-ID 1 in-sync PH 45 dB PCMAX 20 dBm, average SINR 40.0 (32 meas)
UE 275b: dlsch_rounds 486/0/0/0, dlsch_errors 0, pucch0_DTX 0 (SNR 20.8+0.8) RSSI -125.7, BLER 0.00000 MCS (0) 0 (Qm 2) CCE fail 5
UE 275b: ulsch_rounds 2821/0/0/0, ulsch_errors 0, ulsch_DTX 0, BLER 0.00000 MCS (0) 0 (Qm 2 deltaMCS 0) NPRB 5 SNR 17.3 (+2.3) RSSI -41.3 CCE fail 32
UE 275b: LCID 1,2,4, goodput DL    0.00 UL    0.00 Mbps

[0m[NR_MAC] Frame.Slot 896.0
UE RNTI 275b CU-UE-ID 1 in-sync PH 45 dB PCMAX 20 dBm, average SINR 40.0 (32 meas)
UE 275b: dlsch_rounds 489/0/0/0, dlsch_errors 0, pucch0_DTX 0 (SNR 20.8+0.8) RSSI -125.7, BLER 0.00000 MCS (0) 0 (Qm 2) CCE fail 5
UE 275b: ulsch_rounds 2836/0/0/0, ulsch_errors 0, ulsch_DTX 0, BLER 0.00000 MCS (0) 0 (Qm 2 deltaMCS 0) NPRB 5 SNR 17.1 (+2.1) RSSI -41.3 CCE fail 32
UE 275b: LCID 1,2,4, goodput DL    0.00 UL    0.00 Mbps

[0m[NR_MAC] Frame.Slot 0.0
UE RNTI 275b CU-UE-ID 1 in-sync PH 45 dB PCMAX 20 dBm, average SINR 40.0 (32 meas)
UE 275b: dlsch_rounds 492/0/0/0, dlsch_errors 0, pucch0_DTX 0 (SNR 20.8+0.8) RSSI -125.7, BLER 0.00000 MCS (0) 0 (Qm 2) CCE fail 5
UE 275b: ulsch_rounds 2851/0/0/0, ulsch_errors 0, ulsch_DTX 0, BLER 0.00000 MCS (0) 0 (Qm 2 deltaMCS 0) NPRB 5 SNR 16.1 (+1.1) RSSI -41.2 CCE fail 32
UE 275b: LCID 1,2,4, goodput DL    0.00 UL    0.00 Mbps

[0m[NR_MAC] Frame.Slot 128.0
UE RNTI 275b CU-UE-ID 1 in-sync PH 45 dB PCMAX 20 dBm, average SINR 40.0 (32 meas)
UE 275b: dlsch_rounds 494/0/0/0, dlsch_errors 0, pucch0_DTX 0 (SNR 20.8+0.8) RSSI -125.7, BLER 0.00000 MCS (0) 0 (Qm 2) CCE fail 5
UE 275b: ulsch_rounds 2866/0/0/0, ulsch_errors 0, ulsch_DTX 0, BLER 0.00000 MCS (0) 0 (Qm 2 deltaMCS 0) NPRB 5 SNR 16.0 (+1.0) RSSI -41.2 CCE fail 32
UE 275b: LCID 1,2,4, goodput DL    0.00 UL    0.00 Mbps

[0m[NR_MAC] Frame.Slot 256.0
UE RNTI 275b CU-UE-ID 1 in-sync PH 45 dB PCMAX 20 dBm, average SINR 40.0 (32 meas)
UE 275b: dlsch_rounds 496/0/0/0, dlsch_errors 0, pucch0_DTX 0 (SNR 20.8+0.8) RSSI -125.7, BLER 0.00000 MCS (0) 0 (Qm 2) CCE fail 5
UE 275b: ulsch_rounds 2880/0/0/0, ulsch_errors 0, ulsch_DTX 0, BLER 0.00000 MCS (0) 0 (Qm 2 deltaMCS 0) NPRB 5 SNR 17.6 (+2.6) RSSI -41.2 CCE fail 32
UE 275b: LCID 1,2,4, goodput DL    0.00 UL    0.00 Mbps

[0m[NR_MAC] Frame.Slot 384.0
UE RNTI 275b CU-UE-ID 1 in-sync PH 45 dB PCMAX 20 dBm, average SINR 40.0 (32 meas)
UE 275b: dlsch_rounds 499/0/0/0, dlsch_errors 0, pucch0_DTX 0 (SNR 20.8+0.8) RSSI -125.7, BLER 0.00000 MCS (0) 0 (Qm 2) CCE fail 5
UE 275b: ulsch_rounds 2895/0/0/0, ulsch_errors 0, ulsch_DTX 0, BLER 0.00000 MCS (0) 0 (Qm 2 deltaMCS 0) NPRB 5 SNR 17.3 (+2.3) RSSI -41.3 CCE fail 32
UE 275b: LCID 1,2,4, goodput DL    0.00 UL    0.00 Mbps

[0m[NR_MAC] Frame.Slot 512.0
UE RNTI 275b CU-UE-ID 1 in-sync PH 45 dB PCMAX 20 dBm, average SINR 40.0 (32 meas)
UE 275b: dlsch_rounds 502/0/0/0, dlsch_errors 0, pucch0_DTX 0 (SNR 20.8+0.8) RSSI -125.7, BLER 0.00000 MCS (0) 0 (Qm 2) CCE fail 5
UE 275b: ulsch_rounds 2911/0/0/0, ulsch_errors 0, ulsch_DTX 0, BLER 0.00000 MCS (0) 0 (Qm 2 deltaMCS 0) NPRB 5 SNR 16.3 (+1.3) RSSI -41.2 CCE fail 32
UE 275b: LCID 1,2,4, goodput DL    0.00 UL    0.00 Mbps

[0m[NR_MAC] Frame.Slot 640.0
UE RNTI 275b CU-UE-ID 1 in-sync PH 45 dB PCMAX 20 dBm, average SINR 40.0 (32 meas)
UE 275b: dlsch_rounds 504/0/0/0, dlsch_errors 0, pucch0_DTX 0 (SNR 20.8+0.8) RSSI -125.7, BLER 0.00000 MCS (0) 0 (Qm 2) CCE fail 5
UE 275b: ulsch_rounds 2926/0/0/0, ulsch_errors 0, ulsch_DTX 0, BLER 0.00000 MCS (0) 0 (Qm 2 deltaMCS 0) NPRB 5 SNR 17.0 (+2.0) RSSI -41.3 CCE fail 32
UE 275b: LCID 1,2,4, goodput DL    0.00 UL    0.00 Mbps

[0m[NR_MAC] Frame.Slot 768.0
UE RNTI 275b CU-UE-ID 1 in-sync PH 45 dB PCMAX 20 dBm, average SINR 40.0 (32 meas)
UE 275b: dlsch_rounds 507/0/0/0, dlsch_errors 0, pucch0_DTX 0 (SNR 20.8+0.8) RSSI -125.7, BLER 0.00000 MCS (0) 0 (Qm 2) CCE fail 5
UE 275b: ulsch_rounds 2940/0/0/0, ulsch_errors 0, ulsch_DTX 0, BLER 0.00000 MCS (0) 0 (Qm 2 deltaMCS 0) NPRB 5 SNR 16.5 (+1.5) RSSI -41.3 CCE fail 32
UE 275b: LCID 1,2,4, goodput DL    0.00 UL    0.00 Mbps

[0m[NR_MAC] Frame.Slot 896.0
UE RNTI 275b CU-UE-ID 1 in-sync PH 45 dB PCMAX 20 dBm, average SINR 40.0 (32 meas)
UE 275b: dlsch_rounds 509/0/0/0, dlsch_errors 0, pucch0_DTX 0 (SNR 20.8+0.8) RSSI -125.7, BLER 0.00000 MCS (0) 0 (Qm 2) CCE fail 5
UE 275b: ulsch_rounds 2953/0/0/0, ulsch_errors 0, ulsch_DTX 0, BLER 0.00000 MCS (0) 0 (Qm 2 deltaMCS 0) NPRB 5 SNR 16.7 (+1.7) RSSI -41.3 CCE fail 32
UE 275b: LCID 1,2,4, goodput DL    0.00 UL    0.00 Mbps

[0m[NR_MAC] Frame.Slot 0.0
UE RNTI 275b CU-UE-ID 1 in-sync PH 45 dB PCMAX 20 dBm, average SINR 40.0 (32 meas)
UE 275b: dlsch_rounds 512/0/0/0, dlsch_errors 0, pucch0_DTX 0 (SNR 20.8+0.8) RSSI -125.7, BLER 0.00000 MCS (0) 0 (Qm 2) CCE fail 5
UE 275b: ulsch_rounds 2970/0/0/0, ulsch_errors 0, ulsch_DTX 0, BLER 0.00000 MCS (0) 0 (Qm 2 deltaMCS 0) NPRB 5 SNR 16.3 (+1.3) RSSI -41.2 CCE fail 32
UE 275b: LCID 1,2,4, goodput DL    0.00 UL    0.00 Mbps

[0m[NR_MAC] Frame.Slot 128.0
UE RNTI 275b CU-UE-ID 1 in-sync PH 45 dB PCMAX 20 dBm, average SINR 40.0 (32 meas)
UE 275b: dlsch_rounds 514/0/0/0, dlsch_errors 0, pucch0_DTX 0 (SNR 20.8+0.8) RSSI -125.7, BLER 0.00000 MCS (0) 0 (Qm 2) CCE fail 5
UE 275b: ulsch_rounds 2985/0/0/0, ulsch_errors 0, ulsch_DTX 0, BLER 0.00000 MCS (0) 0 (Qm 2 deltaMCS 0) NPRB 5 SNR 16.0 (+1.0) RSSI -41.3 CCE fail 32
UE 275b: LCID 1,2,4, goodput DL    0.00 UL    0.00 Mbps

[0m[NR_MAC] Frame.Slot 256.0
UE RNTI 275b CU-UE-ID 1 in-sync PH 45 dB PCMAX 20 dBm, average SINR 40.0 (32 meas)
UE 275b: dlsch_rounds 517/0/0/0, dlsch_errors 0, pucch0_DTX 0 (SNR 20.8+0.8) RSSI -125.7, BLER 0.00000 MCS (0) 0 (Qm 2) CCE fail 5
UE 275b: ulsch_rounds 2999/0/0/0, ulsch_errors 0, ulsch_DTX 0, BLER 0.00000 MCS (0) 0 (Qm 2 deltaMCS 0) NPRB 5 SNR 17.5 (+2.5) RSSI -41.2 CCE fail 32
UE 275b: LCID 1,2,4, goodput DL    0.00 UL    0.00 Mbps

[0m[NR_MAC] Frame.Slot 384.0
UE RNTI 275b CU-UE-ID 1 in-sync PH 45 dB PCMAX 20 dBm, average SINR 40.0 (32 meas)
UE 275b: dlsch_rounds 519/0/0/0, dlsch_errors 0, pucch0_DTX 0 (SNR 20.8+0.8) RSSI -125.7, BLER 0.00000 MCS (0) 0 (Qm 2) CCE fail 5
UE 275b: ulsch_rounds 3014/0/0/0, ulsch_errors 0, ulsch_DTX 0, BLER 0.00000 MCS (0) 0 (Qm 2 deltaMCS 0) NPRB 5 SNR 17.2 (+2.2) RSSI -41.3 CCE fail 32
UE 275b: LCID 1,2,4, goodput DL    0.00 UL    0.00 Mbps

[0m[NR_MAC] Frame.Slot 512.0
UE RNTI 275b CU-UE-ID 1 in-sync PH 45 dB PCMAX 20 dBm, average SINR 40.0 (32 meas)
UE 275b: dlsch_rounds 521/0/0/0, dlsch_errors 0, pucch0_DTX 0 (SNR 20.8+0.8) RSSI -125.7, BLER 0.00000 MCS (0) 0 (Qm 2) CCE fail 5
UE 275b: ulsch_rounds 3030/0/0/0, ulsch_errors 0, ulsch_DTX 0, BLER 0.00000 MCS (0) 0 (Qm 2 deltaMCS 0) NPRB 5 SNR 16.1 (+1.1) RSSI -41.4 CCE fail 32
UE 275b: LCID 1,2,4, goodput DL    0.00 UL    0.00 Mbps

[0m[NR_MAC] Frame.Slot 640.0
UE RNTI 275b CU-UE-ID 1 in-sync PH 45 dB PCMAX 20 dBm, average SINR 40.0 (32 meas)
UE 275b: dlsch_rounds 525/0/0/0, dlsch_errors 0, pucch0_DTX 0 (SNR 20.8+0.8) RSSI -125.7, BLER 0.00000 MCS (0) 0 (Qm 2) CCE fail 5
UE 275b: ulsch_rounds 3044/0/0/0, ulsch_errors 0, ulsch_DTX 0, BLER 0.00000 MCS (0) 0 (Qm 2 deltaMCS 0) NPRB 5 SNR 16.8 (+1.8) RSSI -41.3 CCE fail 32
UE 275b: LCID 1,2,4, goodput DL    0.00 UL    0.00 Mbps

[0m[NR_MAC] Frame.Slot 768.0
UE RNTI 275b CU-UE-ID 1 in-sync PH 45 dB PCMAX 20 dBm, average SINR 40.0 (32 meas)
UE 275b: dlsch_rounds 527/0/0/0, dlsch_errors 0, pucch0_DTX 0 (SNR 20.8+0.8) RSSI -125.7, BLER 0.00000 MCS (0) 0 (Qm 2) CCE fail 5
UE 275b: ulsch_rounds 3058/0/0/0, ulsch_errors 0, ulsch_DTX 0, BLER 0.00000 MCS (0) 0 (Qm 2 deltaMCS 0) NPRB 5 SNR 16.6 (+1.6) RSSI -41.3 CCE fail 32
UE 275b: LCID 1,2,4, goodput DL    0.00 UL    0.00 Mbps

[0m[NR_MAC] Frame.Slot 896.0
UE RNTI 275b CU-UE-ID 1 in-sync PH 45 dB PCMAX 20 dBm, average SINR 40.0 (32 meas)
UE 275b: dlsch_rounds 529/0/0/0, dlsch_errors 0, pucch0_DTX 0 (SNR 20.8+0.8) RSSI -125.7, BLER 0.00000 MCS (0) 0 (Qm 2) CCE fail 5
UE 275b: ulsch_rounds 3073/0/0/0, ulsch_errors 0, ulsch_DTX 0, BLER 0.00000 MCS (0) 0 (Qm 2 deltaMCS 0) NPRB 5 SNR 17.4 (+2.4) RSSI -41.4 CCE fail 33
UE 275b: LCID 1,2,4, goodput DL    0.00 UL    0.00 Mbps

[0m[NR_MAC] Frame.Slot 0.0
UE RNTI 275b CU-UE-ID 1 in-sync PH 45 dB PCMAX 20 dBm, average SINR 40.0 (32 meas)
UE 275b: dlsch_rounds 532/0/0/0, dlsch_errors 0, pucch0_DTX 0 (SNR 20.8+0.8) RSSI -125.7, BLER 0.00000 MCS (0) 0 (Qm 2) CCE fail 5
UE 275b: ulsch_rounds 3090/0/0/0, ulsch_errors 0, ulsch_DTX 0, BLER 0.00000 MCS (0) 0 (Qm 2 deltaMCS 0) NPRB 5 SNR 16.1 (+1.1) RSSI -41.2 CCE fail 33
UE 275b: LCID 1,2,4, goodput DL    0.00 UL    0.00 Mbps

[0m[NR_MAC] Frame.Slot 128.0
UE RNTI 275b CU-UE-ID 1 in-sync PH 45 dB PCMAX 20 dBm, average SINR 40.0 (32 meas)
UE 275b: dlsch_rounds 535/0/0/0, dlsch_errors 0, pucch0_DTX 0 (SNR 20.8+0.8) RSSI -125.7, BLER 0.00000 MCS (0) 0 (Qm 2) CCE fail 5
UE 275b: ulsch_rounds 3104/0/0/0, ulsch_errors 0, ulsch_DTX 0, BLER 0.00000 MCS (0) 0 (Qm 2 deltaMCS 0) NPRB 5 SNR 17.0 (+2.0) RSSI -41.2 CCE fail 33
UE 275b: LCID 1,2,4, goodput DL    0.00 UL    0.00 Mbps

[0m[NR_MAC] Frame.Slot 256.0
UE RNTI 275b CU-UE-ID 1 in-sync PH 45 dB PCMAX 20 dBm, average SINR 40.0 (32 meas)
UE 275b: dlsch_rounds 537/0/0/0, dlsch_errors 0, pucch0_DTX 0 (SNR 20.8+0.8) RSSI -125.7, BLER 0.00000 MCS (0) 0 (Qm 2) CCE fail 5
UE 275b: ulsch_rounds 3119/0/0/0, ulsch_errors 0, ulsch_DTX 0, BLER 0.00000 MCS (0) 0 (Qm 2 deltaMCS 0) NPRB 5 SNR 18.3 (+3.3) RSSI -41.2 CCE fail 33
UE 275b: LCID 1,2,4, goodput DL    0.00 UL    0.00 Mbps

[0m[NR_MAC] Frame.Slot 384.0
UE RNTI 275b CU-UE-ID 1 in-sync PH 45 dB PCMAX 20 dBm, average SINR 40.0 (32 meas)
UE 275b: dlsch_rounds 539/0/0/0, dlsch_errors 0, pucch0_DTX 0 (SNR 20.8+0.8) RSSI -125.7, BLER 0.00000 MCS (0) 0 (Qm 2) CCE fail 5
UE 275b: ulsch_rounds 3134/0/0/0, ulsch_errors 0, ulsch_DTX 0, BLER 0.00000 MCS (0) 0 (Qm 2 deltaMCS 0) NPRB 5 SNR 17.9 (+2.9) RSSI -41.3 CCE fail 33
UE 275b: LCID 1,2,4, goodput DL    0.00 UL    0.00 Mbps

[0m[NR_MAC] Frame.Slot 512.0
UE RNTI 275b CU-UE-ID 1 in-sync PH 45 dB PCMAX 20 dBm, average SINR 40.0 (32 meas)
UE 275b: dlsch_rounds 542/0/0/0, dlsch_errors 0, pucch0_DTX 0 (SNR 20.8+0.8) RSSI -125.7, BLER 0.00000 MCS (0) 0 (Qm 2) CCE fail 5
UE 275b: ulsch_rounds 3150/0/0/0, ulsch_errors 0, ulsch_DTX 0, BLER 0.00000 MCS (0) 0 (Qm 2 deltaMCS 0) NPRB 5 SNR 16.8 (+1.8) RSSI -41.3 CCE fail 34
UE 275b: LCID 1,2,4, goodput DL    0.00 UL    0.00 Mbps

[0m[NR_MAC] Frame.Slot 640.0
UE RNTI 275b CU-UE-ID 1 in-sync PH 45 dB PCMAX 20 dBm, average SINR 40.0 (32 meas)
UE 275b: dlsch_rounds 545/0/0/0, dlsch_errors 0, pucch0_DTX 0 (SNR 20.8+0.8) RSSI -125.7, BLER 0.00000 MCS (0) 0 (Qm 2) CCE fail 5
UE 275b: ulsch_rounds 3164/0/0/0, ulsch_errors 0, ulsch_DTX 0, BLER 0.00000 MCS (0) 0 (Qm 2 deltaMCS 0) NPRB 5 SNR 17.5 (+2.5) RSSI -41.3 CCE fail 34
UE 275b: LCID 1,2,4, goodput DL    0.00 UL    0.00 Mbps

[0m[NR_MAC] Frame.Slot 768.0
UE RNTI 275b CU-UE-ID 1 in-sync PH 45 dB PCMAX 20 dBm, average SINR 40.0 (32 meas)
UE 275b: dlsch_rounds 547/0/0/0, dlsch_errors 0, pucch0_DTX 0 (SNR 20.8+0.8) RSSI -125.7, BLER 0.00000 MCS (0) 0 (Qm 2) CCE fail 5
UE 275b: ulsch_rounds 3178/0/0/0, ulsch_errors 0, ulsch_DTX 0, BLER 0.00000 MCS (0) 0 (Qm 2 deltaMCS 0) NPRB 5 SNR 17.2 (+2.2) RSSI -41.4 CCE fail 35
UE 275b: LCID 1,2,4, goodput DL    0.00 UL    0.00 Mbps

[0m[NR_MAC] Frame.Slot 896.0
UE RNTI 275b CU-UE-ID 1 in-sync PH 45 dB PCMAX 20 dBm, average SINR 40.0 (32 meas)
UE 275b: dlsch_rounds 549/0/0/0, dlsch_errors 0, pucch0_DTX 0 (SNR 20.8+0.8) RSSI -125.7, BLER 0.00000 MCS (0) 0 (Qm 2) CCE fail 5
UE 275b: ulsch_rounds 3192/0/0/0, ulsch_errors 0, ulsch_DTX 0, BLER 0.00000 MCS (0) 0 (Qm 2 deltaMCS 0) NPRB 5 SNR 17.2 (+2.2) RSSI -41.4 CCE fail 35
UE 275b: LCID 1,2,4, goodput DL    0.00 UL    0.00 Mbps

[0m[NR_MAC] Frame.Slot 0.0
UE RNTI 275b CU-UE-ID 1 in-sync PH 45 dB PCMAX 20 dBm, average SINR 40.0 (32 meas)
UE 275b: dlsch_rounds 552/0/0/0, dlsch_errors 0, pucch0_DTX 0 (SNR 20.8+0.8) RSSI -125.7, BLER 0.00000 MCS (0) 0 (Qm 2) CCE fail 5
UE 275b: ulsch_rounds 3209/0/0/0, ulsch_errors 0, ulsch_DTX 0, BLER 0.00000 MCS (0) 0 (Qm 2 deltaMCS 0) NPRB 5 SNR 17.0 (+2.0) RSSI -41.4 CCE fail 35
UE 275b: LCID 1,2,4, goodput DL    0.00 UL    0.00 Mbps

[0m[NR_MAC] Frame.Slot 128.0
UE RNTI 275b CU-UE-ID 1 in-sync PH 45 dB PCMAX 20 dBm, average SINR 40.0 (32 meas)
UE 275b: dlsch_rounds 555/0/0/0, dlsch_errors 0, pucch0_DTX 0 (SNR 20.8+0.8) RSSI -125.7, BLER 0.00000 MCS (0) 0 (Qm 2) CCE fail 5
UE 275b: ulsch_rounds 3224/0/0/0, ulsch_errors 0, ulsch_DTX 0, BLER 0.00000 MCS (0) 0 (Qm 2 deltaMCS 0) NPRB 5 SNR 16.7 (+1.7) RSSI -41.4 CCE fail 35
UE 275b: LCID 1,2,4, goodput DL    0.00 UL    0.00 Mbps

[0m[NR_MAC] Frame.Slot 256.0
UE RNTI 275b CU-UE-ID 1 in-sync PH 45 dB PCMAX 20 dBm, average SINR 40.0 (32 meas)
UE 275b: dlsch_rounds 557/0/0/0, dlsch_errors 0, pucch0_DTX 0 (SNR 20.8+0.8) RSSI -125.7, BLER 0.00000 MCS (0) 0 (Qm 2) CCE fail 5
UE 275b: ulsch_rounds 3238/0/0/0, ulsch_errors 0, ulsch_DTX 0, BLER 0.00000 MCS (0) 0 (Qm 2 deltaMCS 0) NPRB 5 SNR 17.2 (+2.2) RSSI -41.3 CCE fail 35
UE 275b: LCID 1,2,4, goodput DL    0.00 UL    0.00 Mbps

[0m[NR_MAC] Frame.Slot 384.0
UE RNTI 275b CU-UE-ID 1 in-sync PH 45 dB PCMAX 20 dBm, average SINR 40.0 (32 meas)
UE 275b: dlsch_rounds 559/0/0/0, dlsch_errors 0, pucch0_DTX 0 (SNR 20.8+0.8) RSSI -125.7, BLER 0.00000 MCS (0) 0 (Qm 2) CCE fail 5
UE 275b: ulsch_rounds 3252/0/0/0, ulsch_errors 0, ulsch_DTX 0, BLER 0.00000 MCS (0) 0 (Qm 2 deltaMCS 0) NPRB 5 SNR 18.1 (+3.1) RSSI -41.4 CCE fail 35
UE 275b: LCID 1,2,4, goodput DL    0.00 UL    0.00 Mbps

[0m[NR_MAC] Frame.Slot 512.0
UE RNTI 275b CU-UE-ID 1 in-sync PH 45 dB PCMAX 20 dBm, average SINR 40.0 (32 meas)
UE 275b: dlsch_rounds 562/0/0/0, dlsch_errors 0, pucch0_DTX 0 (SNR 20.8+0.8) RSSI -125.7, BLER 0.00000 MCS (0) 0 (Qm 2) CCE fail 5
UE 275b: ulsch_rounds 3268/0/0/0, ulsch_errors 0, ulsch_DTX 0, BLER 0.00000 MCS (0) 0 (Qm 2 deltaMCS 0) NPRB 5 SNR 16.7 (+1.7) RSSI -41.5 CCE fail 35
UE 275b: LCID 1,2,4, goodput DL    0.00 UL    0.00 Mbps

[0m[NR_MAC] Frame.Slot 640.0
UE RNTI 275b CU-UE-ID 1 in-sync PH 45 dB PCMAX 20 dBm, average SINR 40.0 (32 meas)
UE 275b: dlsch_rounds 565/0/0/0, dlsch_errors 0, pucch0_DTX 0 (SNR 20.8+0.8) RSSI -125.7, BLER 0.00000 MCS (0) 0 (Qm 2) CCE fail 6
UE 275b: ulsch_rounds 3283/0/0/0, ulsch_errors 0, ulsch_DTX 0, BLER 0.00000 MCS (0) 0 (Qm 2 deltaMCS 0) NPRB 5 SNR 16.5 (+1.5) RSSI -41.4 CCE fail 35
UE 275b: LCID 1,2,4, goodput DL    0.00 UL    0.00 Mbps

[0m[NR_MAC] Frame.Slot 768.0
UE RNTI 275b CU-UE-ID 1 in-sync PH 45 dB PCMAX 20 dBm, average SINR 40.0 (32 meas)
UE 275b: dlsch_rounds 567/0/0/0, dlsch_errors 0, pucch0_DTX 0 (SNR 20.8+0.8) RSSI -125.7, BLER 0.00000 MCS (0) 0 (Qm 2) CCE fail 6
UE 275b: ulsch_rounds 3297/0/0/0, ulsch_errors 0, ulsch_DTX 0, BLER 0.00000 MCS (0) 0 (Qm 2 deltaMCS 0) NPRB 5 SNR 17.4 (+2.4) RSSI -41.4 CCE fail 36
UE 275b: LCID 1,2,4, goodput DL    0.00 UL    0.00 Mbps

[0m[NR_MAC] Frame.Slot 896.0
UE RNTI 275b CU-UE-ID 1 in-sync PH 45 dB PCMAX 20 dBm, average SINR 40.0 (32 meas)
UE 275b: dlsch_rounds 570/0/0/0, dlsch_errors 0, pucch0_DTX 0 (SNR 20.8+0.8) RSSI -125.7, BLER 0.00000 MCS (0) 0 (Qm 2) CCE fail 6
UE 275b: ulsch_rounds 3312/0/0/0, ulsch_errors 0, ulsch_DTX 0, BLER 0.00000 MCS (0) 0 (Qm 2 deltaMCS 0) NPRB 5 SNR 18.1 (+3.1) RSSI -41.3 CCE fail 36
UE 275b: LCID 1,2,4, goodput DL    0.00 UL    0.00 Mbps

[0m[NR_MAC] Frame.Slot 0.0
UE RNTI 275b CU-UE-ID 1 in-sync PH 45 dB PCMAX 20 dBm, average SINR 40.0 (32 meas)
UE 275b: dlsch_rounds 572/0/0/0, dlsch_errors 0, pucch0_DTX 0 (SNR 20.8+0.8) RSSI -125.7, BLER 0.00000 MCS (0) 0 (Qm 2) CCE fail 6
UE 275b: ulsch_rounds 3326/0/0/0, ulsch_errors 0, ulsch_DTX 0, BLER 0.00000 MCS (0) 0 (Qm 2 deltaMCS 0) NPRB 5 SNR 17.0 (+2.0) RSSI -41.3 CCE fail 36
UE 275b: LCID 1,2,4, goodput DL    0.00 UL    0.00 Mbps

[0m[NR_MAC] Frame.Slot 128.0
UE RNTI 275b CU-UE-ID 1 in-sync PH 45 dB PCMAX 20 dBm, average SINR 40.0 (32 meas)
UE 275b: dlsch_rounds 575/0/0/0, dlsch_errors 0, pucch0_DTX 0 (SNR 20.8+0.8) RSSI -125.7, BLER 0.00000 MCS (0) 0 (Qm 2) CCE fail 6
UE 275b: ulsch_rounds 3342/0/0/0, ulsch_errors 0, ulsch_DTX 0, BLER 0.00000 MCS (0) 0 (Qm 2 deltaMCS 0) NPRB 5 SNR 16.0 (+1.0) RSSI -41.3 CCE fail 36
UE 275b: LCID 1,2,4, goodput DL    0.00 UL    0.00 Mbps

[0m[NR_MAC] Frame.Slot 256.0
UE RNTI 275b CU-UE-ID 1 in-sync PH 45 dB PCMAX 20 dBm, average SINR 40.0 (32 meas)
UE 275b: dlsch_rounds 577/0/0/0, dlsch_errors 0, pucch0_DTX 0 (SNR 20.8+0.8) RSSI -125.7, BLER 0.00000 MCS (0) 0 (Qm 2) CCE fail 6
UE 275b: ulsch_rounds 3357/0/0/0, ulsch_errors 0, ulsch_DTX 0, BLER 0.00000 MCS (0) 0 (Qm 2 deltaMCS 0) NPRB 5 SNR 16.8 (+1.8) RSSI -41.5 CCE fail 36
UE 275b: LCID 1,2,4, goodput DL    0.00 UL    0.00 Mbps

[0m[NR_MAC] Frame.Slot 384.0
UE RNTI 275b CU-UE-ID 1 in-sync PH 45 dB PCMAX 20 dBm, average SINR 40.0 (32 meas)
UE 275b: dlsch_rounds 580/0/0/0, dlsch_errors 0, pucch0_DTX 0 (SNR 20.8+0.8) RSSI -125.7, BLER 0.00000 MCS (0) 0 (Qm 2) CCE fail 6
UE 275b: ulsch_rounds 3372/0/0/0, ulsch_errors 0, ulsch_DTX 0, BLER 0.00000 MCS (0) 0 (Qm 2 deltaMCS 0) NPRB 5 SNR 18.0 (+3.0) RSSI -41.5 CCE fail 36
UE 275b: LCID 1,2,4, goodput DL    0.00 UL    0.00 Mbps

[0m[NR_MAC] Frame.Slot 512.0
UE RNTI 275b CU-UE-ID 1 in-sync PH 45 dB PCMAX 20 dBm, average SINR 40.0 (32 meas)
UE 275b: dlsch_rounds 582/0/0/0, dlsch_errors 0, pucch0_DTX 0 (SNR 20.8+0.8) RSSI -125.7, BLER 0.00000 MCS (0) 0 (Qm 2) CCE fail 6
UE 275b: ulsch_rounds 3386/0/0/0, ulsch_errors 0, ulsch_DTX 0, BLER 0.00000 MCS (0) 0 (Qm 2 deltaMCS 0) NPRB 5 SNR 16.9 (+1.9) RSSI -41.4 CCE fail 36
UE 275b: LCID 1,2,4, goodput DL    0.00 UL    0.00 Mbps

[0m[NR_MAC] Frame.Slot 640.0
UE RNTI 275b CU-UE-ID 1 in-sync PH 45 dB PCMAX 20 dBm, average SINR 40.0 (32 meas)
UE 275b: dlsch_rounds 585/0/0/0, dlsch_errors 0, pucch0_DTX 0 (SNR 20.8+0.8) RSSI -125.7, BLER 0.00000 MCS (0) 0 (Qm 2) CCE fail 6
UE 275b: ulsch_rounds 3402/0/0/0, ulsch_errors 0, ulsch_DTX 0, BLER 0.00000 MCS (0) 0 (Qm 2 deltaMCS 0) NPRB 5 SNR 16.8 (+1.8) RSSI -41.3 CCE fail 36
UE 275b: LCID 1,2,4, goodput DL    0.00 UL    0.00 Mbps

[0m[NR_MAC] Frame.Slot 768.0
UE RNTI 275b CU-UE-ID 1 in-sync PH 45 dB PCMAX 20 dBm, average SINR 40.0 (32 meas)
UE 275b: dlsch_rounds 588/0/0/0, dlsch_errors 0, pucch0_DTX 0 (SNR 20.8+0.8) RSSI -125.7, BLER 0.00000 MCS (0) 0 (Qm 2) CCE fail 6
UE 275b: ulsch_rounds 3416/0/0/0, ulsch_errors 0, ulsch_DTX 0, BLER 0.00000 MCS (0) 0 (Qm 2 deltaMCS 0) NPRB 5 SNR 16.5 (+1.5) RSSI -41.3 CCE fail 36
UE 275b: LCID 1,2,4, goodput DL    0.00 UL    0.00 Mbps

[0m[NR_MAC] Frame.Slot 896.0
UE RNTI 275b CU-UE-ID 1 in-sync PH 45 dB PCMAX 20 dBm, average SINR 40.0 (32 meas)
UE 275b: dlsch_rounds 590/0/0/0, dlsch_errors 0, pucch0_DTX 0 (SNR 20.8+0.8) RSSI -125.7, BLER 0.00000 MCS (0) 0 (Qm 2) CCE fail 6
UE 275b: ulsch_rounds 3430/0/0/0, ulsch_errors 0, ulsch_DTX 0, BLER 0.00000 MCS (0) 0 (Qm 2 deltaMCS 0) NPRB 5 SNR 17.3 (+2.3) RSSI -41.3 CCE fail 36
UE 275b: LCID 1,2,4, goodput DL    0.00 UL    0.00 Mbps

[0m[NR_MAC] Frame.Slot 0.0
UE RNTI 275b CU-UE-ID 1 in-sync PH 45 dB PCMAX 20 dBm, average SINR 40.0 (32 meas)
UE 275b: dlsch_rounds 592/0/0/0, dlsch_errors 0, pucch0_DTX 0 (SNR 20.8+0.8) RSSI -125.7, BLER 0.00000 MCS (0) 0 (Qm 2) CCE fail 6
UE 275b: ulsch_rounds 3445/0/0/0, ulsch_errors 0, ulsch_DTX 0, BLER 0.00000 MCS (0) 0 (Qm 2 deltaMCS 0) NPRB 5 SNR 17.1 (+2.1) RSSI -41.4 CCE fail 36
UE 275b: LCID 1,2,4, goodput DL    0.00 UL    0.00 Mbps

[0m[NR_MAC] Frame.Slot 128.0
UE RNTI 275b CU-UE-ID 1 in-sync PH 45 dB PCMAX 20 dBm, average SINR 40.0 (32 meas)
UE 275b: dlsch_rounds 595/0/0/0, dlsch_errors 0, pucch0_DTX 0 (SNR 20.8+0.8) RSSI -125.7, BLER 0.00000 MCS (0) 0 (Qm 2) CCE fail 6
UE 275b: ulsch_rounds 3462/0/0/0, ulsch_errors 0, ulsch_DTX 0, BLER 0.00000 MCS (0) 0 (Qm 2 deltaMCS 0) NPRB 5 SNR 16.8 (+1.8) RSSI -41.3 CCE fail 36
UE 275b: LCID 1,2,4, goodput DL    0.00 UL    0.00 Mbps

[0m[NR_MAC] Frame.Slot 256.0
UE RNTI 275b CU-UE-ID 1 in-sync PH 45 dB PCMAX 20 dBm, average SINR 40.0 (32 meas)
UE 275b: dlsch_rounds 598/0/0/0, dlsch_errors 0, pucch0_DTX 0 (SNR 20.8+0.8) RSSI -125.7, BLER 0.00000 MCS (0) 0 (Qm 2) CCE fail 6
UE 275b: ulsch_rounds 3475/0/0/0, ulsch_errors 0, ulsch_DTX 0, BLER 0.00000 MCS (0) 0 (Qm 2 deltaMCS 0) NPRB 5 SNR 16.7 (+1.7) RSSI -41.3 CCE fail 36
UE 275b: LCID 1,2,4, goodput DL    0.00 UL    0.00 Mbps

[0m[NR_MAC] Frame.Slot 384.0
UE RNTI 275b CU-UE-ID 1 in-sync PH 45 dB PCMAX 20 dBm, average SINR 40.0 (32 meas)
UE 275b: dlsch_rounds 600/0/0/0, dlsch_errors 0, pucch0_DTX 0 (SNR 20.8+0.8) RSSI -125.7, BLER 0.00000 MCS (0) 0 (Qm 2) CCE fail 6
UE 275b: ulsch_rounds 3490/0/0/0, ulsch_errors 0, ulsch_DTX 0, BLER 0.00000 MCS (0) 0 (Qm 2 deltaMCS 0) NPRB 5 SNR 18.3 (+3.3) RSSI -41.4 CCE fail 36
UE 275b: LCID 1,2,4, goodput DL    0.00 UL    0.00 Mbps

[0m[NR_MAC] Frame.Slot 512.0
UE RNTI 275b CU-UE-ID 1 in-sync PH 45 dB PCMAX 20 dBm, average SINR 40.0 (32 meas)
UE 275b: dlsch_rounds 602/0/0/0, dlsch_errors 0, pucch0_DTX 0 (SNR 20.8+0.8) RSSI -125.7, BLER 0.00000 MCS (0) 0 (Qm 2) CCE fail 6
UE 275b: ulsch_rounds 3505/0/0/0, ulsch_errors 0, ulsch_DTX 0, BLER 0.00000 MCS (0) 0 (Qm 2 deltaMCS 0) NPRB 5 SNR 17.9 (+2.9) RSSI -41.3 CCE fail 36
UE 275b: LCID 1,2,4, goodput DL    0.00 UL    0.00 Mbps

[0m[NR_MAC] Frame.Slot 640.0
UE RNTI 275b CU-UE-ID 1 in-sync PH 45 dB PCMAX 20 dBm, average SINR 40.0 (32 meas)
UE 275b: dlsch_rounds 606/0/0/0, dlsch_errors 0, pucch0_DTX 0 (SNR 20.8+0.8) RSSI -125.7, BLER 0.00000 MCS (0) 0 (Qm 2) CCE fail 6
UE 275b: ulsch_rounds 3520/0/0/0, ulsch_errors 0, ulsch_DTX 0, BLER 0.00000 MCS (0) 0 (Qm 2 deltaMCS 0) NPRB 5 SNR 16.7 (+1.7) RSSI -41.3 CCE fail 36
UE 275b: LCID 1,2,4, goodput DL    0.00 UL    0.00 Mbps

[0m[NR_MAC] Frame.Slot 768.0
UE RNTI 275b CU-UE-ID 1 in-sync PH 45 dB PCMAX 20 dBm, average SINR 40.0 (32 meas)
UE 275b: dlsch_rounds 608/0/0/0, dlsch_errors 0, pucch0_DTX 0 (SNR 20.8+0.8) RSSI -125.7, BLER 0.00000 MCS (0) 0 (Qm 2) CCE fail 6
UE 275b: ulsch_rounds 3534/0/0/0, ulsch_errors 0, ulsch_DTX 0, BLER 0.00000 MCS (0) 0 (Qm 2 deltaMCS 0) NPRB 5 SNR 16.8 (+1.8) RSSI -41.3 CCE fail 36
UE 275b: LCID 1,2,4, goodput DL    0.00 UL    0.00 Mbps

[0m[NR_MAC] Frame.Slot 896.0
UE RNTI 275b CU-UE-ID 1 in-sync PH 45 dB PCMAX 20 dBm, average SINR 40.0 (32 meas)
UE 275b: dlsch_rounds 610/0/0/0, dlsch_errors 0, pucch0_DTX 0 (SNR 20.8+0.8) RSSI -125.7, BLER 0.00000 MCS (0) 0 (Qm 2) CCE fail 6
UE 275b: ulsch_rounds 3548/0/0/0, ulsch_errors 0, ulsch_DTX 0, BLER 0.00000 MCS (0) 0 (Qm 2 deltaMCS 0) NPRB 5 SNR 17.6 (+2.6) RSSI -41.3 CCE fail 37
UE 275b: LCID 1,2,4, goodput DL    0.00 UL    0.00 Mbps

[0m[NR_MAC] Frame.Slot 0.0
UE RNTI 275b CU-UE-ID 1 in-sync PH 45 dB PCMAX 20 dBm, average SINR 40.0 (32 meas)
UE 275b: dlsch_rounds 612/0/0/0, dlsch_errors 0, pucch0_DTX 0 (SNR 20.8+0.8) RSSI -125.7, BLER 0.00000 MCS (0) 0 (Qm 2) CCE fail 6
UE 275b: ulsch_rounds 3563/0/0/0, ulsch_errors 0, ulsch_DTX 0, BLER 0.00000 MCS (0) 0 (Qm 2 deltaMCS 0) NPRB 5 SNR 17.3 (+2.3) RSSI -41.3 CCE fail 37
UE 275b: LCID 1,2,4, goodput DL    0.00 UL    0.00 Mbps

[0m[NR_MAC] Frame.Slot 128.0
UE RNTI 275b CU-UE-ID 1 in-sync PH 45 dB PCMAX 20 dBm, average SINR 40.0 (32 meas)
UE 275b: dlsch_rounds 615/0/0/0, dlsch_errors 0, pucch0_DTX 0 (SNR 20.8+0.8) RSSI -125.7, BLER 0.00000 MCS (0) 0 (Qm 2) CCE fail 6
UE 275b: ulsch_rounds 3579/0/0/0, ulsch_errors 0, ulsch_DTX 0, BLER 0.00000 MCS (0) 0 (Qm 2 deltaMCS 0) NPRB 5 SNR 16.2 (+1.2) RSSI -41.3 CCE fail 37
UE 275b: LCID 1,2,4, goodput DL    0.00 UL    0.00 Mbps

[0m[NR_MAC] Frame.Slot 256.0
UE RNTI 275b CU-UE-ID 1 in-sync PH 45 dB PCMAX 20 dBm, average SINR 40.0 (32 meas)
UE 275b: dlsch_rounds 618/0/0/0, dlsch_errors 0, pucch0_DTX 0 (SNR 20.8+0.8) RSSI -125.7, BLER 0.00000 MCS (0) 0 (Qm 2) CCE fail 6
UE 275b: ulsch_rounds 3594/0/0/0, ulsch_errors 0, ulsch_DTX 0, BLER 0.00000 MCS (0) 0 (Qm 2 deltaMCS 0) NPRB 5 SNR 17.0 (+2.0) RSSI -41.3 CCE fail 37
UE 275b: LCID 1,2,4, goodput DL    0.00 UL    0.00 Mbps

[0m[NR_MAC] Frame.Slot 384.0
UE RNTI 275b CU-UE-ID 1 in-sync PH 45 dB PCMAX 20 dBm, average SINR 40.0 (32 meas)
UE 275b: dlsch_rounds 620/0/0/0, dlsch_errors 0, pucch0_DTX 0 (SNR 20.8+0.8) RSSI -125.7, BLER 0.00000 MCS (0) 0 (Qm 2) CCE fail 6
UE 275b: ulsch_rounds 3609/0/0/0, ulsch_errors 0, ulsch_DTX 0, BLER 0.00000 MCS (0) 0 (Qm 2 deltaMCS 0) NPRB 5 SNR 18.3 (+3.3) RSSI -41.3 CCE fail 37
UE 275b: LCID 1,2,4, goodput DL    0.00 UL    0.00 Mbps

[0m[NR_MAC] Frame.Slot 512.0
UE RNTI 275b CU-UE-ID 1 in-sync PH 45 dB PCMAX 20 dBm, average SINR 40.0 (32 meas)
UE 275b: dlsch_rounds 622/0/0/0, dlsch_errors 0, pucch0_DTX 0 (SNR 20.8+0.8) RSSI -125.7, BLER 0.00000 MCS (0) 0 (Qm 2) CCE fail 6
UE 275b: ulsch_rounds 3622/0/0/0, ulsch_errors 0, ulsch_DTX 0, BLER 0.00000 MCS (0) 0 (Qm 2 deltaMCS 0) NPRB 5 SNR 17.2 (+2.2) RSSI -41.3 CCE fail 37
UE 275b: LCID 1,2,4, goodput DL    0.00 UL    0.00 Mbps

[0m[NR_MAC] Frame.Slot 640.0
UE RNTI 275b CU-UE-ID 1 in-sync PH 45 dB PCMAX 20 dBm, average SINR 40.0 (32 meas)
UE 275b: dlsch_rounds 625/0/0/0, dlsch_errors 0, pucch0_DTX 0 (SNR 20.8+0.8) RSSI -125.7, BLER 0.00000 MCS (0) 0 (Qm 2) CCE fail 6
UE 275b: ulsch_rounds 3639/0/0/0, ulsch_errors 0, ulsch_DTX 0, BLER 0.00000 MCS (0) 0 (Qm 2 deltaMCS 0) NPRB 5 SNR 17.0 (+2.0) RSSI -41.3 CCE fail 38
UE 275b: LCID 1,2,4, goodput DL    0.00 UL    0.00 Mbps

[0m[NR_MAC] Frame.Slot 768.0
UE RNTI 275b CU-UE-ID 1 in-sync PH 45 dB PCMAX 20 dBm, average SINR 40.0 (32 meas)
UE 275b: dlsch_rounds 628/0/0/0, dlsch_errors 0, pucch0_DTX 0 (SNR 20.8+0.8) RSSI -125.7, BLER 0.00000 MCS (0) 0 (Qm 2) CCE fail 6
UE 275b: ulsch_rounds 3653/0/0/0, ulsch_errors 0, ulsch_DTX 0, BLER 0.00000 MCS (0) 0 (Qm 2 deltaMCS 0) NPRB 5 SNR 16.7 (+1.7) RSSI -41.3 CCE fail 38
UE 275b: LCID 1,2,4, goodput DL    0.00 UL    0.00 Mbps

[0m[NR_MAC] Frame.Slot 896.0
UE RNTI 275b CU-UE-ID 1 in-sync PH 45 dB PCMAX 20 dBm, average SINR 40.0 (32 meas)
UE 275b: dlsch_rounds 630/0/0/0, dlsch_errors 0, pucch0_DTX 0 (SNR 20.8+0.8) RSSI -125.7, BLER 0.00000 MCS (0) 0 (Qm 2) CCE fail 6
UE 275b: ulsch_rounds 3667/0/0/0, ulsch_errors 0, ulsch_DTX 0, BLER 0.00000 MCS (0) 0 (Qm 2 deltaMCS 0) NPRB 5 SNR 17.5 (+2.5) RSSI -41.3 CCE fail 38
UE 275b: LCID 1,2,4, goodput DL    0.00 UL    0.00 Mbps

[0m[NR_MAC] Frame.Slot 0.0
UE RNTI 275b CU-UE-ID 1 in-sync PH 45 dB PCMAX 20 dBm, average SINR 40.0 (32 meas)
UE 275b: dlsch_rounds 633/0/0/0, dlsch_errors 0, pucch0_DTX 0 (SNR 20.8+0.8) RSSI -125.7, BLER 0.00000 MCS (0) 0 (Qm 2) CCE fail 6
UE 275b: ulsch_rounds 3682/0/0/0, ulsch_errors 0, ulsch_DTX 0, BLER 0.00000 MCS (0) 0 (Qm 2 deltaMCS 0) NPRB 5 SNR 17.2 (+2.2) RSSI -41.3 CCE fail 38
UE 275b: LCID 1,2,4, goodput DL    0.00 UL    0.00 Mbps

[0m[NR_MAC] Frame.Slot 128.0
UE RNTI 275b CU-UE-ID 1 in-sync PH 45 dB PCMAX 20 dBm, average SINR 40.0 (32 meas)
UE 275b: dlsch_rounds 635/0/0/0, dlsch_errors 0, pucch0_DTX 0 (SNR 20.8+0.8) RSSI -125.7, BLER 0.00000 MCS (0) 0 (Qm 2) CCE fail 6
UE 275b: ulsch_rounds 3697/0/0/0, ulsch_errors 0, ulsch_DTX 0, BLER 0.00000 MCS (0) 0 (Qm 2 deltaMCS 0) NPRB 5 SNR 16.1 (+1.1) RSSI -41.4 CCE fail 38
UE 275b: LCID 1,2,4, goodput DL    0.00 UL    0.00 Mbps

[0m[NR_MAC] Frame.Slot 256.0
UE RNTI 275b CU-UE-ID 1 in-sync PH 52 dB PCMAX 20 dBm, average SINR 40.0 (32 meas)
UE 275b: dlsch_rounds 640/0/0/0, dlsch_errors 0, pucch0_DTX 0 (SNR 20.8+0.8) RSSI -125.7, BLER 0.00000 MCS (0) 0 (Qm 2) CCE fail 6
UE 275b: ulsch_rounds 3717/0/0/0, ulsch_errors 0, ulsch_DTX 0, BLER 0.00000 MCS (0) 0 (Qm 2 deltaMCS 0) NPRB 5 SNR 17.6 (+2.6) RSSI -41.1 CCE fail 39
UE 275b: LCID 1,2,4, goodput DL    0.00 UL    0.00 Mbps

[0m[NR_MAC] Frame.Slot 384.0
UE RNTI 275b CU-UE-ID 1 in-sync PH 52 dB PCMAX 20 dBm, average SINR 40.0 (32 meas)
UE 275b: dlsch_rounds 645/0/0/0, dlsch_errors 0, pucch0_DTX 0 (SNR 20.8+0.8) RSSI -125.7, BLER 0.00000 MCS (0) 0 (Qm 2) CCE fail 6
UE 275b: ulsch_rounds 3742/0/0/0, ulsch_errors 0, ulsch_DTX 0, BLER 0.00000 MCS (0) 0 (Qm 2 deltaMCS 0) NPRB 5 SNR 23.1 (+8.1) RSSI -40.8 CCE fail 39
UE 275b: LCID 1,2,4, goodput DL    0.00 UL    0.01 Mbps

[0m[NR_MAC] Frame.Slot 512.0
UE RNTI 275b CU-UE-ID 1 in-sync PH 52 dB PCMAX 20 dBm, average SINR 40.0 (32 meas)
UE 275b: dlsch_rounds 651/0/0/0, dlsch_errors 0, pucch0_DTX 0 (SNR 20.8+0.8) RSSI -125.7, BLER 0.00000 MCS (0) 0 (Qm 2) CCE fail 6
UE 275b: ulsch_rounds 3768/0/0/0, ulsch_errors 0, ulsch_DTX 0, BLER 0.00000 MCS (0) 0 (Qm 2 deltaMCS 0) NPRB 25 SNR 23.4 (+8.4) RSSI -41.1 CCE fail 39
UE 275b: LCID 1,2,4, goodput DL    0.00 UL    0.01 Mbps

[0m[NR_MAC] Frame.Slot 640.0
UE RNTI 275b CU-UE-ID 1 in-sync PH 45 dB PCMAX 20 dBm, average SINR 40.0 (32 meas)
UE 275b: dlsch_rounds 655/0/0/0, dlsch_errors 0, pucch0_DTX 0 (SNR 20.8+0.8) RSSI -125.7, BLER 0.00000 MCS (0) 0 (Qm 2) CCE fail 6
UE 275b: ulsch_rounds 3798/0/0/0, ulsch_errors 0, ulsch_DTX 0, BLER 0.00000 MCS (0) 0 (Qm 2 deltaMCS 0) NPRB 5 SNR 16.7 (+1.7) RSSI -40.9 CCE fail 40
UE 275b: LCID 1,2,4, goodput DL    0.00 UL    0.01 Mbps

[0m[NR_MAC] Frame.Slot 768.0
UE RNTI 275b CU-UE-ID 1 in-sync PH 45 dB PCMAX 20 dBm, average SINR 40.0 (32 meas)
UE 275b: dlsch_rounds 661/0/0/0, dlsch_errors 0, pucch0_DTX 0 (SNR 20.8+0.8) RSSI -125.7, BLER 0.00000 MCS (0) 0 (Qm 2) CCE fail 6
UE 275b: ulsch_rounds 3819/0/0/0, ulsch_errors 0, ulsch_DTX 0, BLER 0.00000 MCS (0) 0 (Qm 2 deltaMCS 0) NPRB 5 SNR 18.1 (+3.1) RSSI -40.8 CCE fail 43
UE 275b: LCID 1,2,4, goodput DL    0.00 UL    0.01 Mbps

[0m[NR_MAC] Frame.Slot 896.0
UE RNTI 275b CU-UE-ID 1 in-sync PH 52 dB PCMAX 20 dBm, average SINR 40.0 (32 meas)
UE 275b: dlsch_rounds 666/0/0/0, dlsch_errors 0, pucch0_DTX 0 (SNR 20.8+0.8) RSSI -125.7, BLER 0.00000 MCS (0) 0 (Qm 2) CCE fail 6
UE 275b: ulsch_rounds 3854/0/0/0, ulsch_errors 0, ulsch_DTX 0, BLER 0.00000 MCS (0) 1 (Qm 2 deltaMCS 0) NPRB 25 SNR 16.3 (+1.3) RSSI -41.1 CCE fail 44
UE 275b: LCID 1,2,4, goodput DL    0.00 UL    0.02 Mbps

[0m[NR_MAC] Frame.Slot 0.0
UE RNTI 275b CU-UE-ID 1 in-sync PH 52 dB PCMAX 20 dBm, average SINR 40.0 (32 meas)
UE 275b: dlsch_rounds 672/0/0/0, dlsch_errors 0, pucch0_DTX 0 (SNR 20.8+0.8) RSSI -125.7, BLER 0.00000 MCS (0) 0 (Qm 2) CCE fail 6
UE 275b: ulsch_rounds 3900/0/0/0, ulsch_errors 0, ulsch_DTX 0, BLER 0.00000 MCS (0) 0 (Qm 2 deltaMCS 0) NPRB 25 SNR 16.1 (+1.1) RSSI -41.7 CCE fail 48
UE 275b: LCID 1,2,4, goodput DL    0.00 UL    0.03 Mbps

[0m[NR_MAC] Frame.Slot 128.0
UE RNTI 275b CU-UE-ID 1 in-sync PH 52 dB PCMAX 20 dBm, average SINR 40.0 (32 meas)
UE 275b: dlsch_rounds 677/0/0/0, dlsch_errors 0, pucch0_DTX 0 (SNR 20.8+0.8) RSSI -125.7, BLER 0.00000 MCS (0) 0 (Qm 2) CCE fail 6
UE 275b: ulsch_rounds 3935/0/0/0, ulsch_errors 0, ulsch_DTX 0, BLER 0.00000 MCS (0) 1 (Qm 2 deltaMCS 0) NPRB 25 SNR 16.8 (+1.8) RSSI -41.9 CCE fail 52
UE 275b: LCID 1,2,4, goodput DL    0.00 UL    0.03 Mbps

[0m[NR_MAC] Frame.Slot 256.0
UE RNTI 275b CU-UE-ID 1 in-sync PH 52 dB PCMAX 20 dBm, average SINR 40.0 (32 meas)
UE 275b: dlsch_rounds 684/0/0/0, dlsch_errors 0, pucch0_DTX 0 (SNR 20.8+0.8) RSSI -125.7, BLER 0.00000 MCS (0) 0 (Qm 2) CCE fail 6
UE 275b: ulsch_rounds 3981/0/0/0, ulsch_errors 0, ulsch_DTX 0, BLER 0.00000 MCS (0) 1 (Qm 2 deltaMCS 0) NPRB 25 SNR 16.8 (+1.8) RSSI -42.0 CCE fail 57
UE 275b: LCID 1,2,4, goodput DL    0.00 UL    0.03 Mbps

[0m[NR_MAC] Frame.Slot 384.0
UE RNTI 275b CU-UE-ID 1 in-sync PH 52 dB PCMAX 20 dBm, average SINR 40.0 (32 meas)
UE 275b: dlsch_rounds 689/0/0/0, dlsch_errors 0, pucch0_DTX 0 (SNR 20.8+0.8) RSSI -125.7, BLER 0.00000 MCS (0) 0 (Qm 2) CCE fail 6
UE 275b: ulsch_rounds 4016/0/0/0, ulsch_errors 0, ulsch_DTX 0, BLER 0.00000 MCS (0) 0 (Qm 2 deltaMCS 0) NPRB 25 SNR 16.6 (+1.6) RSSI -42.0 CCE fail 59
UE 275b: LCID 1,2,4, goodput DL    0.00 UL    0.02 Mbps

[0m[NR_MAC] Frame.Slot 512.0
UE RNTI 275b CU-UE-ID 1 in-sync PH 52 dB PCMAX 20 dBm, average SINR 40.0 (32 meas)
UE 275b: dlsch_rounds 695/0/0/0, dlsch_errors 0, pucch0_DTX 0 (SNR 20.8+0.8) RSSI -125.7, BLER 0.00000 MCS (0) 0 (Qm 2) CCE fail 6
UE 275b: ulsch_rounds 4062/0/0/0, ulsch_errors 0, ulsch_DTX 0, BLER 0.00000 MCS (0) 1 (Qm 2 deltaMCS 0) NPRB 25 SNR 16.6 (+1.6) RSSI -42.0 CCE fail 61
UE 275b: LCID 1,2,4, goodput DL    0.00 UL    0.03 Mbps

[0m[NR_MAC] Frame.Slot 640.0
UE RNTI 275b CU-UE-ID 1 in-sync PH 52 dB PCMAX 20 dBm, average SINR 40.0 (32 meas)
UE 275b: dlsch_rounds 700/0/0/0, dlsch_errors 0, pucch0_DTX 0 (SNR 20.8+0.8) RSSI -125.7, BLER 0.00000 MCS (0) 0 (Qm 2) CCE fail 6
UE 275b: ulsch_rounds 4108/0/0/0, ulsch_errors 0, ulsch_DTX 0, BLER 0.00000 MCS (0) 0 (Qm 2 deltaMCS 0) NPRB 25 SNR 16.7 (+1.7) RSSI -42.0 CCE fail 61
UE 275b: LCID 1,2,4, goodput DL    0.00 UL    0.03 Mbps

[0m[NR_MAC] Frame.Slot 768.0
UE RNTI 275b CU-UE-ID 1 in-sync PH 52 dB PCMAX 20 dBm, average SINR 40.0 (32 meas)
UE 275b: dlsch_rounds 708/0/0/0, dlsch_errors 0, pucch0_DTX 0 (SNR 20.8+0.8) RSSI -125.7, BLER 0.00000 MCS (0) 0 (Qm 2) CCE fail 6
UE 275b: ulsch_rounds 4143/0/0/0, ulsch_errors 0, ulsch_DTX 0, BLER 0.00000 MCS (0) 0 (Qm 2 deltaMCS 0) NPRB 25 SNR 16.3 (+1.3) RSSI -42.0 CCE fail 65
UE 275b: LCID 1,2,4, goodput DL    0.00 UL    0.03 Mbps

[0m[NR_MAC] Frame.Slot 896.0
UE RNTI 275b CU-UE-ID 1 in-sync PH 52 dB PCMAX 20 dBm, average SINR 40.0 (32 meas)
UE 275b: dlsch_rounds 713/0/0/0, dlsch_errors 0, pucch0_DTX 0 (SNR 20.8+0.8) RSSI -125.7, BLER 0.00000 MCS (0) 0 (Qm 2) CCE fail 6
UE 275b: ulsch_rounds 4189/0/0/0, ulsch_errors 0, ulsch_DTX 0, BLER 0.00000 MCS (0) 1 (Qm 2 deltaMCS 0) NPRB 25 SNR 16.3 (+1.3) RSSI -42.0 CCE fail 68
UE 275b: LCID 1,2,4, goodput DL    0.00 UL    0.03 Mbps

[0m[NR_MAC] Frame.Slot 0.0
UE RNTI 275b CU-UE-ID 1 in-sync PH 52 dB PCMAX 20 dBm, average SINR 40.0 (32 meas)
UE 275b: dlsch_rounds 718/0/0/0, dlsch_errors 0, pucch0_DTX 0 (SNR 20.8+0.8) RSSI -125.7, BLER 0.00000 MCS (0) 0 (Qm 2) CCE fail 6
UE 275b: ulsch_rounds 4224/0/0/0, ulsch_errors 0, ulsch_DTX 0, BLER 0.00000 MCS (0) 0 (Qm 2 deltaMCS 0) NPRB 25 SNR 16.9 (+1.9) RSSI -42.0 CCE fail 69
UE 275b: LCID 1,2,4, goodput DL    0.00 UL    0.02 Mbps

[0m[NR_MAC] Frame.Slot 128.0
UE RNTI 275b CU-UE-ID 1 in-sync PH 52 dB PCMAX 20 dBm, average SINR 40.0 (32 meas)
UE 275b: dlsch_rounds 723/0/0/0, dlsch_errors 0, pucch0_DTX 0 (SNR 20.8+0.8) RSSI -125.7, BLER 0.00000 MCS (0) 0 (Qm 2) CCE fail 6
UE 275b: ulsch_rounds 4270/0/0/0, ulsch_errors 0, ulsch_DTX 0, BLER 0.00000 MCS (0) 1 (Qm 2 deltaMCS 0) NPRB 25 SNR 17.0 (+2.0) RSSI -42.0 CCE fail 71
UE 275b: LCID 1,2,4, goodput DL    0.00 UL    0.03 Mbps

[0m[NR_MAC] Frame.Slot 256.0
UE RNTI 275b CU-UE-ID 1 in-sync PH 52 dB PCMAX 20 dBm, average SINR 40.0 (32 meas)
UE 275b: dlsch_rounds 730/0/0/0, dlsch_errors 0, pucch0_DTX 0 (SNR 20.8+0.8) RSSI -125.7, BLER 0.00000 MCS (0) 0 (Qm 2) CCE fail 6
UE 275b: ulsch_rounds 4308/0/0/0, ulsch_errors 0, ulsch_DTX 0, BLER 0.00000 MCS (0) 0 (Qm 2 deltaMCS 0) NPRB 25 SNR 16.3 (+1.3) RSSI -42.0 CCE fail 72
UE 275b: LCID 1,2,4, goodput DL    0.00 UL    0.02 Mbps

[0m[NR_MAC] Frame.Slot 384.0
UE RNTI 275b CU-UE-ID 1 in-sync PH 52 dB PCMAX 20 dBm, average SINR 40.0 (32 meas)
UE 275b: dlsch_rounds 736/0/0/0, dlsch_errors 0, pucch0_DTX 0 (SNR 20.8+0.8) RSSI -125.7, BLER 0.00000 MCS (0) 0 (Qm 2) CCE fail 6
UE 275b: ulsch_rounds 4351/0/0/0, ulsch_errors 0, ulsch_DTX 0, BLER 0.00000 MCS (0) 0 (Qm 2 deltaMCS 0) NPRB 25 SNR 16.8 (+1.8) RSSI -42.0 CCE fail 74
UE 275b: LCID 1,2,4, goodput DL    0.00 UL    0.03 Mbps

[0m[NR_MAC] Frame.Slot 512.0
UE RNTI 275b CU-UE-ID 1 in-sync PH 52 dB PCMAX 20 dBm, average SINR 40.0 (32 meas)
UE 275b: dlsch_rounds 741/0/0/0, dlsch_errors 0, pucch0_DTX 0 (SNR 20.8+0.8) RSSI -125.7, BLER 0.00000 MCS (0) 0 (Qm 2) CCE fail 6
UE 275b: ulsch_rounds 4397/0/0/0, ulsch_errors 0, ulsch_DTX 0, BLER 0.00000 MCS (0) 0 (Qm 2 deltaMCS 0) NPRB 25 SNR 16.9 (+1.9) RSSI -42.0 CCE fail 76
UE 275b: LCID 1,2,4, goodput DL    0.00 UL    0.03 Mbps

[0m[NR_MAC] Frame.Slot 640.0
UE RNTI 275b CU-UE-ID 1 in-sync PH 52 dB PCMAX 20 dBm, average SINR 40.0 (32 meas)
UE 275b: dlsch_rounds 746/0/0/0, dlsch_errors 0, pucch0_DTX 0 (SNR 20.8+0.8) RSSI -125.7, BLER 0.00000 MCS (0) 0 (Qm 2) CCE fail 6
UE 275b: ulsch_rounds 4432/0/0/0, ulsch_errors 0, ulsch_DTX 0, BLER 0.00000 MCS (0) 0 (Qm 2 deltaMCS 0) NPRB 25 SNR 16.6 (+1.6) RSSI -42.0 CCE fail 76
UE 275b: LCID 1,2,4, goodput DL    0.00 UL    0.02 Mbps

[0m[NR_MAC] Frame.Slot 768.0
UE RNTI 275b CU-UE-ID 1 in-sync PH 52 dB PCMAX 20 dBm, average SINR 40.0 (32 meas)
UE 275b: dlsch_rounds 753/0/0/0, dlsch_errors 0, pucch0_DTX 0 (SNR 20.8+0.8) RSSI -125.7, BLER 0.00000 MCS (0) 0 (Qm 2) CCE fail 6
UE 275b: ulsch_rounds 4477/0/0/0, ulsch_errors 0, ulsch_DTX 0, BLER 0.00000 MCS (0) 1 (Qm 2 deltaMCS 0) NPRB 25 SNR 17.7 (+2.7) RSSI -42.0 CCE fail 77
UE 275b: LCID 1,2,4, goodput DL    0.00 UL    0.03 Mbps

[0m[NR_MAC] Frame.Slot 896.0
UE RNTI 275b CU-UE-ID 1 in-sync PH 52 dB PCMAX 20 dBm, average SINR 40.0 (32 meas)
UE 275b: dlsch_rounds 759/0/0/0, dlsch_errors 0, pucch0_DTX 0 (SNR 20.8+0.8) RSSI -125.7, BLER 0.00000 MCS (0) 0 (Qm 2) CCE fail 6
UE 275b: ulsch_rounds 4513/0/0/0, ulsch_errors 0, ulsch_DTX 0, BLER 0.00000 MCS (0) 0 (Qm 2 deltaMCS 0) NPRB 25 SNR 16.4 (+1.4) RSSI -42.0 CCE fail 79
UE 275b: LCID 1,2,4, goodput DL    0.00 UL    0.02 Mbps

[0m[NR_MAC] Frame.Slot 0.0
UE RNTI 275b CU-UE-ID 1 in-sync PH 52 dB PCMAX 20 dBm, average SINR 40.0 (32 meas)
UE 275b: dlsch_rounds 764/0/0/0, dlsch_errors 0, pucch0_DTX 0 (SNR 20.8+0.8) RSSI -125.7, BLER 0.00000 MCS (0) 0 (Qm 2) CCE fail 6
UE 275b: ulsch_rounds 4558/0/0/0, ulsch_errors 0, ulsch_DTX 0, BLER 0.00000 MCS (0) 0 (Qm 2 deltaMCS 0) NPRB 25 SNR 16.7 (+1.7) RSSI -42.0 CCE fail 81
UE 275b: LCID 1,2,4, goodput DL    0.00 UL    0.03 Mbps

[0m[NR_MAC] Frame.Slot 128.0
UE RNTI 275b CU-UE-ID 1 in-sync PH 52 dB PCMAX 20 dBm, average SINR 40.0 (32 meas)
UE 275b: dlsch_rounds 770/0/0/0, dlsch_errors 0, pucch0_DTX 0 (SNR 20.8+0.8) RSSI -125.7, BLER 0.00000 MCS (0) 0 (Qm 2) CCE fail 6
UE 275b: ulsch_rounds 4605/0/0/0, ulsch_errors 0, ulsch_DTX 0, BLER 0.00000 MCS (0) 0 (Qm 2 deltaMCS 0) NPRB 25 SNR 16.6 (+1.6) RSSI -42.0 CCE fail 82
UE 275b: LCID 1,2,4, goodput DL    0.00 UL    0.03 Mbps

[0m[NR_MAC] Frame.Slot 256.0
UE RNTI 275b CU-UE-ID 1 in-sync PH 52 dB PCMAX 20 dBm, average SINR 40.0 (32 meas)
UE 275b: dlsch_rounds 777/0/0/0, dlsch_errors 0, pucch0_DTX 0 (SNR 20.8+0.8) RSSI -125.7, BLER 0.00000 MCS (0) 0 (Qm 2) CCE fail 6
UE 275b: ulsch_rounds 4639/0/0/0, ulsch_errors 0, ulsch_DTX 0, BLER 0.00000 MCS (0) 0 (Qm 2 deltaMCS 0) NPRB 25 SNR 17.4 (+2.4) RSSI -42.0 CCE fail 84
UE 275b: LCID 1,2,4, goodput DL    0.00 UL    0.02 Mbps

[0m[NR_MAC] Frame.Slot 384.0
UE RNTI 275b CU-UE-ID 1 in-sync PH 52 dB PCMAX 20 dBm, average SINR 40.0 (32 meas)
UE 275b: dlsch_rounds 782/0/0/0, dlsch_errors 0, pucch0_DTX 0 (SNR 20.8+0.8) RSSI -125.7, BLER 0.00000 MCS (0) 0 (Qm 2) CCE fail 6
UE 275b: ulsch_rounds 4685/0/0/0, ulsch_errors 0, ulsch_DTX 0, BLER 0.00000 MCS (0) 1 (Qm 2 deltaMCS 0) NPRB 25 SNR 16.6 (+1.6) RSSI -42.0 CCE fail 88
UE 275b: LCID 1,2,4, goodput DL    0.00 UL    0.03 Mbps

[0m[NR_MAC] Frame.Slot 512.0
UE RNTI 275b CU-UE-ID 1 in-sync PH 52 dB PCMAX 20 dBm, average SINR 40.0 (32 meas)
UE 275b: dlsch_rounds 786/0/0/0, dlsch_errors 0, pucch0_DTX 0 (SNR 20.8+0.8) RSSI -125.7, BLER 0.00000 MCS (0) 0 (Qm 2) CCE fail 6
UE 275b: ulsch_rounds 4720/0/0/0, ulsch_errors 0, ulsch_DTX 0, BLER 0.00000 MCS (0) 0 (Qm 2 deltaMCS 0) NPRB 25 SNR 16.3 (+1.3) RSSI -42.0 CCE fail 90
UE 275b: LCID 1,2,4, goodput DL    0.00 UL    0.02 Mbps

[0m[NR_MAC] Frame.Slot 640.0
UE RNTI 275b CU-UE-ID 1 in-sync PH 52 dB PCMAX 20 dBm, average SINR 40.0 (32 meas)
UE 275b: dlsch_rounds 793/0/0/0, dlsch_errors 0, pucch0_DTX 0 (SNR 20.8+0.8) RSSI -125.7, BLER 0.00000 MCS (0) 0 (Qm 2) CCE fail 6
UE 275b: ulsch_rounds 4766/0/0/0, ulsch_errors 0, ulsch_DTX 0, BLER 0.00000 MCS (0) 0 (Qm 2 deltaMCS 0) NPRB 25 SNR 16.4 (+1.4) RSSI -42.0 CCE fail 91
UE 275b: LCID 1,2,4, goodput DL    0.00 UL    0.03 Mbps

[0m[NR_MAC] Frame.Slot 768.0
UE RNTI 275b CU-UE-ID 1 in-sync PH 52 dB PCMAX 20 dBm, average SINR 40.0 (32 meas)
UE 275b: dlsch_rounds 799/0/0/0, dlsch_errors 0, pucch0_DTX 0 (SNR 20.8+0.8) RSSI -125.7, BLER 0.00000 MCS (0) 0 (Qm 2) CCE fail 6
UE 275b: ulsch_rounds 4812/0/0/0, ulsch_errors 0, ulsch_DTX 0, BLER 0.00000 MCS (0) 0 (Qm 2 deltaMCS 0) NPRB 25 SNR 16.5 (+1.5) RSSI -42.0 CCE fail 92
UE 275b: LCID 1,2,4, goodput DL    0.00 UL    0.03 Mbps

[0m[NR_MAC] Frame.Slot 896.0
UE RNTI 275b CU-UE-ID 1 in-sync PH 52 dB PCMAX 20 dBm, average SINR 40.0 (32 meas)
UE 275b: dlsch_rounds 803/0/0/0, dlsch_errors 0, pucch0_DTX 0 (SNR 20.8+0.8) RSSI -125.7, BLER 0.00000 MCS (0) 0 (Qm 2) CCE fail 6
UE 275b: ulsch_rounds 4846/1/0/0, ulsch_errors 0, ulsch_DTX 1, BLER 0.02657 MCS (0) 0 (Qm 2 deltaMCS 0) NPRB 25 SNR 26.0 (+11.0) RSSI -42.0 CCE fail 95
UE 275b: LCID 1,2,4, goodput DL    0.00 UL    0.02 Mbps

[0m[NR_MAC] Frame.Slot 0.0
UE RNTI 275b CU-UE-ID 1 in-sync PH 52 dB PCMAX 20 dBm, average SINR 40.0 (32 meas)
UE 275b: dlsch_rounds 810/0/0/0, dlsch_errors 0, pucch0_DTX 0 (SNR 20.8+0.8) RSSI -125.7, BLER 0.00000 MCS (0) 0 (Qm 2) CCE fail 6
UE 275b: ulsch_rounds 4892/1/0/0, ulsch_errors 0, ulsch_DTX 1, BLER 0.00927 MCS (0) 1 (Qm 2 deltaMCS 0) NPRB 25 SNR 16.2 (+1.2) RSSI -42.0 CCE fail 98
UE 275b: LCID 1,2,4, goodput DL    0.00 UL    0.03 Mbps

[0m[NR_MAC] Frame.Slot 128.0
UE RNTI 275b CU-UE-ID 1 in-sync PH 52 dB PCMAX 20 dBm, average SINR 40.0 (32 meas)
UE 275b: dlsch_rounds 815/0/0/0, dlsch_errors 0, pucch0_DTX 0 (SNR 20.8+0.8) RSSI -125.7, BLER 0.00000 MCS (0) 0 (Qm 2) CCE fail 6
UE 275b: ulsch_rounds 4927/1/0/0, ulsch_errors 0, ulsch_DTX 1, BLER 0.00323 MCS (0) 0 (Qm 2 deltaMCS 0) NPRB 25 SNR 16.9 (+1.9) RSSI -42.0 CCE fail 100
UE 275b: LCID 1,2,4, goodput DL    0.00 UL    0.02 Mbps

[0m[NR_MAC] Frame.Slot 256.0
UE RNTI 275b CU-UE-ID 1 in-sync PH 52 dB PCMAX 20 dBm, average SINR 40.0 (32 meas)
UE 275b: dlsch_rounds 821/0/0/0, dlsch_errors 0, pucch0_DTX 0 (SNR 20.8+0.8) RSSI -125.7, BLER 0.00000 MCS (0) 0 (Qm 2) CCE fail 6
UE 275b: ulsch_rounds 4973/1/0/0, ulsch_errors 0, ulsch_DTX 1, BLER 0.00101 MCS (0) 0 (Qm 2 deltaMCS 0) NPRB 25 SNR 16.0 (+1.0) RSSI -42.0 CCE fail 104
UE 275b: LCID 1,2,4, goodput DL    0.00 UL    0.03 Mbps

[0m[NR_MAC] Frame.Slot 384.0
UE RNTI 275b CU-UE-ID 1 in-sync PH 52 dB PCMAX 20 dBm, average SINR 40.0 (32 meas)
UE 275b: dlsch_rounds 828/0/0/0, dlsch_errors 0, pucch0_DTX 0 (SNR 20.8+0.8) RSSI -125.7, BLER 0.00000 MCS (0) 0 (Qm 2) CCE fail 6
UE 275b: ulsch_rounds 5019/1/0/0, ulsch_errors 0, ulsch_DTX 1, BLER 0.00035 MCS (0) 0 (Qm 2 deltaMCS 0) NPRB 25 SNR 16.1 (+1.1) RSSI -42.0 CCE fail 105
UE 275b: LCID 1,2,4, goodput DL    0.00 UL    0.03 Mbps

[0m[NR_MAC] Frame.Slot 512.0
UE RNTI 275b CU-UE-ID 1 in-sync PH 52 dB PCMAX 20 dBm, average SINR 40.0 (32 meas)
UE 275b: dlsch_rounds 834/0/0/0, dlsch_errors 0, pucch0_DTX 0 (SNR 20.8+0.8) RSSI -125.7, BLER 0.00000 MCS (0) 0 (Qm 2) CCE fail 6
UE 275b: ulsch_rounds 5054/1/0/0, ulsch_errors 0, ulsch_DTX 1, BLER 0.00014 MCS (0) 0 (Qm 2 deltaMCS 0) NPRB 25 SNR 16.8 (+1.8) RSSI -42.0 CCE fail 105
UE 275b: LCID 1,2,4, goodput DL    0.00 UL    0.02 Mbps

[0m[NR_MAC] Frame.Slot 640.0
UE RNTI 275b CU-UE-ID 1 in-sync PH 52 dB PCMAX 20 dBm, average SINR 40.0 (32 meas)
UE 275b: dlsch_rounds 839/0/0/0, dlsch_errors 0, pucch0_DTX 0 (SNR 20.8+0.8) RSSI -125.7, BLER 0.00000 MCS (0) 0 (Qm 2) CCE fail 6
UE 275b: ulsch_rounds 5100/1/0/0, ulsch_errors 0, ulsch_DTX 1, BLER 0.00005 MCS (0) 1 (Qm 2 deltaMCS 0) NPRB 25 SNR 16.9 (+1.9) RSSI -42.0 CCE fail 108
UE 275b: LCID 1,2,4, goodput DL    0.00 UL    0.03 Mbps

[0m[NR_MAC] Frame.Slot 768.0
UE RNTI 275b CU-UE-ID 1 in-sync PH 52 dB PCMAX 20 dBm, average SINR 40.0 (32 meas)
UE 275b: dlsch_rounds 845/0/0/0, dlsch_errors 0, pucch0_DTX 0 (SNR 20.8+0.8) RSSI -125.7, BLER 0.00000 MCS (0) 0 (Qm 2) CCE fail 6
UE 275b: ulsch_rounds 5135/1/0/0, ulsch_errors 0, ulsch_DTX 1, BLER 0.00002 MCS (0) 0 (Qm 2 deltaMCS 0) NPRB 25 SNR 16.7 (+1.7) RSSI -42.0 CCE fail 109
UE 275b: LCID 1,2,4, goodput DL    0.00 UL    0.02 Mbps

[0m[NR_MAC] Frame.Slot 896.0
UE RNTI 275b CU-UE-ID 1 in-sync PH 52 dB PCMAX 20 dBm, average SINR 40.0 (32 meas)
UE 275b: dlsch_rounds 853/0/0/0, dlsch_errors 0, pucch0_DTX 0 (SNR 20.8+0.8) RSSI -125.7, BLER 0.00000 MCS (0) 0 (Qm 2) CCE fail 6
UE 275b: ulsch_rounds 5181/1/0/0, ulsch_errors 0, ulsch_DTX 1, BLER 0.00001 MCS (0) 0 (Qm 2 deltaMCS 0) NPRB 25 SNR 16.8 (+1.8) RSSI -42.0 CCE fail 112
UE 275b: LCID 1,2,4, goodput DL    0.00 UL    0.03 Mbps

[0m[NR_MAC] Frame.Slot 0.0
UE RNTI 275b CU-UE-ID 1 in-sync PH 52 dB PCMAX 20 dBm, average SINR 40.0 (32 meas)
UE 275b: dlsch_rounds 857/0/0/0, dlsch_errors 0, pucch0_DTX 0 (SNR 20.8+0.8) RSSI -125.7, BLER 0.00000 MCS (0) 0 (Qm 2) CCE fail 6
UE 275b: ulsch_rounds 5227/1/0/0, ulsch_errors 0, ulsch_DTX 1, BLER 0.00000 MCS (0) 0 (Qm 2 deltaMCS 0) NPRB 25 SNR 16.9 (+1.9) RSSI -42.0 CCE fail 116
UE 275b: LCID 1,2,4, goodput DL    0.00 UL    0.03 Mbps

[0m[NR_MAC] Frame.Slot 128.0
UE RNTI 275b CU-UE-ID 1 in-sync PH 52 dB PCMAX 20 dBm, average SINR 40.0 (32 meas)
UE 275b: dlsch_rounds 863/0/0/0, dlsch_errors 0, pucch0_DTX 0 (SNR 20.8+0.8) RSSI -125.7, BLER 0.00000 MCS (0) 0 (Qm 2) CCE fail 6
UE 275b: ulsch_rounds 5262/1/0/0, ulsch_errors 0, ulsch_DTX 1, BLER 0.00000 MCS (0) 0 (Qm 2 deltaMCS 0) NPRB 25 SNR 16.6 (+1.6) RSSI -42.0 CCE fail 120
UE 275b: LCID 1,2,4, goodput DL    0.00 UL    0.02 Mbps

[0m[NR_MAC] Frame.Slot 256.0
UE RNTI 275b CU-UE-ID 1 in-sync PH 52 dB PCMAX 20 dBm, average SINR 40.0 (32 meas)
UE 275b: dlsch_rounds 868/0/0/0, dlsch_errors 0, pucch0_DTX 0 (SNR 20.8+0.8) RSSI -125.7, BLER 0.00000 MCS (0) 0 (Qm 2) CCE fail 6
UE 275b: ulsch_rounds 5308/1/0/0, ulsch_errors 0, ulsch_DTX 1, BLER 0.00000 MCS (0) 1 (Qm 2 deltaMCS 0) NPRB 25 SNR 16.7 (+1.7) RSSI -42.0 CCE fail 122
UE 275b: LCID 1,2,4, goodput DL    0.00 UL    0.03 Mbps

[0m[NR_MAC] Frame.Slot 384.0
UE RNTI 275b CU-UE-ID 1 in-sync PH 52 dB PCMAX 20 dBm, average SINR 40.0 (32 meas)
UE 275b: dlsch_rounds 874/0/0/0, dlsch_errors 0, pucch0_DTX 0 (SNR 20.8+0.8) RSSI -125.7, BLER 0.00000 MCS (0) 0 (Qm 2) CCE fail 6
UE 275b: ulsch_rounds 5343/1/0/0, ulsch_errors 0, ulsch_DTX 1, BLER 0.00000 MCS (0) 0 (Qm 2 deltaMCS 0) NPRB 25 SNR 16.5 (+1.5) RSSI -42.0 CCE fail 122
UE 275b: LCID 1,2,4, goodput DL    0.00 UL    0.02 Mbps

[0m[NR_MAC] Frame.Slot 512.0
UE RNTI 275b CU-UE-ID 1 in-sync PH 52 dB PCMAX 20 dBm, average SINR 40.0 (32 meas)
UE 275b: dlsch_rounds 880/0/0/0, dlsch_errors 0, pucch0_DTX 0 (SNR 20.8+0.8) RSSI -125.7, BLER 0.00000 MCS (0) 0 (Qm 2) CCE fail 6
UE 275b: ulsch_rounds 5389/1/0/0, ulsch_errors 0, ulsch_DTX 1, BLER 0.00000 MCS (0) 1 (Qm 2 deltaMCS 0) NPRB 25 SNR 16.6 (+1.6) RSSI -42.0 CCE fail 123
UE 275b: LCID 1,2,4, goodput DL    0.00 UL    0.03 Mbps

[0m[NR_MAC] Frame.Slot 640.0
UE RNTI 275b CU-UE-ID 1 in-sync PH 52 dB PCMAX 20 dBm, average SINR 40.0 (32 meas)
UE 275b: dlsch_rounds 886/0/0/0, dlsch_errors 0, pucch0_DTX 0 (SNR 20.8+0.8) RSSI -125.7, BLER 0.00000 MCS (0) 0 (Qm 2) CCE fail 6
UE 275b: ulsch_rounds 5435/1/0/0, ulsch_errors 0, ulsch_DTX 1, BLER 0.00000 MCS (0) 0 (Qm 2 deltaMCS 0) NPRB 25 SNR 16.7 (+1.7) RSSI -42.0 CCE fail 123
UE 275b: LCID 1,2,4, goodput DL    0.00 UL    0.03 Mbps

[0m[NR_MAC] Frame.Slot 768.0
UE RNTI 275b CU-UE-ID 1 in-sync PH 52 dB PCMAX 20 dBm, average SINR 40.0 (32 meas)
UE 275b: dlsch_rounds 891/0/0/0, dlsch_errors 0, pucch0_DTX 0 (SNR 20.8+0.8) RSSI -125.7, BLER 0.00000 MCS (0) 0 (Qm 2) CCE fail 6
UE 275b: ulsch_rounds 5470/1/0/0, ulsch_errors 0, ulsch_DTX 1, BLER 0.00000 MCS (0) 1 (Qm 2 deltaMCS 0) NPRB 25 SNR 16.4 (+1.4) RSSI -42.0 CCE fail 127
UE 275b: LCID 1,2,4, goodput DL    0.00 UL    0.03 Mbps

[0m[NR_MAC] Frame.Slot 896.0
UE RNTI 275b CU-UE-ID 1 in-sync PH 52 dB PCMAX 20 dBm, average SINR 40.0 (32 meas)
UE 275b: dlsch_rounds 900/0/0/0, dlsch_errors 0, pucch0_DTX 0 (SNR 20.8+0.8) RSSI -125.7, BLER 0.00000 MCS (0) 0 (Qm 2) CCE fail 6
UE 275b: ulsch_rounds 5516/1/0/0, ulsch_errors 0, ulsch_DTX 1, BLER 0.00000 MCS (0) 0 (Qm 2 deltaMCS 0) NPRB 25 SNR 16.5 (+1.5) RSSI -42.0 CCE fail 132
UE 275b: LCID 1,2,4, goodput DL    0.00 UL    0.03 Mbps

[0m[NR_MAC] Frame.Slot 0.0
UE RNTI 275b CU-UE-ID 1 in-sync PH 52 dB PCMAX 20 dBm, average SINR 40.0 (32 meas)
UE 275b: dlsch_rounds 905/0/0/0, dlsch_errors 0, pucch0_DTX 0 (SNR 20.8+0.8) RSSI -125.7, BLER 0.00000 MCS (0) 0 (Qm 2) CCE fail 6
UE 275b: ulsch_rounds 5551/1/0/0, ulsch_errors 0, ulsch_DTX 1, BLER 0.00000 MCS (0) 0 (Qm 2 deltaMCS 0) NPRB 25 SNR 16.2 (+1.2) RSSI -42.0 CCE fail 134
UE 275b: LCID 1,2,4, goodput DL    0.00 UL    0.02 Mbps

[0m[NR_MAC] Frame.Slot 128.0
UE RNTI 275b CU-UE-ID 1 in-sync PH 52 dB PCMAX 20 dBm, average SINR 40.0 (32 meas)
UE 275b: dlsch_rounds 913/0/0/0, dlsch_errors 0, pucch0_DTX 0 (SNR 20.8+0.8) RSSI -125.7, BLER 0.00000 MCS (0) 0 (Qm 2) CCE fail 6
UE 275b: ulsch_rounds 5597/1/0/0, ulsch_errors 0, ulsch_DTX 1, BLER 0.00000 MCS (0) 0 (Qm 2 deltaMCS 0) NPRB 25 SNR 16.3 (+1.3) RSSI -42.0 CCE fail 136
UE 275b: LCID 1,2,4, goodput DL    0.00 UL    0.03 Mbps

[0m[NR_MAC] Frame.Slot 256.0
UE RNTI 275b CU-UE-ID 1 in-sync PH 52 dB PCMAX 20 dBm, average SINR 40.0 (32 meas)
UE 275b: dlsch_rounds 917/0/0/0, dlsch_errors 0, pucch0_DTX 0 (SNR 20.8+0.8) RSSI -125.7, BLER 0.00000 MCS (0) 0 (Qm 2) CCE fail 6
UE 275b: ulsch_rounds 5641/1/0/0, ulsch_errors 0, ulsch_DTX 1, BLER 0.00000 MCS (0) 0 (Qm 2 deltaMCS 0) NPRB 25 SNR 17.6 (+2.6) RSSI -42.0 CCE fail 137
UE 275b: LCID 1,2,4, goodput DL    0.00 UL    0.03 Mbps

[0m[NR_MAC] Frame.Slot 384.0
UE RNTI 275b CU-UE-ID 1 in-sync PH 52 dB PCMAX 20 dBm, average SINR 40.0 (32 meas)
UE 275b: dlsch_rounds 925/0/0/0, dlsch_errors 0, pucch0_DTX 0 (SNR 20.8+0.8) RSSI -125.7, BLER 0.00000 MCS (0) 0 (Qm 2) CCE fail 6
UE 275b: ulsch_rounds 5678/1/0/0, ulsch_errors 0, ulsch_DTX 1, BLER 0.00000 MCS (0) 0 (Qm 2 deltaMCS 0) NPRB 25 SNR 16.2 (+1.2) RSSI -42.0 CCE fail 140
UE 275b: LCID 1,2,4, goodput DL    0.00 UL    0.03 Mbps

[0m[NR_MAC] Frame.Slot 512.0
UE RNTI 275b CU-UE-ID 1 in-sync PH 52 dB PCMAX 20 dBm, average SINR 40.0 (32 meas)
UE 275b: dlsch_rounds 930/0/0/0, dlsch_errors 0, pucch0_DTX 0 (SNR 20.8+0.8) RSSI -125.7, BLER 0.00000 MCS (0) 0 (Qm 2) CCE fail 6
UE 275b: ulsch_rounds 5724/1/0/0, ulsch_errors 0, ulsch_DTX 1, BLER 0.00000 MCS (0) 1 (Qm 2 deltaMCS 0) NPRB 25 SNR 16.3 (+1.3) RSSI -42.0 CCE fail 142
UE 275b: LCID 1,2,4, goodput DL    0.00 UL    0.03 Mbps

[0m[NR_MAC] Frame.Slot 640.0
UE RNTI 275b CU-UE-ID 1 in-sync PH 52 dB PCMAX 20 dBm, average SINR 40.0 (32 meas)
UE 275b: dlsch_rounds 935/0/0/0, dlsch_errors 0, pucch0_DTX 0 (SNR 20.8+0.8) RSSI -125.7, BLER 0.00000 MCS (0) 0 (Qm 2) CCE fail 6
UE 275b: ulsch_rounds 5759/1/0/0, ulsch_errors 0, ulsch_DTX 1, BLER 0.00000 MCS (0) 0 (Qm 2 deltaMCS 0) NPRB 25 SNR 16.0 (+1.0) RSSI -42.0 CCE fail 142
UE 275b: LCID 1,2,4, goodput DL    0.00 UL    0.02 Mbps

[0m[NR_MAC] Frame.Slot 768.0
UE RNTI 275b CU-UE-ID 1 in-sync PH 52 dB PCMAX 20 dBm, average SINR 40.0 (32 meas)
UE 275b: dlsch_rounds 941/0/0/0, dlsch_errors 0, pucch0_DTX 0 (SNR 20.8+0.8) RSSI -125.7, BLER 0.00000 MCS (0) 0 (Qm 2) CCE fail 6
UE 275b: ulsch_rounds 5805/1/0/0, ulsch_errors 0, ulsch_DTX 1, BLER 0.00000 MCS (0) 0 (Qm 2 deltaMCS 0) NPRB 25 SNR 16.1 (+1.1) RSSI -42.0 CCE fail 142
UE 275b: LCID 1,2,4, goodput DL    0.00 UL    0.03 Mbps

[0m[NR_MAC] Frame.Slot 896.0
UE RNTI 275b CU-UE-ID 1 in-sync PH 52 dB PCMAX 20 dBm, average SINR 40.0 (32 meas)
UE 275b: dlsch_rounds 949/0/0/0, dlsch_errors 0, pucch0_DTX 0 (SNR 20.8+0.8) RSSI -125.7, BLER 0.00000 MCS (0) 0 (Qm 2) CCE fail 6
UE 275b: ulsch_rounds 5847/1/0/0, ulsch_errors 0, ulsch_DTX 1, BLER 0.00000 MCS (0) 0 (Qm 2 deltaMCS 0) NPRB 25 SNR 16.8 (+1.8) RSSI -42.0 CCE fail 143
UE 275b: LCID 1,2,4, goodput DL    0.00 UL    0.03 Mbps

[0m[NR_MAC] Frame.Slot 0.0
UE RNTI 275b CU-UE-ID 1 in-sync PH 52 dB PCMAX 20 dBm, average SINR 40.0 (32 meas)
UE 275b: dlsch_rounds 953/0/0/0, dlsch_errors 0, pucch0_DTX 0 (SNR 20.8+0.8) RSSI -125.7, BLER 0.00000 MCS (0) 0 (Qm 2) CCE fail 6
UE 275b: ulsch_rounds 5886/1/0/0, ulsch_errors 0, ulsch_DTX 1, BLER 0.00000 MCS (0) 0 (Qm 2 deltaMCS 0) NPRB 25 SNR 17.0 (+2.0) RSSI -42.0 CCE fail 143
UE 275b: LCID 1,2,4, goodput DL    0.00 UL    0.03 Mbps

[0m[NR_MAC] Frame.Slot 128.0
UE RNTI 275b CU-UE-ID 1 in-sync PH 52 dB PCMAX 20 dBm, average SINR 40.0 (32 meas)
UE 275b: dlsch_rounds 960/0/0/0, dlsch_errors 0, pucch0_DTX 0 (SNR 20.8+0.8) RSSI -125.7, BLER 0.00000 MCS (0) 0 (Qm 2) CCE fail 6
UE 275b: ulsch_rounds 5932/1/0/0, ulsch_errors 0, ulsch_DTX 1, BLER 0.00000 MCS (0) 0 (Qm 2 deltaMCS 0) NPRB 25 SNR 16.1 (+1.1) RSSI -42.0 CCE fail 146
UE 275b: LCID 1,2,4, goodput DL    0.00 UL    0.03 Mbps

[0m[NR_MAC] Frame.Slot 256.0
UE RNTI 275b CU-UE-ID 1 in-sync PH 52 dB PCMAX 20 dBm, average SINR 40.0 (32 meas)
UE 275b: dlsch_rounds 965/0/0/0, dlsch_errors 0, pucch0_DTX 0 (SNR 20.8+0.8) RSSI -125.7, BLER 0.00000 MCS (0) 0 (Qm 2) CCE fail 6
UE 275b: ulsch_rounds 5967/1/0/0, ulsch_errors 0, ulsch_DTX 1, BLER 0.00000 MCS (0) 0 (Qm 2 deltaMCS 0) NPRB 25 SNR 16.8 (+1.8) RSSI -42.0 CCE fail 148
UE 275b: LCID 1,2,4, goodput DL    0.00 UL    0.02 Mbps

[0m[NR_MAC] Frame.Slot 384.0
UE RNTI 275b CU-UE-ID 1 in-sync PH 52 dB PCMAX 20 dBm, average SINR 40.0 (32 meas)
UE 275b: dlsch_rounds 973/0/0/0, dlsch_errors 0, pucch0_DTX 0 (SNR 20.8+0.8) RSSI -125.7, BLER 0.00000 MCS (0) 0 (Qm 2) CCE fail 6
UE 275b: ulsch_rounds 6013/1/0/0, ulsch_errors 0, ulsch_DTX 1, BLER 0.00000 MCS (0) 0 (Qm 2 deltaMCS 0) NPRB 25 SNR 16.9 (+1.9) RSSI -42.0 CCE fail 150
UE 275b: LCID 1,2,4, goodput DL    0.00 UL    0.03 Mbps

[0m[NR_MAC] Frame.Slot 512.0
UE RNTI 275b CU-UE-ID 1 in-sync PH 52 dB PCMAX 20 dBm, average SINR 40.0 (32 meas)
UE 275b: dlsch_rounds 977/0/0/0, dlsch_errors 0, pucch0_DTX 0 (SNR 20.8+0.8) RSSI -125.7, BLER 0.00000 MCS (0) 0 (Qm 2) CCE fail 6
UE 275b: ulsch_rounds 6052/1/0/0, ulsch_errors 0, ulsch_DTX 1, BLER 0.00000 MCS (0) 0 (Qm 2 deltaMCS 0) NPRB 25 SNR 16.1 (+1.1) RSSI -42.0 CCE fail 154
UE 275b: LCID 1,2,4, goodput DL    0.00 UL    0.03 Mbps

[0m[NR_MAC] Frame.Slot 640.0
UE RNTI 275b CU-UE-ID 1 in-sync PH 52 dB PCMAX 20 dBm, average SINR 40.0 (32 meas)
UE 275b: dlsch_rounds 985/0/0/0, dlsch_errors 0, pucch0_DTX 0 (SNR 20.8+0.8) RSSI -125.7, BLER 0.00000 MCS (0) 0 (Qm 2) CCE fail 6
UE 275b: ulsch_rounds 6094/1/0/0, ulsch_errors 0, ulsch_DTX 1, BLER 0.00000 MCS (0) 0 (Qm 2 deltaMCS 0) NPRB 25 SNR 16.8 (+1.8) RSSI -42.0 CCE fail 154
UE 275b: LCID 1,2,4, goodput DL    0.00 UL    0.03 Mbps

[0m[NR_MAC] Frame.Slot 768.0
UE RNTI 275b CU-UE-ID 1 in-sync PH 52 dB PCMAX 20 dBm, average SINR 40.0 (32 meas)
UE 275b: dlsch_rounds 991/0/0/0, dlsch_errors 0, pucch0_DTX 0 (SNR 20.8+0.8) RSSI -125.7, BLER 0.00000 MCS (0) 0 (Qm 2) CCE fail 6
UE 275b: ulsch_rounds 6140/1/0/0, ulsch_errors 0, ulsch_DTX 1, BLER 0.00000 MCS (0) 1 (Qm 2 deltaMCS 0) NPRB 25 SNR 16.9 (+1.9) RSSI -42.0 CCE fail 154
UE 275b: LCID 1,2,4, goodput DL    0.00 UL    0.03 Mbps

[0m[NR_MAC] Frame.Slot 896.0
UE RNTI 275b CU-UE-ID 1 in-sync PH 52 dB PCMAX 20 dBm, average SINR 40.0 (32 meas)
UE 275b: dlsch_rounds 996/0/0/0, dlsch_errors 0, pucch0_DTX 0 (SNR 20.8+0.8) RSSI -125.7, BLER 0.00000 MCS (0) 0 (Qm 2) CCE fail 7
UE 275b: ulsch_rounds 6174/2/0/0, ulsch_errors 0, ulsch_DTX 2, BLER 0.00505 MCS (0) 0 (Qm 2 deltaMCS 0) NPRB 25 SNR 32.1 (+17.1) RSSI -42.0 CCE fail 156
UE 275b: LCID 1,2,4, goodput DL    0.00 UL    0.02 Mbps

[0m[NR_MAC] Frame.Slot 0.0
UE RNTI 275b CU-UE-ID 1 in-sync PH 52 dB PCMAX 20 dBm, average SINR 40.0 (32 meas)
UE 275b: dlsch_rounds 1003/0/0/0, dlsch_errors 0, pucch0_DTX 0 (SNR 20.8+0.8) RSSI -125.7, BLER 0.00000 MCS (0) 0 (Qm 2) CCE fail 7
UE 275b: ulsch_rounds 6220/2/0/0, ulsch_errors 0, ulsch_DTX 2, BLER 0.00158 MCS (0) 0 (Qm 2 deltaMCS 0) NPRB 25 SNR 17.2 (+2.2) RSSI -42.0 CCE fail 158
UE 275b: LCID 1,2,4, goodput DL    0.00 UL    0.03 Mbps

[0m[NR_MAC] Frame.Slot 128.0
UE RNTI 275b CU-UE-ID 1 in-sync PH 52 dB PCMAX 20 dBm, average SINR 40.0 (32 meas)
UE 275b: dlsch_rounds 1008/0/0/0, dlsch_errors 0, pucch0_DTX 0 (SNR 20.8+0.8) RSSI -125.7, BLER 0.00000 MCS (0) 0 (Qm 2) CCE fail 7
UE 275b: ulsch_rounds 6258/2/0/0, ulsch_errors 0, ulsch_DTX 2, BLER 0.00055 MCS (0) 0 (Qm 2 deltaMCS 0) NPRB 25 SNR 16.4 (+1.4) RSSI -42.0 CCE fail 159
UE 275b: LCID 1,2,4, goodput DL    0.00 UL    0.03 Mbps

[0m[NR_MAC] Frame.Slot 256.0
UE RNTI 275b CU-UE-ID 1 in-sync PH 52 dB PCMAX 20 dBm, average SINR 40.0 (32 meas)
UE 275b: dlsch_rounds 1012/0/0/0, dlsch_errors 0, pucch0_DTX 0 (SNR 20.8+0.8) RSSI -125.7, BLER 0.00000 MCS (0) 0 (Qm 2) CCE fail 7
UE 275b: ulsch_rounds 6301/2/0/0, ulsch_errors 0, ulsch_DTX 2, BLER 0.00017 MCS (0) 0 (Qm 2 deltaMCS 0) NPRB 25 SNR 17.0 (+2.0) RSSI -42.0 CCE fail 161
UE 275b: LCID 1,2,4, goodput DL    0.00 UL    0.03 Mbps

[0m[NR_MAC] Frame.Slot 384.0
UE RNTI 275b CU-UE-ID 1 in-sync PH 52 dB PCMAX 20 dBm, average SINR 40.0 (32 meas)
UE 275b: dlsch_rounds 1019/0/0/0, dlsch_errors 0, pucch0_DTX 0 (SNR 20.8+0.8) RSSI -125.7, BLER 0.00000 MCS (0) 0 (Qm 2) CCE fail 7
UE 275b: ulsch_rounds 6347/2/0/0, ulsch_errors 0, ulsch_DTX 2, BLER 0.00007 MCS (0) 0 (Qm 2 deltaMCS 0) NPRB 25 SNR 17.0 (+2.0) RSSI -42.0 CCE fail 165
UE 275b: LCID 1,2,4, goodput DL    0.00 UL    0.03 Mbps

[0m[NR_MAC] Frame.Slot 512.0
UE RNTI 275b CU-UE-ID 1 in-sync PH 52 dB PCMAX 20 dBm, average SINR 40.0 (32 meas)
UE 275b: dlsch_rounds 1024/0/0/0, dlsch_errors 0, pucch0_DTX 0 (SNR 20.8+0.8) RSSI -125.7, BLER 0.00000 MCS (0) 0 (Qm 2) CCE fail 7
UE 275b: ulsch_rounds 6382/2/0/0, ulsch_errors 0, ulsch_DTX 2, BLER 0.00002 MCS (0) 0 (Qm 2 deltaMCS 0) NPRB 25 SNR 16.7 (+1.7) RSSI -42.0 CCE fail 168
UE 275b: LCID 1,2,4, goodput DL    0.00 UL    0.02 Mbps

[0m[NR_MAC] Frame.Slot 640.0
UE RNTI 275b CU-UE-ID 1 in-sync PH 52 dB PCMAX 20 dBm, average SINR 40.0 (32 meas)
UE 275b: dlsch_rounds 1029/0/0/0, dlsch_errors 0, pucch0_DTX 0 (SNR 20.8+0.8) RSSI -125.7, BLER 0.00000 MCS (0) 0 (Qm 2) CCE fail 7
UE 275b: ulsch_rounds 6428/2/0/0, ulsch_errors 0, ulsch_DTX 2, BLER 0.00001 MCS (0) 0 (Qm 2 deltaMCS 0) NPRB 25 SNR 16.7 (+1.7) RSSI -42.0 CCE fail 168
UE 275b: LCID 1,2,4, goodput DL    0.00 UL    0.03 Mbps

[0m[NR_MAC] Frame.Slot 768.0
UE RNTI 275b CU-UE-ID 1 in-sync PH 52 dB PCMAX 20 dBm, average SINR 40.0 (32 meas)
UE 275b: dlsch_rounds 1034/0/0/0, dlsch_errors 0, pucch0_DTX 0 (SNR 20.8+0.8) RSSI -125.7, BLER 0.00000 MCS (0) 0 (Qm 2) CCE fail 7
UE 275b: ulsch_rounds 6464/2/0/0, ulsch_errors 0, ulsch_DTX 2, BLER 0.00000 MCS (0) 0 (Qm 2 deltaMCS 0) NPRB 25 SNR 16.3 (+1.3) RSSI -42.0 CCE fail 171
UE 275b: LCID 1,2,4, goodput DL    0.00 UL    0.02 Mbps

[0m[NR_MAC] Frame.Slot 896.0
UE RNTI 275b CU-UE-ID 1 in-sync PH 52 dB PCMAX 20 dBm, average SINR 40.0 (32 meas)
UE 275b: dlsch_rounds 1041/0/0/0, dlsch_errors 0, pucch0_DTX 0 (SNR 20.8+0.8) RSSI -125.7, BLER 0.00000 MCS (0) 0 (Qm 2) CCE fail 7
UE 275b: ulsch_rounds 6509/2/0/0, ulsch_errors 0, ulsch_DTX 2, BLER 0.00000 MCS (0) 0 (Qm 2 deltaMCS 0) NPRB 25 SNR 16.5 (+1.5) RSSI -42.0 CCE fail 173
UE 275b: LCID 1,2,4, goodput DL    0.00 UL    0.03 Mbps

[0m[NR_MAC] Frame.Slot 0.0
UE RNTI 275b CU-UE-ID 1 in-sync PH 52 dB PCMAX 20 dBm, average SINR 40.0 (32 meas)
UE 275b: dlsch_rounds 1046/0/0/0, dlsch_errors 0, pucch0_DTX 0 (SNR 20.8+0.8) RSSI -125.7, BLER 0.00000 MCS (0) 0 (Qm 2) CCE fail 7
UE 275b: ulsch_rounds 6555/2/0/0, ulsch_errors 0, ulsch_DTX 2, BLER 0.00000 MCS (0) 1 (Qm 2 deltaMCS 0) NPRB 25 SNR 16.6 (+1.6) RSSI -42.0 CCE fail 175
UE 275b: LCID 1,2,4, goodput DL    0.00 UL    0.03 Mbps

[0m[NR_MAC] Frame.Slot 128.0
UE RNTI 275b CU-UE-ID 1 in-sync PH 52 dB PCMAX 20 dBm, average SINR 40.0 (32 meas)
UE 275b: dlsch_rounds 1051/0/0/0, dlsch_errors 0, pucch0_DTX 0 (SNR 20.8+0.8) RSSI -125.7, BLER 0.00000 MCS (0) 0 (Qm 2) CCE fail 7
UE 275b: ulsch_rounds 6590/2/0/0, ulsch_errors 0, ulsch_DTX 2, BLER 0.00000 MCS (0) 0 (Qm 2 deltaMCS 0) NPRB 25 SNR 16.4 (+1.4) RSSI -42.0 CCE fail 178
UE 275b: LCID 1,2,4, goodput DL    0.00 UL    0.02 Mbps

[0m[NR_MAC] Frame.Slot 256.0
UE RNTI 275b CU-UE-ID 1 in-sync PH 52 dB PCMAX 20 dBm, average SINR 40.0 (32 meas)
UE 275b: dlsch_rounds 1068/0/0/0, dlsch_errors 0, pucch0_DTX 0 (SNR 20.8+0.8) RSSI -125.7, BLER 0.00000 MCS (0) 1 (Qm 2) CCE fail 8
UE 275b: ulsch_rounds 6628/2/0/0, ulsch_errors 0, ulsch_DTX 2, BLER 0.00000 MCS (0) 1 (Qm 2 deltaMCS 0) NPRB 25 SNR 22.7 (+7.7) RSSI -42.0 CCE fail 180
UE 275b: LCID 1,2,4, goodput DL    0.01 UL    0.02 Mbps

[0m[NR_MAC] Frame.Slot 384.0
UE RNTI 275b CU-UE-ID 1 in-sync PH 45 dB PCMAX 20 dBm, average SINR 40.0 (32 meas)
UE 275b: dlsch_rounds 1073/0/0/0, dlsch_errors 0, pucch0_DTX 0 (SNR 20.8+0.8) RSSI -125.7, BLER 0.00000 MCS (0) 0 (Qm 2) CCE fail 8
UE 275b: ulsch_rounds 6644/4/0/0, ulsch_errors 0, ulsch_DTX 4, BLER 0.05139 MCS (0) 0 (Qm 2 deltaMCS 0) NPRB 10 SNR 41.3 (+26.3) RSSI -41.4 CCE fail 180
UE 275b: LCID 1,2,4, goodput DL    0.00 UL    0.01 Mbps

[0m[NR_MAC] Frame.Slot 512.0
UE RNTI 275b CU-UE-ID 1 in-sync PH 45 dB PCMAX 20 dBm, average SINR 40.0 (32 meas)
UE 275b: dlsch_rounds 1076/0/0/0, dlsch_errors 0, pucch0_DTX 0 (SNR 20.8+0.8) RSSI -125.7, BLER 0.00000 MCS (0) 0 (Qm 2) CCE fail 8
UE 275b: ulsch_rounds 6656/5/0/0, ulsch_errors 0, ulsch_DTX 5, BLER 0.05917 MCS (0) 0 (Qm 2 deltaMCS 0) NPRB 5 SNR 38.1 (+23.1) RSSI -41.2 CCE fail 180
UE 275b: LCID 1,2,4, goodput DL    0.00 UL    0.00 Mbps

[0m[NR_MAC] Frame.Slot 640.0
UE RNTI 275b CU-UE-ID 1 in-sync PH 45 dB PCMAX 20 dBm, average SINR 40.0 (32 meas)
UE 275b: dlsch_rounds 1078/0/0/0, dlsch_errors 0, pucch0_DTX 0 (SNR 20.8+0.8) RSSI -125.7, BLER 0.00000 MCS (0) 0 (Qm 2) CCE fail 8
UE 275b: ulsch_rounds 6671/5/0/0, ulsch_errors 0, ulsch_DTX 5, BLER 0.01671 MCS (0) 0 (Qm 2 deltaMCS 0) NPRB 5 SNR 29.3 (+14.3) RSSI -41.3 CCE fail 180
UE 275b: LCID 1,2,4, goodput DL    0.00 UL    0.00 Mbps

[0m[NR_MAC] Frame.Slot 768.0
UE RNTI 275b CU-UE-ID 1 in-sync PH 45 dB PCMAX 20 dBm, average SINR 40.0 (32 meas)
UE 275b: dlsch_rounds 1080/0/0/0, dlsch_errors 0, pucch0_DTX 0 (SNR 20.8+0.8) RSSI -125.7, BLER 0.00000 MCS (0) 0 (Qm 2) CCE fail 8
UE 275b: ulsch_rounds 6686/5/0/0, ulsch_errors 0, ulsch_DTX 5, BLER 0.00425 MCS (0) 0 (Qm 2 deltaMCS 0) NPRB 5 SNR 24.1 (+9.1) RSSI -41.4 CCE fail 181
UE 275b: LCID 1,2,4, goodput DL    0.00 UL    0.00 Mbps

[0m[NR_MAC] Frame.Slot 896.0
UE RNTI 275b CU-UE-ID 1 in-sync PH 45 dB PCMAX 20 dBm, average SINR 40.0 (32 meas)
UE 275b: dlsch_rounds 1083/0/0/0, dlsch_errors 0, pucch0_DTX 0 (SNR 20.8+0.8) RSSI -125.7, BLER 0.00000 MCS (0) 0 (Qm 2) CCE fail 8
UE 275b: ulsch_rounds 6701/5/0/0, ulsch_errors 0, ulsch_DTX 5, BLER 0.00120 MCS (0) 0 (Qm 2 deltaMCS 0) NPRB 5 SNR 20.2 (+5.2) RSSI -41.4 CCE fail 181
UE 275b: LCID 1,2,4, goodput DL    0.00 UL    0.00 Mbps

[0m[NR_MAC] Frame.Slot 0.0
UE RNTI 275b CU-UE-ID 1 in-sync PH 45 dB PCMAX 20 dBm, average SINR 40.0 (32 meas)
UE 275b: dlsch_rounds 1086/0/0/0, dlsch_errors 0, pucch0_DTX 0 (SNR 20.8+0.8) RSSI -125.7, BLER 0.00000 MCS (0) 0 (Qm 2) CCE fail 8
UE 275b: ulsch_rounds 6717/5/0/0, ulsch_errors 0, ulsch_DTX 5, BLER 0.00030 MCS (0) 0 (Qm 2 deltaMCS 0) NPRB 5 SNR 16.7 (+1.7) RSSI -41.3 CCE fail 181
UE 275b: LCID 1,2,4, goodput DL    0.00 UL    0.00 Mbps

[0m[NR_MAC] Frame.Slot 128.0
UE RNTI 275b CU-UE-ID 1 in-sync PH 45 dB PCMAX 20 dBm, average SINR 40.0 (32 meas)
UE 275b: dlsch_rounds 1088/0/0/0, dlsch_errors 0, pucch0_DTX 0 (SNR 20.8+0.8) RSSI -125.7, BLER 0.00000 MCS (0) 0 (Qm 2) CCE fail 8
UE 275b: ulsch_rounds 6732/5/0/0, ulsch_errors 0, ulsch_DTX 5, BLER 0.00009 MCS (0) 0 (Qm 2 deltaMCS 0) NPRB 5 SNR 16.4 (+1.4) RSSI -41.4 CCE fail 182
UE 275b: LCID 1,2,4, goodput DL    0.00 UL    0.00 Mbps

[0m[NR_MAC] Frame.Slot 256.0
UE RNTI 275b CU-UE-ID 1 in-sync PH 45 dB PCMAX 20 dBm, average SINR 40.0 (32 meas)
UE 275b: dlsch_rounds 1091/0/0/0, dlsch_errors 0, pucch0_DTX 0 (SNR 20.8+0.8) RSSI -125.7, BLER 0.00000 MCS (0) 0 (Qm 2) CCE fail 8
UE 275b: ulsch_rounds 6745/5/0/0, ulsch_errors 0, ulsch_DTX 5, BLER 0.00002 MCS (0) 0 (Qm 2 deltaMCS 0) NPRB 5 SNR 17.1 (+2.1) RSSI -41.3 CCE fail 182
UE 275b: LCID 1,2,4, goodput DL    0.00 UL    0.00 Mbps

[0m[NR_MAC] Frame.Slot 384.0
UE RNTI 275b CU-UE-ID 1 in-sync PH 45 dB PCMAX 20 dBm, average SINR 40.0 (32 meas)
UE 275b: dlsch_rounds 1093/0/0/0, dlsch_errors 0, pucch0_DTX 0 (SNR 20.8+0.8) RSSI -125.7, BLER 0.00000 MCS (0) 0 (Qm 2) CCE fail 8
UE 275b: ulsch_rounds 6759/5/0/0, ulsch_errors 0, ulsch_DTX 5, BLER 0.00001 MCS (0) 0 (Qm 2 deltaMCS 0) NPRB 5 SNR 17.0 (+2.0) RSSI -41.3 CCE fail 182
UE 275b: LCID 1,2,4, goodput DL    0.00 UL    0.00 Mbps

[0m[NR_MAC] Frame.Slot 512.0
UE RNTI 275b CU-UE-ID 1 in-sync PH 45 dB PCMAX 20 dBm, average SINR 40.0 (32 meas)
UE 275b: dlsch_rounds 1096/0/0/0, dlsch_errors 0, pucch0_DTX 0 (SNR 20.8+0.8) RSSI -125.7, BLER 0.00000 MCS (0) 0 (Qm 2) CCE fail 8
UE 275b: ulsch_rounds 6775/5/0/0, ulsch_errors 0, ulsch_DTX 5, BLER 0.00000 MCS (0) 0 (Qm 2 deltaMCS 0) NPRB 5 SNR 16.0 (+1.0) RSSI -41.3 CCE fail 183
UE 275b: LCID 1,2,4, goodput DL    0.00 UL    0.00 Mbps

[0m[NR_MAC] Frame.Slot 640.0
UE RNTI 275b CU-UE-ID 1 in-sync PH 45 dB PCMAX 20 dBm, average SINR 40.0 (32 meas)
UE 275b: dlsch_rounds 1098/0/0/0, dlsch_errors 0, pucch0_DTX 0 (SNR 20.8+0.8) RSSI -125.7, BLER 0.00000 MCS (0) 0 (Qm 2) CCE fail 8
UE 275b: ulsch_rounds 6790/5/0/0, ulsch_errors 0, ulsch_DTX 5, BLER 0.00000 MCS (0) 0 (Qm 2 deltaMCS 0) NPRB 5 SNR 16.8 (+1.8) RSSI -41.3 CCE fail 183
UE 275b: LCID 1,2,4, goodput DL    0.00 UL    0.00 Mbps

[0m[NR_MAC] Frame.Slot 768.0
UE RNTI 275b CU-UE-ID 1 in-sync PH 45 dB PCMAX 20 dBm, average SINR 40.0 (32 meas)
UE 275b: dlsch_rounds 1101/0/0/0, dlsch_errors 0, pucch0_DTX 0 (SNR 20.8+0.8) RSSI -125.7, BLER 0.00000 MCS (0) 0 (Qm 2) CCE fail 8
UE 275b: ulsch_rounds 6804/5/0/0, ulsch_errors 0, ulsch_DTX 5, BLER 0.00000 MCS (0) 0 (Qm 2 deltaMCS 0) NPRB 5 SNR 17.2 (+2.2) RSSI -41.3 CCE fail 183
UE 275b: LCID 1,2,4, goodput DL    0.00 UL    0.00 Mbps

[0m[NR_MAC] Frame.Slot 896.0
UE RNTI 275b CU-UE-ID 1 in-sync PH 45 dB PCMAX 20 dBm, average SINR 40.0 (32 meas)
UE 275b: dlsch_rounds 1103/0/0/0, dlsch_errors 0, pucch0_DTX 0 (SNR 20.8+0.8) RSSI -125.7, BLER 0.00000 MCS (0) 0 (Qm 2) CCE fail 8
UE 275b: ulsch_rounds 6818/5/0/0, ulsch_errors 0, ulsch_DTX 5, BLER 0.00000 MCS (0) 0 (Qm 2 deltaMCS 0) NPRB 5 SNR 17.2 (+2.2) RSSI -41.3 CCE fail 183
UE 275b: LCID 1,2,4, goodput DL    0.00 UL    0.00 Mbps

[0m[NR_MAC] Frame.Slot 0.0
UE RNTI 275b CU-UE-ID 1 in-sync PH 45 dB PCMAX 20 dBm, average SINR 40.0 (32 meas)
UE 275b: dlsch_rounds 1106/0/0/0, dlsch_errors 0, pucch0_DTX 0 (SNR 20.8+0.8) RSSI -125.7, BLER 0.00000 MCS (0) 0 (Qm 2) CCE fail 8
UE 275b: ulsch_rounds 6835/5/0/0, ulsch_errors 0, ulsch_DTX 5, BLER 0.00000 MCS (0) 0 (Qm 2 deltaMCS 0) NPRB 5 SNR 16.9 (+1.9) RSSI -41.3 CCE fail 183
UE 275b: LCID 1,2,4, goodput DL    0.00 UL    0.00 Mbps

[0m[NR_MAC] Frame.Slot 128.0
UE RNTI 275b CU-UE-ID 1 in-sync PH 45 dB PCMAX 20 dBm, average SINR 40.0 (32 meas)
UE 275b: dlsch_rounds 1109/0/0/0, dlsch_errors 0, pucch0_DTX 0 (SNR 20.8+0.8) RSSI -125.7, BLER 0.00000 MCS (0) 0 (Qm 2) CCE fail 8
UE 275b: ulsch_rounds 6849/5/0/0, ulsch_errors 0, ulsch_DTX 5, BLER 0.00000 MCS (0) 0 (Qm 2 deltaMCS 0) NPRB 5 SNR 16.6 (+1.6) RSSI -41.3 CCE fail 183
UE 275b: LCID 1,2,4, goodput DL    0.00 UL    0.00 Mbps

[0m[NR_MAC] Frame.Slot 256.0
UE RNTI 275b CU-UE-ID 1 in-sync PH 45 dB PCMAX 20 dBm, average SINR 40.0 (32 meas)
UE 275b: dlsch_rounds 1111/0/0/0, dlsch_errors 0, pucch0_DTX 0 (SNR 20.8+0.8) RSSI -125.7, BLER 0.00000 MCS (0) 0 (Qm 2) CCE fail 8
UE 275b: ulsch_rounds 6864/5/0/0, ulsch_errors 0, ulsch_DTX 5, BLER 0.00000 MCS (0) 0 (Qm 2 deltaMCS 0) NPRB 5 SNR 18.2 (+3.2) RSSI -41.3 CCE fail 183
UE 275b: LCID 1,2,4, goodput DL    0.00 UL    0.00 Mbps

[0m[NR_MAC] Frame.Slot 384.0
UE RNTI 275b CU-UE-ID 1 in-sync PH 45 dB PCMAX 20 dBm, average SINR 40.0 (32 meas)
UE 275b: dlsch_rounds 1113/0/0/0, dlsch_errors 0, pucch0_DTX 0 (SNR 20.8+0.8) RSSI -125.7, BLER 0.00000 MCS (0) 0 (Qm 2) CCE fail 8
UE 275b: ulsch_rounds 6879/5/0/0, ulsch_errors 0, ulsch_DTX 5, BLER 0.00000 MCS (0) 0 (Qm 2 deltaMCS 0) NPRB 5 SNR 16.9 (+1.9) RSSI -41.4 CCE fail 183
UE 275b: LCID 1,2,4, goodput DL    0.00 UL    0.00 Mbps

[0m[NR_MAC] Frame.Slot 512.0
UE RNTI 275b CU-UE-ID 1 in-sync PH 45 dB PCMAX 20 dBm, average SINR 40.0 (32 meas)
UE 275b: dlsch_rounds 1115/0/0/0, dlsch_errors 0, pucch0_DTX 0 (SNR 20.8+0.8) RSSI -125.7, BLER 0.00000 MCS (0) 0 (Qm 2) CCE fail 8
UE 275b: ulsch_rounds 6893/5/0/0, ulsch_errors 0, ulsch_DTX 5, BLER 0.00000 MCS (0) 0 (Qm 2 deltaMCS 0) NPRB 5 SNR 16.1 (+1.1) RSSI -41.3 CCE fail 183
UE 275b: LCID 1,2,4, goodput DL    0.00 UL    0.00 Mbps

[0m[NR_MAC] Frame.Slot 640.0
UE RNTI 275b CU-UE-ID 1 in-sync PH 45 dB PCMAX 20 dBm, average SINR 40.0 (32 meas)
UE 275b: dlsch_rounds 1119/0/0/0, dlsch_errors 0, pucch0_DTX 0 (SNR 20.8+0.8) RSSI -125.7, BLER 0.00000 MCS (0) 0 (Qm 2) CCE fail 8
UE 275b: ulsch_rounds 6908/5/0/0, ulsch_errors 0, ulsch_DTX 5, BLER 0.00000 MCS (0) 0 (Qm 2 deltaMCS 0) NPRB 5 SNR 16.1 (+1.1) RSSI -41.3 CCE fail 184
UE 275b: LCID 1,2,4, goodput DL    0.00 UL    0.00 Mbps

[0m[NR_MAC] Frame.Slot 768.0
UE RNTI 275b CU-UE-ID 1 in-sync PH 45 dB PCMAX 20 dBm, average SINR 40.0 (32 meas)
UE 275b: dlsch_rounds 1121/0/0/0, dlsch_errors 0, pucch0_DTX 0 (SNR 20.8+0.8) RSSI -125.7, BLER 0.00000 MCS (0) 0 (Qm 2) CCE fail 8
UE 275b: ulsch_rounds 6923/5/0/0, ulsch_errors 0, ulsch_DTX 5, BLER 0.00000 MCS (0) 0 (Qm 2 deltaMCS 0) NPRB 5 SNR 17.5 (+2.5) RSSI -41.3 CCE fail 185
UE 275b: LCID 1,2,4, goodput DL    0.00 UL    0.00 Mbps

[0m[NR_MAC] Frame.Slot 896.0
UE RNTI 275b CU-UE-ID 1 in-sync PH 45 dB PCMAX 20 dBm, average SINR 40.0 (32 meas)
UE 275b: dlsch_rounds 1123/0/0/0, dlsch_errors 0, pucch0_DTX 0 (SNR 20.8+0.8) RSSI -125.7, BLER 0.00000 MCS (0) 0 (Qm 2) CCE fail 8
UE 275b: ulsch_rounds 6937/5/0/0, ulsch_errors 0, ulsch_DTX 5, BLER 0.00000 MCS (0) 0 (Qm 2 deltaMCS 0) NPRB 5 SNR 16.4 (+1.4) RSSI -41.3 CCE fail 185
UE 275b: LCID 1,2,4, goodput DL    0.00 UL    0.00 Mbps

[0m[NR_MAC] Frame.Slot 0.0
UE RNTI 275b CU-UE-ID 1 in-sync PH 45 dB PCMAX 20 dBm, average SINR 40.0 (32 meas)
UE 275b: dlsch_rounds 1126/0/0/0, dlsch_errors 0, pucch0_DTX 0 (SNR 20.8+0.8) RSSI -125.7, BLER 0.00000 MCS (0) 0 (Qm 2) CCE fail 8
UE 275b: ulsch_rounds 6953/5/0/0, ulsch_errors 0, ulsch_DTX 5, BLER 0.00000 MCS (0) 1 (Qm 2 deltaMCS 0) NPRB 5 SNR 16.4 (+1.4) RSSI -41.2 CCE fail 186
UE 275b: LCID 1,2,4, goodput DL    0.00 UL    0.00 Mbps

[0m[NR_MAC] Frame.Slot 128.0
UE RNTI 275b CU-UE-ID 1 in-sync PH 45 dB PCMAX 20 dBm, average SINR 40.0 (32 meas)
UE 275b: dlsch_rounds 1129/0/0/0, dlsch_errors 0, pucch0_DTX 0 (SNR 20.8+0.8) RSSI -125.7, BLER 0.00000 MCS (0) 0 (Qm 2) CCE fail 8
UE 275b: ulsch_rounds 6967/5/0/0, ulsch_errors 0, ulsch_DTX 5, BLER 0.00000 MCS (0) 0 (Qm 2 deltaMCS 0) NPRB 5 SNR 16.4 (+1.4) RSSI -41.3 CCE fail 186
UE 275b: LCID 1,2,4, goodput DL    0.00 UL    0.00 Mbps

[0m[NR_MAC] Frame.Slot 256.0
UE RNTI 275b CU-UE-ID 1 in-sync PH 45 dB PCMAX 20 dBm, average SINR 40.0 (32 meas)
UE 275b: dlsch_rounds 1131/0/0/0, dlsch_errors 0, pucch0_DTX 0 (SNR 20.8+0.8) RSSI -125.7, BLER 0.00000 MCS (0) 0 (Qm 2) CCE fail 8
UE 275b: ulsch_rounds 6982/5/0/0, ulsch_errors 0, ulsch_DTX 5, BLER 0.00000 MCS (0) 0 (Qm 2 deltaMCS 0) NPRB 5 SNR 17.9 (+2.9) RSSI -41.3 CCE fail 186
UE 275b: LCID 1,2,4, goodput DL    0.00 UL    0.00 Mbps

[0m[NR_MAC] Frame.Slot 384.0
UE RNTI 275b CU-UE-ID 1 in-sync PH 45 dB PCMAX 20 dBm, average SINR 40.0 (32 meas)
UE 275b: dlsch_rounds 1133/0/0/0, dlsch_errors 0, pucch0_DTX 0 (SNR 20.8+0.8) RSSI -125.7, BLER 0.00000 MCS (0) 0 (Qm 2) CCE fail 8
UE 275b: ulsch_rounds 6996/5/0/0, ulsch_errors 0, ulsch_DTX 5, BLER 0.00000 MCS (0) 0 (Qm 2 deltaMCS 0) NPRB 5 SNR 16.7 (+1.7) RSSI -41.3 CCE fail 186
UE 275b: LCID 1,2,4, goodput DL    0.00 UL    0.00 Mbps

[0m[NR_MAC] Frame.Slot 512.0
UE RNTI 275b CU-UE-ID 1 in-sync PH 45 dB PCMAX 20 dBm, average SINR 40.0 (32 meas)
UE 275b: dlsch_rounds 1136/0/0/0, dlsch_errors 0, pucch0_DTX 0 (SNR 20.8+0.8) RSSI -125.7, BLER 0.00000 MCS (0) 0 (Qm 2) CCE fail 8
UE 275b: ulsch_rounds 7012/5/0/0, ulsch_errors 0, ulsch_DTX 5, BLER 0.00000 MCS (0) 0 (Qm 2 deltaMCS 0) NPRB 5 SNR 16.7 (+1.7) RSSI -41.3 CCE fail 186
UE 275b: LCID 1,2,4, goodput DL    0.00 UL    0.00 Mbps

[0m[NR_MAC] Frame.Slot 640.0
UE RNTI 275b CU-UE-ID 1 in-sync PH 45 dB PCMAX 20 dBm, average SINR 40.0 (32 meas)
UE 275b: dlsch_rounds 1139/0/0/0, dlsch_errors 0, pucch0_DTX 0 (SNR 20.8+0.8) RSSI -125.7, BLER 0.00000 MCS (0) 0 (Qm 2) CCE fail 8
UE 275b: ulsch_rounds 7027/5/0/0, ulsch_errors 0, ulsch_DTX 5, BLER 0.00000 MCS (0) 0 (Qm 2 deltaMCS 0) NPRB 5 SNR 16.5 (+1.5) RSSI -41.2 CCE fail 187
UE 275b: LCID 1,2,4, goodput DL    0.00 UL    0.00 Mbps

[0m[NR_MAC] Frame.Slot 768.0
UE RNTI 275b CU-UE-ID 1 in-sync PH 45 dB PCMAX 20 dBm, average SINR 40.0 (32 meas)
UE 275b: dlsch_rounds 1141/0/0/0, dlsch_errors 0, pucch0_DTX 0 (SNR 20.8+0.8) RSSI -125.7, BLER 0.00000 MCS (0) 0 (Qm 2) CCE fail 8
UE 275b: ulsch_rounds 7040/5/0/0, ulsch_errors 0, ulsch_DTX 5, BLER 0.00000 MCS (0) 0 (Qm 2 deltaMCS 0) NPRB 5 SNR 17.2 (+2.2) RSSI -41.2 CCE fail 187
UE 275b: LCID 1,2,4, goodput DL    0.00 UL    0.00 Mbps

[0m[NR_MAC] Frame.Slot 896.0
UE RNTI 275b CU-UE-ID 1 in-sync PH 45 dB PCMAX 20 dBm, average SINR 40.0 (32 meas)
UE 275b: dlsch_rounds 1143/0/0/0, dlsch_errors 0, pucch0_DTX 0 (SNR 20.8+0.8) RSSI -125.7, BLER 0.00000 MCS (0) 0 (Qm 2) CCE fail 8
UE 275b: ulsch_rounds 7055/5/0/0, ulsch_errors 0, ulsch_DTX 5, BLER 0.00000 MCS (0) 0 (Qm 2 deltaMCS 0) NPRB 5 SNR 17.9 (+2.9) RSSI -41.3 CCE fail 187
UE 275b: LCID 1,2,4, goodput DL    0.00 UL    0.00 Mbps

[0m[NR_MAC] Frame.Slot 0.0
UE RNTI 275b CU-UE-ID 1 in-sync PH 45 dB PCMAX 20 dBm, average SINR 40.0 (32 meas)
UE 275b: dlsch_rounds 1146/0/0/0, dlsch_errors 0, pucch0_DTX 0 (SNR 20.8+0.8) RSSI -125.7, BLER 0.00000 MCS (0) 0 (Qm 2) CCE fail 8
UE 275b: ulsch_rounds 7072/5/0/0, ulsch_errors 0, ulsch_DTX 5, BLER 0.00000 MCS (0) 0 (Qm 2 deltaMCS 0) NPRB 5 SNR 16.6 (+1.6) RSSI -41.3 CCE fail 187
UE 275b: LCID 1,2,4, goodput DL    0.00 UL    0.00 Mbps

[0m[NR_MAC] Frame.Slot 128.0
UE RNTI 275b CU-UE-ID 1 in-sync PH 45 dB PCMAX 20 dBm, average SINR 40.0 (32 meas)
UE 275b: dlsch_rounds 1149/0/0/0, dlsch_errors 0, pucch0_DTX 0 (SNR 20.8+0.8) RSSI -125.7, BLER 0.00000 MCS (0) 0 (Qm 2) CCE fail 8
UE 275b: ulsch_rounds 7086/5/0/0, ulsch_errors 0, ulsch_DTX 5, BLER 0.00000 MCS (0) 0 (Qm 2 deltaMCS 0) NPRB 5 SNR 16.4 (+1.4) RSSI -41.3 CCE fail 187
UE 275b: LCID 1,2,4, goodput DL    0.00 UL    0.00 Mbps

[0m[NR_MAC] Frame.Slot 256.0
UE RNTI 275b CU-UE-ID 1 in-sync PH 45 dB PCMAX 20 dBm, average SINR 40.0 (32 meas)
UE 275b: dlsch_rounds 1151/0/0/0, dlsch_errors 0, pucch0_DTX 0 (SNR 20.8+0.8) RSSI -125.7, BLER 0.00000 MCS (0) 0 (Qm 2) CCE fail 8
UE 275b: ulsch_rounds 7101/5/0/0, ulsch_errors 0, ulsch_DTX 5, BLER 0.00000 MCS (0) 0 (Qm 2 deltaMCS 0) NPRB 5 SNR 18.1 (+3.1) RSSI -41.3 CCE fail 187
UE 275b: LCID 1,2,4, goodput DL    0.00 UL    0.00 Mbps

[0m[NR_MAC] Frame.Slot 384.0
UE RNTI 275b CU-UE-ID 1 in-sync PH 45 dB PCMAX 20 dBm, average SINR 40.0 (32 meas)
UE 275b: dlsch_rounds 1154/0/0/0, dlsch_errors 0, pucch0_DTX 0 (SNR 20.8+0.8) RSSI -125.7, BLER 0.00000 MCS (0) 0 (Qm 2) CCE fail 8
UE 275b: ulsch_rounds 7115/5/0/0, ulsch_errors 0, ulsch_DTX 5, BLER 0.00000 MCS (0) 0 (Qm 2 deltaMCS 0) NPRB 5 SNR 17.9 (+2.9) RSSI -41.3 CCE fail 187
UE 275b: LCID 1,2,4, goodput DL    0.00 UL    0.00 Mbps

[0m[NR_MAC] Frame.Slot 512.0
UE RNTI 275b CU-UE-ID 1 in-sync PH 45 dB PCMAX 20 dBm, average SINR 40.0 (32 meas)
UE 275b: dlsch_rounds 1156/0/0/0, dlsch_errors 0, pucch0_DTX 0 (SNR 20.8+0.8) RSSI -125.7, BLER 0.00000 MCS (0) 0 (Qm 2) CCE fail 8
UE 275b: ulsch_rounds 7129/5/0/0, ulsch_errors 0, ulsch_DTX 5, BLER 0.00000 MCS (0) 0 (Qm 2 deltaMCS 0) NPRB 5 SNR 16.8 (+1.8) RSSI -41.4 CCE fail 187
UE 275b: LCID 1,2,4, goodput DL    0.00 UL    0.00 Mbps

[0m[NR_MAC] Frame.Slot 640.0
UE RNTI 275b CU-UE-ID 1 in-sync PH 45 dB PCMAX 20 dBm, average SINR 40.0 (32 meas)
UE 275b: dlsch_rounds 1159/0/0/0, dlsch_errors 0, pucch0_DTX 0 (SNR 20.8+0.8) RSSI -125.7, BLER 0.00000 MCS (0) 0 (Qm 2) CCE fail 8
UE 275b: ulsch_rounds 7145/5/0/0, ulsch_errors 0, ulsch_DTX 5, BLER 0.00000 MCS (0) 0 (Qm 2 deltaMCS 0) NPRB 5 SNR 16.8 (+1.8) RSSI -41.4 CCE fail 187
UE 275b: LCID 1,2,4, goodput DL    0.00 UL    0.00 Mbps

[0m[NR_MAC] Frame.Slot 768.0
UE RNTI 275b CU-UE-ID 1 in-sync PH 45 dB PCMAX 20 dBm, average SINR 40.0 (32 meas)
UE 275b: dlsch_rounds 1161/0/0/0, dlsch_errors 0, pucch0_DTX 0 (SNR 20.8+0.8) RSSI -125.7, BLER 0.00000 MCS (0) 0 (Qm 2) CCE fail 8
UE 275b: ulsch_rounds 7160/5/0/0, ulsch_errors 0, ulsch_DTX 5, BLER 0.00000 MCS (0) 0 (Qm 2 deltaMCS 0) NPRB 5 SNR 18.2 (+3.2) RSSI -41.4 CCE fail 187
UE 275b: LCID 1,2,4, goodput DL    0.00 UL    0.00 Mbps

[0m[NR_MAC] Frame.Slot 896.0
UE RNTI 275b CU-UE-ID 1 in-sync PH 45 dB PCMAX 20 dBm, average SINR 40.0 (32 meas)
UE 275b: dlsch_rounds 1164/0/0/0, dlsch_errors 0, pucch0_DTX 0 (SNR 20.8+0.8) RSSI -125.7, BLER 0.00000 MCS (0) 0 (Qm 2) CCE fail 8
UE 275b: ulsch_rounds 7175/5/0/0, ulsch_errors 0, ulsch_DTX 5, BLER 0.00000 MCS (0) 0 (Qm 2 deltaMCS 0) NPRB 5 SNR 17.8 (+2.8) RSSI -41.4 CCE fail 187
UE 275b: LCID 1,2,4, goodput DL    0.00 UL    0.00 Mbps

[0m[NR_MAC] Frame.Slot 0.0
UE RNTI 275b CU-UE-ID 1 in-sync PH 45 dB PCMAX 20 dBm, average SINR 40.0 (32 meas)
UE 275b: dlsch_rounds 1166/0/0/0, dlsch_errors 0, pucch0_DTX 0 (SNR 20.8+0.8) RSSI -125.7, BLER 0.00000 MCS (0) 0 (Qm 2) CCE fail 8
UE 275b: ulsch_rounds 7189/5/0/0, ulsch_errors 0, ulsch_DTX 5, BLER 0.00000 MCS (0) 0 (Qm 2 deltaMCS 0) NPRB 5 SNR 16.9 (+1.9) RSSI -41.5 CCE fail 187
UE 275b: LCID 1,2,4, goodput DL    0.00 UL    0.00 Mbps

[0m[NR_MAC] Frame.Slot 128.0
UE RNTI 275b CU-UE-ID 1 in-sync PH 45 dB PCMAX 20 dBm, average SINR 40.0 (32 meas)
UE 275b: dlsch_rounds 1169/0/0/0, dlsch_errors 0, pucch0_DTX 0 (SNR 20.8+0.8) RSSI -125.7, BLER 0.00000 MCS (0) 0 (Qm 2) CCE fail 8
UE 275b: ulsch_rounds 7205/5/0/0, ulsch_errors 0, ulsch_DTX 5, BLER 0.00000 MCS (0) 0 (Qm 2 deltaMCS 0) NPRB 5 SNR 16.6 (+1.6) RSSI -41.4 CCE fail 187
UE 275b: LCID 1,2,4, goodput DL    0.00 UL    0.00 Mbps

[0m[NR_MAC] Frame.Slot 256.0
UE RNTI 275b CU-UE-ID 1 in-sync PH 45 dB PCMAX 20 dBm, average SINR 40.0 (32 meas)
UE 275b: dlsch_rounds 1172/0/0/0, dlsch_errors 0, pucch0_DTX 0 (SNR 20.8+0.8) RSSI -125.7, BLER 0.00000 MCS (0) 0 (Qm 2) CCE fail 8
UE 275b: ulsch_rounds 7220/5/0/0, ulsch_errors 0, ulsch_DTX 5, BLER 0.00000 MCS (0) 0 (Qm 2 deltaMCS 0) NPRB 5 SNR 17.3 (+2.3) RSSI -41.4 CCE fail 187
UE 275b: LCID 1,2,4, goodput DL    0.00 UL    0.00 Mbps

[0m[NR_MAC] Frame.Slot 384.0
UE RNTI 275b CU-UE-ID 1 in-sync PH 45 dB PCMAX 20 dBm, average SINR 40.0 (32 meas)
UE 275b: dlsch_rounds 1174/0/0/0, dlsch_errors 0, pucch0_DTX 0 (SNR 20.8+0.8) RSSI -125.7, BLER 0.00000 MCS (0) 0 (Qm 2) CCE fail 8
UE 275b: ulsch_rounds 7234/5/0/0, ulsch_errors 0, ulsch_DTX 5, BLER 0.00000 MCS (0) 0 (Qm 2 deltaMCS 0) NPRB 5 SNR 16.9 (+1.9) RSSI -41.3 CCE fail 187
UE 275b: LCID 1,2,4, goodput DL    0.00 UL    0.00 Mbps

[0m[NR_MAC] Frame.Slot 512.0
UE RNTI 275b CU-UE-ID 1 in-sync PH 45 dB PCMAX 20 dBm, average SINR 40.0 (32 meas)
UE 275b: dlsch_rounds 1176/0/0/0, dlsch_errors 0, pucch0_DTX 0 (SNR 20.8+0.8) RSSI -125.7, BLER 0.00000 MCS (0) 0 (Qm 2) CCE fail 8
UE 275b: ulsch_rounds 7248/5/0/0, ulsch_errors 0, ulsch_DTX 5, BLER 0.00000 MCS (0) 0 (Qm 2 deltaMCS 0) NPRB 5 SNR 16.9 (+1.9) RSSI -41.4 CCE fail 187
UE 275b: LCID 1,2,4, goodput DL    0.00 UL    0.00 Mbps

[0m[NR_MAC] Frame.Slot 640.0
UE RNTI 275b CU-UE-ID 1 in-sync PH 45 dB PCMAX 20 dBm, average SINR 40.0 (32 meas)
UE 275b: dlsch_rounds 1179/0/0/0, dlsch_errors 0, pucch0_DTX 0 (SNR 20.8+0.8) RSSI -125.7, BLER 0.00000 MCS (0) 0 (Qm 2) CCE fail 8
UE 275b: ulsch_rounds 7264/5/0/0, ulsch_errors 0, ulsch_DTX 5, BLER 0.00000 MCS (0) 0 (Qm 2 deltaMCS 0) NPRB 5 SNR 16.8 (+1.8) RSSI -41.3 CCE fail 187
UE 275b: LCID 1,2,4, goodput DL    0.00 UL    0.00 Mbps

[0m[NR_MAC] Frame.Slot 768.0
UE RNTI 275b CU-UE-ID 1 in-sync PH 45 dB PCMAX 20 dBm, average SINR 40.0 (32 meas)
UE 275b: dlsch_rounds 1182/0/0/0, dlsch_errors 0, pucch0_DTX 0 (SNR 20.8+0.8) RSSI -125.7, BLER 0.00000 MCS (0) 0 (Qm 2) CCE fail 8
UE 275b: ulsch_rounds 7278/5/0/0, ulsch_errors 0, ulsch_DTX 5, BLER 0.00000 MCS (0) 0 (Qm 2 deltaMCS 0) NPRB 5 SNR 16.5 (+1.5) RSSI -41.4 CCE fail 188
UE 275b: LCID 1,2,4, goodput DL    0.00 UL    0.00 Mbps

[0m[NR_MAC] Frame.Slot 896.0
UE RNTI 275b CU-UE-ID 1 in-sync PH 45 dB PCMAX 20 dBm, average SINR 40.0 (32 meas)
UE 275b: dlsch_rounds 1184/0/0/0, dlsch_errors 0, pucch0_DTX 0 (SNR 20.8+0.8) RSSI -125.7, BLER 0.00000 MCS (0) 0 (Qm 2) CCE fail 8
UE 275b: ulsch_rounds 7293/5/0/0, ulsch_errors 0, ulsch_DTX 5, BLER 0.00000 MCS (0) 0 (Qm 2 deltaMCS 0) NPRB 5 SNR 18.1 (+3.1) RSSI -41.5 CCE fail 188
UE 275b: LCID 1,2,4, goodput DL    0.00 UL    0.00 Mbps

[0m[NR_MAC] Frame.Slot 0.0
UE RNTI 275b CU-UE-ID 1 in-sync PH 45 dB PCMAX 20 dBm, average SINR 40.0 (32 meas)
UE 275b: dlsch_rounds 1186/0/0/0, dlsch_errors 0, pucch0_DTX 0 (SNR 20.8+0.8) RSSI -125.7, BLER 0.00000 MCS (0) 0 (Qm 2) CCE fail 8
UE 275b: ulsch_rounds 7308/5/0/0, ulsch_errors 0, ulsch_DTX 5, BLER 0.00000 MCS (0) 0 (Qm 2 deltaMCS 0) NPRB 5 SNR 17.7 (+2.7) RSSI -41.5 CCE fail 188
UE 275b: LCID 1,2,4, goodput DL    0.00 UL    0.00 Mbps

[0m[NR_MAC] Frame.Slot 128.0
UE RNTI 275b CU-UE-ID 1 in-sync PH 45 dB PCMAX 20 dBm, average SINR 40.0 (32 meas)
UE 275b: dlsch_rounds 1189/0/0/0, dlsch_errors 0, pucch0_DTX 0 (SNR 20.8+0.8) RSSI -125.7, BLER 0.00000 MCS (0) 0 (Qm 2) CCE fail 8
UE 275b: ulsch_rounds 7324/5/0/0, ulsch_errors 0, ulsch_DTX 5, BLER 0.00000 MCS (0) 0 (Qm 2 deltaMCS 0) NPRB 5 SNR 16.5 (+1.5) RSSI -41.3 CCE fail 188
UE 275b: LCID 1,2,4, goodput DL    0.00 UL    0.00 Mbps

[0m[NR_MAC] Frame.Slot 256.0
UE RNTI 275b CU-UE-ID 1 in-sync PH 45 dB PCMAX 20 dBm, average SINR 40.0 (32 meas)
UE 275b: dlsch_rounds 1192/0/0/0, dlsch_errors 0, pucch0_DTX 0 (SNR 20.8+0.8) RSSI -125.7, BLER 0.00000 MCS (0) 0 (Qm 2) CCE fail 8
UE 275b: ulsch_rounds 7338/5/0/0, ulsch_errors 0, ulsch_DTX 5, BLER 0.00000 MCS (0) 0 (Qm 2 deltaMCS 0) NPRB 5 SNR 16.7 (+1.7) RSSI -41.3 CCE fail 188
UE 275b: LCID 1,2,4, goodput DL    0.00 UL    0.00 Mbps

[0m[NR_MAC] Frame.Slot 384.0
UE RNTI 275b CU-UE-ID 1 in-sync PH 45 dB PCMAX 20 dBm, average SINR 40.0 (32 meas)
UE 275b: dlsch_rounds 1194/0/0/0, dlsch_errors 0, pucch0_DTX 0 (SNR 20.8+0.8) RSSI -125.7, BLER 0.00000 MCS (0) 0 (Qm 2) CCE fail 8
UE 275b: ulsch_rounds 7353/5/0/0, ulsch_errors 0, ulsch_DTX 5, BLER 0.00000 MCS (0) 0 (Qm 2 deltaMCS 0) NPRB 5 SNR 18.1 (+3.1) RSSI -41.4 CCE fail 188
UE 275b: LCID 1,2,4, goodput DL    0.00 UL    0.00 Mbps

[0m[NR_MAC] Frame.Slot 512.0
UE RNTI 275b CU-UE-ID 1 in-sync PH 45 dB PCMAX 20 dBm, average SINR 40.0 (32 meas)
UE 275b: dlsch_rounds 1196/0/0/0, dlsch_errors 0, pucch0_DTX 0 (SNR 20.8+0.8) RSSI -125.7, BLER 0.00000 MCS (0) 0 (Qm 2) CCE fail 8
UE 275b: ulsch_rounds 7367/5/0/0, ulsch_errors 0, ulsch_DTX 5, BLER 0.00000 MCS (0) 0 (Qm 2 deltaMCS 0) NPRB 5 SNR 16.9 (+1.9) RSSI -41.4 CCE fail 188
UE 275b: LCID 1,2,4, goodput DL    0.00 UL    0.00 Mbps

[0m[NR_MAC] Frame.Slot 640.0
UE RNTI 275b CU-UE-ID 1 in-sync PH 45 dB PCMAX 20 dBm, average SINR 40.0 (32 meas)
UE 275b: dlsch_rounds 1200/0/0/0, dlsch_errors 0, pucch0_DTX 0 (SNR 20.8+0.8) RSSI -125.7, BLER 0.00000 MCS (0) 0 (Qm 2) CCE fail 8
UE 275b: ulsch_rounds 7383/5/0/0, ulsch_errors 0, ulsch_DTX 5, BLER 0.00000 MCS (0) 0 (Qm 2 deltaMCS 0) NPRB 5 SNR 17.0 (+2.0) RSSI -41.3 CCE fail 188
UE 275b: LCID 1,2,4, goodput DL    0.00 UL    0.00 Mbps

[0m[NR_MAC] Frame.Slot 768.0
UE RNTI 275b CU-UE-ID 1 in-sync PH 45 dB PCMAX 20 dBm, average SINR 40.0 (32 meas)
UE 275b: dlsch_rounds 1202/0/0/0, dlsch_errors 0, pucch0_DTX 0 (SNR 20.8+0.8) RSSI -125.7, BLER 0.00000 MCS (0) 0 (Qm 2) CCE fail 8
UE 275b: ulsch_rounds 7398/5/0/0, ulsch_errors 0, ulsch_DTX 5, BLER 0.00000 MCS (0) 0 (Qm 2 deltaMCS 0) NPRB 5 SNR 16.7 (+1.7) RSSI -41.4 CCE fail 188
UE 275b: LCID 1,2,4, goodput DL    0.00 UL    0.00 Mbps

[0m[NR_MAC] Frame.Slot 896.0
UE RNTI 275b CU-UE-ID 1 in-sync PH 45 dB PCMAX 20 dBm, average SINR 40.0 (32 meas)
UE 275b: dlsch_rounds 1204/0/0/0, dlsch_errors 0, pucch0_DTX 0 (SNR 20.8+0.8) RSSI -125.7, BLER 0.00000 MCS (0) 0 (Qm 2) CCE fail 8
UE 275b: ulsch_rounds 7412/5/0/0, ulsch_errors 0, ulsch_DTX 5, BLER 0.00000 MCS (0) 0 (Qm 2 deltaMCS 0) NPRB 5 SNR 18.2 (+3.2) RSSI -41.4 CCE fail 189
UE 275b: LCID 1,2,4, goodput DL    0.00 UL    0.00 Mbps

[0m[NR_MAC] Frame.Slot 0.0
UE RNTI 275b CU-UE-ID 1 in-sync PH 45 dB PCMAX 20 dBm, average SINR 40.0 (32 meas)
UE 275b: dlsch_rounds 1206/0/0/0, dlsch_errors 0, pucch0_DTX 0 (SNR 20.8+0.8) RSSI -125.7, BLER 0.00000 MCS (0) 0 (Qm 2) CCE fail 8
UE 275b: ulsch_rounds 7426/5/0/0, ulsch_errors 0, ulsch_DTX 5, BLER 0.00000 MCS (0) 0 (Qm 2 deltaMCS 0) NPRB 5 SNR 17.0 (+2.0) RSSI -41.4 CCE fail 189
UE 275b: LCID 1,2,4, goodput DL    0.00 UL    0.00 Mbps

[0m[NR_MAC] Frame.Slot 128.0
UE RNTI 275b CU-UE-ID 1 in-sync PH 45 dB PCMAX 20 dBm, average SINR 40.0 (32 meas)
UE 275b: dlsch_rounds 1209/0/0/0, dlsch_errors 0, pucch0_DTX 0 (SNR 20.8+0.8) RSSI -125.7, BLER 0.00000 MCS (0) 0 (Qm 2) CCE fail 8
UE 275b: ulsch_rounds 7443/5/0/0, ulsch_errors 0, ulsch_DTX 5, BLER 0.00000 MCS (0) 0 (Qm 2 deltaMCS 0) NPRB 5 SNR 16.8 (+1.8) RSSI -41.3 CCE fail 189
UE 275b: LCID 1,2,4, goodput DL    0.00 UL    0.00 Mbps

[0m[NR_MAC] Frame.Slot 256.0
UE RNTI 275b CU-UE-ID 1 in-sync PH 45 dB PCMAX 20 dBm, average SINR 40.0 (32 meas)
UE 275b: dlsch_rounds 1212/0/0/0, dlsch_errors 0, pucch0_DTX 0 (SNR 20.8+0.8) RSSI -125.7, BLER 0.00000 MCS (0) 0 (Qm 2) CCE fail 8
UE 275b: ulsch_rounds 7458/5/0/0, ulsch_errors 0, ulsch_DTX 5, BLER 0.00000 MCS (0) 0 (Qm 2 deltaMCS 0) NPRB 5 SNR 16.5 (+1.5) RSSI -41.4 CCE fail 189
UE 275b: LCID 1,2,4, goodput DL    0.00 UL    0.00 Mbps

[0m[NR_MAC] Frame.Slot 384.0
UE RNTI 275b CU-UE-ID 1 in-sync PH 45 dB PCMAX 20 dBm, average SINR 40.0 (32 meas)
UE 275b: dlsch_rounds 1214/0/0/0, dlsch_errors 0, pucch0_DTX 0 (SNR 20.8+0.8) RSSI -125.7, BLER 0.00000 MCS (0) 0 (Qm 2) CCE fail 8
UE 275b: ulsch_rounds 7472/5/0/0, ulsch_errors 0, ulsch_DTX 5, BLER 0.00000 MCS (0) 0 (Qm 2 deltaMCS 0) NPRB 5 SNR 17.1 (+2.1) RSSI -41.3 CCE fail 189
UE 275b: LCID 1,2,4, goodput DL    0.00 UL    0.00 Mbps

[0m[NR_MAC] Frame.Slot 512.0
UE RNTI 275b CU-UE-ID 1 in-sync PH 45 dB PCMAX 20 dBm, average SINR 40.0 (32 meas)
UE 275b: dlsch_rounds 1217/0/0/0, dlsch_errors 0, pucch0_DTX 0 (SNR 20.8+0.8) RSSI -125.7, BLER 0.00000 MCS (0) 0 (Qm 2) CCE fail 9
UE 275b: ulsch_rounds 7485/5/0/0, ulsch_errors 0, ulsch_DTX 5, BLER 0.00000 MCS (0) 0 (Qm 2 deltaMCS 0) NPRB 5 SNR 17.2 (+2.2) RSSI -41.4 CCE fail 189
UE 275b: LCID 1,2,4, goodput DL    0.00 UL    0.00 Mbps

[0m[NR_MAC] Frame.Slot 640.0
UE RNTI 275b CU-UE-ID 1 in-sync PH 45 dB PCMAX 20 dBm, average SINR 40.0 (32 meas)
UE 275b: dlsch_rounds 1219/0/0/0, dlsch_errors 0, pucch0_DTX 0 (SNR 20.8+0.8) RSSI -125.7, BLER 0.00000 MCS (0) 0 (Qm 2) CCE fail 9
UE 275b: ulsch_rounds 7502/5/0/0, ulsch_errors 0, ulsch_DTX 5, BLER 0.00000 MCS (0) 0 (Qm 2 deltaMCS 0) NPRB 5 SNR 16.9 (+1.9) RSSI -41.4 CCE fail 189
UE 275b: LCID 1,2,4, goodput DL    0.00 UL    0.00 Mbps

[0m[NR_MAC] Frame.Slot 768.0
UE RNTI 275b CU-UE-ID 1 in-sync PH 45 dB PCMAX 20 dBm, average SINR 40.0 (32 meas)
UE 275b: dlsch_rounds 1222/0/0/0, dlsch_errors 0, pucch0_DTX 0 (SNR 20.8+0.8) RSSI -125.7, BLER 0.00000 MCS (0) 0 (Qm 2) CCE fail 9
UE 275b: ulsch_rounds 7516/5/0/0, ulsch_errors 0, ulsch_DTX 5, BLER 0.00000 MCS (0) 0 (Qm 2 deltaMCS 0) NPRB 5 SNR 16.7 (+1.7) RSSI -41.3 CCE fail 189
UE 275b: LCID 1,2,4, goodput DL    0.00 UL    0.00 Mbps

[0m[NR_MAC] Frame.Slot 896.0
UE RNTI 275b CU-UE-ID 1 in-sync PH 45 dB PCMAX 20 dBm, average SINR 40.0 (32 meas)
UE 275b: dlsch_rounds 1224/0/0/0, dlsch_errors 0, pucch0_DTX 0 (SNR 20.8+0.8) RSSI -125.7, BLER 0.00000 MCS (0) 0 (Qm 2) CCE fail 9
UE 275b: ulsch_rounds 7531/5/0/0, ulsch_errors 0, ulsch_DTX 5, BLER 0.00000 MCS (0) 0 (Qm 2 deltaMCS 0) NPRB 5 SNR 18.3 (+3.3) RSSI -41.4 CCE fail 189
UE 275b: LCID 1,2,4, goodput DL    0.00 UL    0.00 Mbps

[0m[NR_MAC] Frame.Slot 0.0
UE RNTI 275b CU-UE-ID 1 in-sync PH 45 dB PCMAX 20 dBm, average SINR 40.0 (32 meas)
UE 275b: dlsch_rounds 1227/0/0/0, dlsch_errors 0, pucch0_DTX 0 (SNR 20.8+0.8) RSSI -125.7, BLER 0.00000 MCS (0) 0 (Qm 2) CCE fail 9
UE 275b: ulsch_rounds 7545/5/0/0, ulsch_errors 0, ulsch_DTX 5, BLER 0.00000 MCS (0) 0 (Qm 2 deltaMCS 0) NPRB 5 SNR 18.9 (+3.9) RSSI -41.4 CCE fail 190
UE 275b: LCID 1,2,4, goodput DL    0.00 UL    0.00 Mbps

[0m[NR_MAC] Frame.Slot 128.0
UE RNTI 275b CU-UE-ID 1 in-sync PH 45 dB PCMAX 20 dBm, average SINR 40.0 (32 meas)
UE 275b: dlsch_rounds 1229/0/0/0, dlsch_errors 0, pucch0_DTX 0 (SNR 20.8+0.8) RSSI -125.7, BLER 0.00000 MCS (0) 0 (Qm 2) CCE fail 9
UE 275b: ulsch_rounds 7560/5/0/0, ulsch_errors 0, ulsch_DTX 5, BLER 0.00000 MCS (0) 0 (Qm 2 deltaMCS 0) NPRB 5 SNR 16.8 (+1.8) RSSI -41.4 CCE fail 190
UE 275b: LCID 1,2,4, goodput DL    0.00 UL    0.00 Mbps

[0m[NR_MAC] Frame.Slot 256.0
UE RNTI 275b CU-UE-ID 1 in-sync PH 45 dB PCMAX 20 dBm, average SINR 40.0 (32 meas)
UE 275b: dlsch_rounds 1232/0/0/0, dlsch_errors 0, pucch0_DTX 0 (SNR 20.8+0.8) RSSI -125.7, BLER 0.00000 MCS (0) 0 (Qm 2) CCE fail 9
UE 275b: ulsch_rounds 7576/5/0/0, ulsch_errors 0, ulsch_DTX 5, BLER 0.00000 MCS (0) 0 (Qm 2 deltaMCS 0) NPRB 5 SNR 16.9 (+1.9) RSSI -41.2 CCE fail 190
UE 275b: LCID 1,2,4, goodput DL    0.00 UL    0.00 Mbps

[0m[NR_MAC] Frame.Slot 384.0
UE RNTI 275b CU-UE-ID 1 in-sync PH 45 dB PCMAX 20 dBm, average SINR 40.0 (32 meas)
UE 275b: dlsch_rounds 1235/0/0/0, dlsch_errors 0, pucch0_DTX 0 (SNR 20.8+0.8) RSSI -125.7, BLER 0.00000 MCS (0) 0 (Qm 2) CCE fail 9
UE 275b: ulsch_rounds 7591/5/0/0, ulsch_errors 0, ulsch_DTX 5, BLER 0.00000 MCS (0) 0 (Qm 2 deltaMCS 0) NPRB 5 SNR 18.3 (+3.3) RSSI -41.3 CCE fail 190
UE 275b: LCID 1,2,4, goodput DL    0.00 UL    0.00 Mbps

[0m[NR_MAC] Frame.Slot 512.0
UE RNTI 275b CU-UE-ID 1 in-sync PH 45 dB PCMAX 20 dBm, average SINR 40.0 (32 meas)
UE 275b: dlsch_rounds 1237/0/0/0, dlsch_errors 0, pucch0_DTX 0 (SNR 20.8+0.8) RSSI -125.7, BLER 0.00000 MCS (0) 0 (Qm 2) CCE fail 9
UE 275b: ulsch_rounds 7605/5/0/0, ulsch_errors 0, ulsch_DTX 5, BLER 0.00000 MCS (0) 0 (Qm 2 deltaMCS 0) NPRB 5 SNR 17.1 (+2.1) RSSI -41.4 CCE fail 191
UE 275b: LCID 1,2,4, goodput DL    0.00 UL    0.00 Mbps

[0m[NR_MAC] Frame.Slot 640.0
UE RNTI 275b CU-UE-ID 1 in-sync PH 45 dB PCMAX 20 dBm, average SINR 40.0 (32 meas)
UE 275b: dlsch_rounds 1239/0/0/0, dlsch_errors 0, pucch0_DTX 0 (SNR 20.8+0.8) RSSI -125.7, BLER 0.00000 MCS (0) 0 (Qm 2) CCE fail 9
UE 275b: ulsch_rounds 7621/5/0/0, ulsch_errors 0, ulsch_DTX 5, BLER 0.00000 MCS (0) 0 (Qm 2 deltaMCS 0) NPRB 5 SNR 16.1 (+1.1) RSSI -41.3 CCE fail 192
UE 275b: LCID 1,2,4, goodput DL    0.00 UL    0.00 Mbps

[0m[NR_MAC] Frame.Slot 768.0
UE RNTI 275b CU-UE-ID 1 in-sync PH 45 dB PCMAX 20 dBm, average SINR 40.0 (32 meas)
UE 275b: dlsch_rounds 1242/0/0/0, dlsch_errors 0, pucch0_DTX 0 (SNR 20.8+0.8) RSSI -125.7, BLER 0.00000 MCS (0) 0 (Qm 2) CCE fail 9
UE 275b: ulsch_rounds 7635/5/0/0, ulsch_errors 0, ulsch_DTX 5, BLER 0.00000 MCS (0) 0 (Qm 2 deltaMCS 0) NPRB 5 SNR 16.0 (+1.0) RSSI -41.2 CCE fail 192
UE 275b: LCID 1,2,4, goodput DL    0.00 UL    0.00 Mbps

[0m[NR_MAC] Frame.Slot 896.0
UE RNTI 275b CU-UE-ID 1 in-sync PH 45 dB PCMAX 20 dBm, average SINR 40.0 (32 meas)
UE 275b: dlsch_rounds 1245/0/0/0, dlsch_errors 0, pucch0_DTX 0 (SNR 20.8+0.8) RSSI -125.7, BLER 0.00000 MCS (0) 0 (Qm 2) CCE fail 9
UE 275b: ulsch_rounds 7650/5/0/0, ulsch_errors 0, ulsch_DTX 5, BLER 0.00000 MCS (0) 0 (Qm 2 deltaMCS 0) NPRB 5 SNR 17.5 (+2.5) RSSI -41.3 CCE fail 192
UE 275b: LCID 1,2,4, goodput DL    0.00 UL    0.00 Mbps

[0m[NR_MAC] Frame.Slot 0.0
UE RNTI 275b CU-UE-ID 1 in-sync PH 45 dB PCMAX 20 dBm, average SINR 40.0 (32 meas)
UE 275b: dlsch_rounds 1247/0/0/0, dlsch_errors 0, pucch0_DTX 0 (SNR 20.8+0.8) RSSI -125.7, BLER 0.00000 MCS (0) 0 (Qm 2) CCE fail 9
UE 275b: ulsch_rounds 7664/5/0/0, ulsch_errors 0, ulsch_DTX 5, BLER 0.00000 MCS (0) 0 (Qm 2 deltaMCS 0) NPRB 5 SNR 17.2 (+2.2) RSSI -41.3 CCE fail 192
UE 275b: LCID 1,2,4, goodput DL    0.00 UL    0.00 Mbps

[0m[NR_MAC] Frame.Slot 128.0
UE RNTI 275b CU-UE-ID 1 in-sync PH 45 dB PCMAX 20 dBm, average SINR 40.0 (32 meas)
UE 275b: dlsch_rounds 1249/0/0/0, dlsch_errors 0, pucch0_DTX 0 (SNR 20.8+0.8) RSSI -125.7, BLER 0.00000 MCS (0) 0 (Qm 2) CCE fail 9
UE 275b: ulsch_rounds 7680/5/0/0, ulsch_errors 0, ulsch_DTX 5, BLER 0.00000 MCS (0) 0 (Qm 2 deltaMCS 0) NPRB 5 SNR 16.9 (+1.9) RSSI -41.3 CCE fail 192
UE 275b: LCID 1,2,4, goodput DL    0.00 UL    0.00 Mbps

[0m[NR_MAC] Frame.Slot 256.0
UE RNTI 275b CU-UE-ID 1 in-sync PH 45 dB PCMAX 20 dBm, average SINR 40.0 (32 meas)
UE 275b: dlsch_rounds 1252/0/0/0, dlsch_errors 0, pucch0_DTX 0 (SNR 20.8+0.8) RSSI -125.7, BLER 0.00000 MCS (0) 0 (Qm 2) CCE fail 9
UE 275b: ulsch_rounds 7696/5/0/0, ulsch_errors 0, ulsch_DTX 5, BLER 0.00000 MCS (0) 0 (Qm 2 deltaMCS 0) NPRB 5 SNR 16.7 (+1.7) RSSI -41.2 CCE fail 192
UE 275b: LCID 1,2,4, goodput DL    0.00 UL    0.00 Mbps

[0m[NR_MAC] Frame.Slot 384.0
UE RNTI 275b CU-UE-ID 1 in-sync PH 45 dB PCMAX 20 dBm, average SINR 40.0 (32 meas)
UE 275b: dlsch_rounds 1255/0/0/0, dlsch_errors 0, pucch0_DTX 0 (SNR 20.8+0.8) RSSI -125.7, BLER 0.00000 MCS (0) 0 (Qm 2) CCE fail 9
UE 275b: ulsch_rounds 7709/5/0/0, ulsch_errors 0, ulsch_DTX 5, BLER 0.00000 MCS (0) 0 (Qm 2 deltaMCS 0) NPRB 5 SNR 16.5 (+1.5) RSSI -41.3 CCE fail 192
UE 275b: LCID 1,2,4, goodput DL    0.00 UL    0.00 Mbps

[0m[NR_MAC] Frame.Slot 512.0
UE RNTI 275b CU-UE-ID 1 in-sync PH 45 dB PCMAX 20 dBm, average SINR 40.0 (32 meas)
UE 275b: dlsch_rounds 1257/0/0/0, dlsch_errors 0, pucch0_DTX 0 (SNR 20.8+0.8) RSSI -125.7, BLER 0.00000 MCS (0) 0 (Qm 2) CCE fail 9
UE 275b: ulsch_rounds 7723/5/0/0, ulsch_errors 0, ulsch_DTX 5, BLER 0.00000 MCS (0) 0 (Qm 2 deltaMCS 0) NPRB 5 SNR 17.3 (+2.3) RSSI -41.2 CCE fail 192
UE 275b: LCID 1,2,4, goodput DL    0.00 UL    0.00 Mbps

[0m[NR_MAC] Frame.Slot 640.0
UE RNTI 275b CU-UE-ID 1 in-sync PH 45 dB PCMAX 20 dBm, average SINR 40.0 (32 meas)
UE 275b: dlsch_rounds 1259/0/0/0, dlsch_errors 0, pucch0_DTX 0 (SNR 20.8+0.8) RSSI -125.7, BLER 0.00000 MCS (0) 0 (Qm 2) CCE fail 9
UE 275b: ulsch_rounds 7738/5/0/0, ulsch_errors 0, ulsch_DTX 5, BLER 0.00000 MCS (0) 0 (Qm 2 deltaMCS 0) NPRB 5 SNR 17.1 (+2.1) RSSI -41.3 CCE fail 192
UE 275b: LCID 1,2,4, goodput DL    0.00 UL    0.00 Mbps

[0m[NR_MAC] Frame.Slot 768.0
UE RNTI 275b CU-UE-ID 1 in-sync PH 45 dB PCMAX 20 dBm, average SINR 40.0 (32 meas)
UE 275b: dlsch_rounds 1263/0/0/0, dlsch_errors 0, pucch0_DTX 0 (SNR 20.8+0.8) RSSI -125.7, BLER 0.00000 MCS (0) 0 (Qm 2) CCE fail 9
UE 275b: ulsch_rounds 7754/5/0/0, ulsch_errors 0, ulsch_DTX 5, BLER 0.00000 MCS (0) 0 (Qm 2 deltaMCS 0) NPRB 5 SNR 16.8 (+1.8) RSSI -41.2 CCE fail 192
UE 275b: LCID 1,2,4, goodput DL    0.00 UL    0.00 Mbps

[0m[NR_MAC] Frame.Slot 896.0
UE RNTI 275b CU-UE-ID 1 in-sync PH 45 dB PCMAX 20 dBm, average SINR 40.0 (32 meas)
UE 275b: dlsch_rounds 1265/0/0/0, dlsch_errors 0, pucch0_DTX 0 (SNR 20.8+0.8) RSSI -125.7, BLER 0.00000 MCS (0) 0 (Qm 2) CCE fail 9
UE 275b: ulsch_rounds 7769/5/0/0, ulsch_errors 0, ulsch_DTX 5, BLER 0.00000 MCS (0) 0 (Qm 2 deltaMCS 0) NPRB 5 SNR 16.8 (+1.8) RSSI -41.3 CCE fail 192
UE 275b: LCID 1,2,4, goodput DL    0.00 UL    0.00 Mbps

[0m[NR_MAC] Frame.Slot 0.0
UE RNTI 275b CU-UE-ID 1 in-sync PH 45 dB PCMAX 20 dBm, average SINR 40.0 (32 meas)
UE 275b: dlsch_rounds 1267/0/0/0, dlsch_errors 0, pucch0_DTX 0 (SNR 20.8+0.8) RSSI -125.7, BLER 0.00000 MCS (0) 0 (Qm 2) CCE fail 9
UE 275b: ulsch_rounds 7783/5/0/0, ulsch_errors 0, ulsch_DTX 5, BLER 0.00000 MCS (0) 0 (Qm 2 deltaMCS 0) NPRB 5 SNR 18.2 (+3.2) RSSI -41.3 CCE fail 192
UE 275b: LCID 1,2,4, goodput DL    0.00 UL    0.00 Mbps

[0m[NR_MAC] Frame.Slot 128.0
UE RNTI 275b CU-UE-ID 1 in-sync PH 45 dB PCMAX 20 dBm, average SINR 40.0 (32 meas)
UE 275b: dlsch_rounds 1269/0/0/0, dlsch_errors 0, pucch0_DTX 0 (SNR 20.8+0.8) RSSI -125.7, BLER 0.00000 MCS (0) 0 (Qm 2) CCE fail 9
UE 275b: ulsch_rounds 7798/5/0/0, ulsch_errors 0, ulsch_DTX 5, BLER 0.00000 MCS (0) 0 (Qm 2 deltaMCS 0) NPRB 5 SNR 17.0 (+2.0) RSSI -41.4 CCE fail 193
UE 275b: LCID 1,2,4, goodput DL    0.00 UL    0.00 Mbps

[0m[NR_MAC] Frame.Slot 256.0
UE RNTI 275b CU-UE-ID 1 in-sync PH 45 dB PCMAX 20 dBm, average SINR 40.0 (32 meas)
UE 275b: dlsch_rounds 1273/0/0/0, dlsch_errors 0, pucch0_DTX 0 (SNR 20.8+0.8) RSSI -125.7, BLER 0.00000 MCS (0) 0 (Qm 2) CCE fail 9
UE 275b: ulsch_rounds 7814/5/0/0, ulsch_errors 0, ulsch_DTX 5, BLER 0.00000 MCS (0) 0 (Qm 2 deltaMCS 0) NPRB 5 SNR 16.0 (+1.0) RSSI -41.3 CCE fail 194
UE 275b: LCID 1,2,4, goodput DL    0.00 UL    0.00 Mbps

[0m[NR_MAC] Frame.Slot 384.0
UE RNTI 275b CU-UE-ID 1 in-sync PH 45 dB PCMAX 20 dBm, average SINR 40.0 (32 meas)
UE 275b: dlsch_rounds 1275/0/0/0, dlsch_errors 0, pucch0_DTX 0 (SNR 20.8+0.8) RSSI -125.7, BLER 0.00000 MCS (0) 0 (Qm 2) CCE fail 9
UE 275b: ulsch_rounds 7829/5/0/0, ulsch_errors 0, ulsch_DTX 5, BLER 0.00000 MCS (0) 0 (Qm 2 deltaMCS 0) NPRB 5 SNR 16.8 (+1.8) RSSI -41.4 CCE fail 194
UE 275b: LCID 1,2,4, goodput DL    0.00 UL    0.00 Mbps

[0m[NR_MAC] Frame.Slot 512.0
UE RNTI 275b CU-UE-ID 1 in-sync PH 45 dB PCMAX 20 dBm, average SINR 40.0 (32 meas)
UE 275b: dlsch_rounds 1277/0/0/0, dlsch_errors 0, pucch0_DTX 0 (SNR 20.8+0.8) RSSI -125.7, BLER 0.00000 MCS (0) 0 (Qm 2) CCE fail 9
UE 275b: ulsch_rounds 7843/5/0/0, ulsch_errors 0, ulsch_DTX 5, BLER 0.00000 MCS (0) 0 (Qm 2 deltaMCS 0) NPRB 5 SNR 17.2 (+2.2) RSSI -41.3 CCE fail 194
UE 275b: LCID 1,2,4, goodput DL    0.00 UL    0.00 Mbps

[0m[NR_MAC] Frame.Slot 640.0
UE RNTI 275b CU-UE-ID 1 in-sync PH 45 dB PCMAX 20 dBm, average SINR 40.0 (32 meas)
UE 275b: dlsch_rounds 1280/0/0/0, dlsch_errors 0, pucch0_DTX 0 (SNR 20.8+0.8) RSSI -125.7, BLER 0.00000 MCS (0) 0 (Qm 2) CCE fail 9
UE 275b: ulsch_rounds 7856/5/0/0, ulsch_errors 0, ulsch_DTX 5, BLER 0.00000 MCS (0) 0 (Qm 2 deltaMCS 0) NPRB 5 SNR 16.4 (+1.4) RSSI -41.3 CCE fail 194
UE 275b: LCID 1,2,4, goodput DL    0.00 UL    0.00 Mbps

[0m[NR_MAC] Frame.Slot 768.0
UE RNTI 275b CU-UE-ID 1 in-sync PH 45 dB PCMAX 20 dBm, average SINR 40.0 (32 meas)
UE 275b: dlsch_rounds 1283/0/0/0, dlsch_errors 0, pucch0_DTX 0 (SNR 20.8+0.8) RSSI -125.7, BLER 0.00000 MCS (0) 0 (Qm 2) CCE fail 9
UE 275b: ulsch_rounds 7873/5/0/0, ulsch_errors 0, ulsch_DTX 5, BLER 0.00000 MCS (0) 0 (Qm 2 deltaMCS 0) NPRB 5 SNR 16.1 (+1.1) RSSI -41.2 CCE fail 194
UE 275b: LCID 1,2,4, goodput DL    0.00 UL    0.00 Mbps

[0m[NR_MAC] Frame.Slot 896.0
UE RNTI 275b CU-UE-ID 1 in-sync PH 45 dB PCMAX 20 dBm, average SINR 40.0 (32 meas)
UE 275b: dlsch_rounds 1285/0/0/0, dlsch_errors 0, pucch0_DTX 0 (SNR 20.8+0.8) RSSI -125.7, BLER 0.00000 MCS (0) 0 (Qm 2) CCE fail 9
UE 275b: ulsch_rounds 7888/5/0/0, ulsch_errors 0, ulsch_DTX 5, BLER 0.00000 MCS (0) 0 (Qm 2 deltaMCS 0) NPRB 5 SNR 16.8 (+1.8) RSSI -41.3 CCE fail 194
UE 275b: LCID 1,2,4, goodput DL    0.00 UL    0.00 Mbps

[0m[NR_MAC] Frame.Slot 0.0
UE RNTI 275b CU-UE-ID 1 in-sync PH 45 dB PCMAX 20 dBm, average SINR 40.0 (32 meas)
UE 275b: dlsch_rounds 1287/0/0/0, dlsch_errors 0, pucch0_DTX 0 (SNR 20.8+0.8) RSSI -125.7, BLER 0.00000 MCS (0) 0 (Qm 2) CCE fail 9
UE 275b: ulsch_rounds 7902/5/0/0, ulsch_errors 0, ulsch_DTX 5, BLER 0.00000 MCS (0) 0 (Qm 2 deltaMCS 0) NPRB 5 SNR 17.3 (+2.3) RSSI -41.3 CCE fail 194
UE 275b: LCID 1,2,4, goodput DL    0.00 UL    0.00 Mbps

[0m[NR_MAC] Frame.Slot 128.0
UE RNTI 275b CU-UE-ID 1 in-sync PH 45 dB PCMAX 20 dBm, average SINR 40.0 (32 meas)
UE 275b: dlsch_rounds 1290/0/0/0, dlsch_errors 0, pucch0_DTX 0 (SNR 20.8+0.8) RSSI -125.7, BLER 0.00000 MCS (0) 0 (Qm 2) CCE fail 9
UE 275b: ulsch_rounds 7917/5/0/0, ulsch_errors 0, ulsch_DTX 5, BLER 0.00000 MCS (0) 0 (Qm 2 deltaMCS 0) NPRB 5 SNR 17.1 (+2.1) RSSI -41.3 CCE fail 194
UE 275b: LCID 1,2,4, goodput DL    0.00 UL    0.00 Mbps

[0m[NR_MAC] Frame.Slot 256.0
UE RNTI 275b CU-UE-ID 1 in-sync PH 45 dB PCMAX 20 dBm, average SINR 40.0 (32 meas)
UE 275b: dlsch_rounds 1292/0/0/0, dlsch_errors 0, pucch0_DTX 0 (SNR 20.8+0.8) RSSI -125.7, BLER 0.00000 MCS (0) 0 (Qm 2) CCE fail 9
UE 275b: ulsch_rounds 7933/5/0/0, ulsch_errors 0, ulsch_DTX 5, BLER 0.00000 MCS (0) 0 (Qm 2 deltaMCS 0) NPRB 5 SNR 17.0 (+2.0) RSSI -41.3 CCE fail 194
UE 275b: LCID 1,2,4, goodput DL    0.00 UL    0.00 Mbps

[0m[NR_MAC] Frame.Slot 384.0
UE RNTI 275b CU-UE-ID 1 in-sync PH 45 dB PCMAX 20 dBm, average SINR 40.0 (32 meas)
UE 275b: dlsch_rounds 1295/0/0/0, dlsch_errors 0, pucch0_DTX 0 (SNR 20.8+0.8) RSSI -125.7, BLER 0.00000 MCS (0) 0 (Qm 2) CCE fail 9
UE 275b: ulsch_rounds 7947/5/0/0, ulsch_errors 0, ulsch_DTX 5, BLER 0.00000 MCS (0) 0 (Qm 2 deltaMCS 0) NPRB 5 SNR 16.7 (+1.7) RSSI -41.2 CCE fail 194
UE 275b: LCID 1,2,4, goodput DL    0.00 UL    0.00 Mbps

[0m[NR_MAC] Frame.Slot 512.0
UE RNTI 275b CU-UE-ID 1 in-sync PH 45 dB PCMAX 20 dBm, average SINR 40.0 (32 meas)
UE 275b: dlsch_rounds 1298/0/0/0, dlsch_errors 0, pucch0_DTX 0 (SNR 20.8+0.8) RSSI -125.7, BLER 0.00000 MCS (0) 0 (Qm 2) CCE fail 9
UE 275b: ulsch_rounds 7961/5/0/0, ulsch_errors 0, ulsch_DTX 5, BLER 0.00000 MCS (0) 0 (Qm 2 deltaMCS 0) NPRB 5 SNR 17.5 (+2.5) RSSI -41.2 CCE fail 194
UE 275b: LCID 1,2,4, goodput DL    0.00 UL    0.00 Mbps

[0m[NR_MAC] Frame.Slot 640.0
UE RNTI 275b CU-UE-ID 1 in-sync PH 45 dB PCMAX 20 dBm, average SINR 40.0 (32 meas)
UE 275b: dlsch_rounds 1300/0/0/0, dlsch_errors 0, pucch0_DTX 0 (SNR 20.8+0.8) RSSI -125.7, BLER 0.00000 MCS (0) 0 (Qm 2) CCE fail 9
UE 275b: ulsch_rounds 7976/5/0/0, ulsch_errors 0, ulsch_DTX 5, BLER 0.00000 MCS (0) 0 (Qm 2 deltaMCS 0) NPRB 5 SNR 17.2 (+2.2) RSSI -41.3 CCE fail 194
UE 275b: LCID 1,2,4, goodput DL    0.00 UL    0.00 Mbps

[0m[NR_MAC] Frame.Slot 768.0
UE RNTI 275b CU-UE-ID 1 in-sync PH 45 dB PCMAX 20 dBm, average SINR 40.0 (32 meas)
UE 275b: dlsch_rounds 1303/0/0/0, dlsch_errors 0, pucch0_DTX 0 (SNR 20.8+0.8) RSSI -125.7, BLER 0.00000 MCS (0) 0 (Qm 2) CCE fail 9
UE 275b: ulsch_rounds 7992/5/0/0, ulsch_errors 0, ulsch_DTX 5, BLER 0.00000 MCS (0) 0 (Qm 2 deltaMCS 0) NPRB 5 SNR 17.0 (+2.0) RSSI -41.2 CCE fail 194
UE 275b: LCID 1,2,4, goodput DL    0.00 UL    0.00 Mbps

[0m[NR_MAC] Frame.Slot 896.0
UE RNTI 275b CU-UE-ID 1 in-sync PH 45 dB PCMAX 20 dBm, average SINR 40.0 (32 meas)
UE 275b: dlsch_rounds 1305/0/0/0, dlsch_errors 0, pucch0_DTX 0 (SNR 20.8+0.8) RSSI -125.7, BLER 0.00000 MCS (0) 0 (Qm 2) CCE fail 9
UE 275b: ulsch_rounds 8006/5/0/0, ulsch_errors 0, ulsch_DTX 5, BLER 0.00000 MCS (0) 0 (Qm 2 deltaMCS 0) NPRB 5 SNR 16.1 (+1.1) RSSI -41.2 CCE fail 194
UE 275b: LCID 1,2,4, goodput DL    0.00 UL    0.00 Mbps

[0m[NR_MAC] Frame.Slot 0.0
UE RNTI 275b CU-UE-ID 1 in-sync PH 45 dB PCMAX 20 dBm, average SINR 40.0 (32 meas)
UE 275b: dlsch_rounds 1308/0/0/0, dlsch_errors 0, pucch0_DTX 0 (SNR 20.8+0.8) RSSI -125.7, BLER 0.00000 MCS (0) 0 (Qm 2) CCE fail 9
UE 275b: ulsch_rounds 8021/5/0/0, ulsch_errors 0, ulsch_DTX 5, BLER 0.00000 MCS (0) 0 (Qm 2 deltaMCS 0) NPRB 5 SNR 18.4 (+3.4) RSSI -41.3 CCE fail 194
UE 275b: LCID 1,2,4, goodput DL    0.00 UL    0.00 Mbps

[0m[NR_MAC] Frame.Slot 128.0
UE RNTI 275b CU-UE-ID 1 in-sync PH 45 dB PCMAX 20 dBm, average SINR 40.0 (32 meas)
UE 275b: dlsch_rounds 1310/0/0/0, dlsch_errors 0, pucch0_DTX 0 (SNR 20.8+0.8) RSSI -125.7, BLER 0.00000 MCS (0) 0 (Qm 2) CCE fail 9
UE 275b: ulsch_rounds 8036/5/0/0, ulsch_errors 0, ulsch_DTX 5, BLER 0.00000 MCS (0) 0 (Qm 2 deltaMCS 0) NPRB 5 SNR 17.1 (+2.1) RSSI -41.3 CCE fail 194
UE 275b: LCID 1,2,4, goodput DL    0.00 UL    0.00 Mbps

[0m[NR_MAC] Frame.Slot 256.0
UE RNTI 275b CU-UE-ID 1 in-sync PH 45 dB PCMAX 20 dBm, average SINR 40.0 (32 meas)
UE 275b: dlsch_rounds 1312/0/0/0, dlsch_errors 0, pucch0_DTX 0 (SNR 20.8+0.8) RSSI -125.7, BLER 0.00000 MCS (0) 0 (Qm 2) CCE fail 9
UE 275b: ulsch_rounds 8052/5/0/0, ulsch_errors 0, ulsch_DTX 5, BLER 0.00000 MCS (0) 0 (Qm 2 deltaMCS 0) NPRB 5 SNR 16.1 (+1.1) RSSI -41.3 CCE fail 194
UE 275b: LCID 1,2,4, goodput DL    0.00 UL    0.00 Mbps

[0m[NR_MAC] Frame.Slot 384.0
UE RNTI 275b CU-UE-ID 1 in-sync PH 45 dB PCMAX 20 dBm, average SINR 40.0 (32 meas)
UE 275b: dlsch_rounds 1315/0/0/0, dlsch_errors 0, pucch0_DTX 0 (SNR 20.8+0.8) RSSI -125.7, BLER 0.00000 MCS (0) 0 (Qm 2) CCE fail 9
UE 275b: ulsch_rounds 8067/5/0/0, ulsch_errors 0, ulsch_DTX 5, BLER 0.00000 MCS (0) 0 (Qm 2 deltaMCS 0) NPRB 5 SNR 16.9 (+1.9) RSSI -41.3 CCE fail 194
UE 275b: LCID 1,2,4, goodput DL    0.00 UL    0.00 Mbps

[0m[NR_MAC] Frame.Slot 512.0
UE RNTI 275b CU-UE-ID 1 in-sync PH 45 dB PCMAX 20 dBm, average SINR 40.0 (32 meas)
UE 275b: dlsch_rounds 1318/0/0/0, dlsch_errors 0, pucch0_DTX 0 (SNR 20.8+0.8) RSSI -125.7, BLER 0.00000 MCS (0) 0 (Qm 2) CCE fail 9
UE 275b: ulsch_rounds 8080/5/0/0, ulsch_errors 0, ulsch_DTX 5, BLER 0.00000 MCS (0) 0 (Qm 2 deltaMCS 0) NPRB 5 SNR 17.6 (+2.6) RSSI -41.2 CCE fail 194
UE 275b: LCID 1,2,4, goodput DL    0.00 UL    0.00 Mbps

[0m[NR_MAC] Frame.Slot 640.0
UE RNTI 275b CU-UE-ID 1 in-sync PH 45 dB PCMAX 20 dBm, average SINR 40.0 (32 meas)
UE 275b: dlsch_rounds 1320/0/0/0, dlsch_errors 0, pucch0_DTX 0 (SNR 20.8+0.8) RSSI -125.7, BLER 0.00000 MCS (0) 0 (Qm 2) CCE fail 9
UE 275b: ulsch_rounds 8094/5/0/0, ulsch_errors 0, ulsch_DTX 5, BLER 0.00000 MCS (0) 0 (Qm 2 deltaMCS 0) NPRB 5 SNR 16.5 (+1.5) RSSI -41.3 CCE fail 194
UE 275b: LCID 1,2,4, goodput DL    0.00 UL    0.00 Mbps

[0m[NR_MAC] Frame.Slot 768.0
UE RNTI 275b CU-UE-ID 1 in-sync PH 45 dB PCMAX 20 dBm, average SINR 40.0 (32 meas)
UE 275b: dlsch_rounds 1322/0/0/0, dlsch_errors 0, pucch0_DTX 0 (SNR 20.8+0.8) RSSI -125.7, BLER 0.00000 MCS (0) 0 (Qm 2) CCE fail 9
UE 275b: ulsch_rounds 8111/5/0/0, ulsch_errors 0, ulsch_DTX 5, BLER 0.00000 MCS (0) 0 (Qm 2 deltaMCS 0) NPRB 5 SNR 16.3 (+1.3) RSSI -41.3 CCE fail 194
UE 275b: LCID 1,2,4, goodput DL    0.00 UL    0.00 Mbps

[0m[NR_MAC] Frame.Slot 896.0
UE RNTI 275b CU-UE-ID 1 in-sync PH 45 dB PCMAX 20 dBm, average SINR 40.0 (32 meas)
UE 275b: dlsch_rounds 1326/0/0/0, dlsch_errors 0, pucch0_DTX 0 (SNR 20.8+0.8) RSSI -125.7, BLER 0.00000 MCS (0) 0 (Qm 2) CCE fail 9
UE 275b: ulsch_rounds 8126/5/0/0, ulsch_errors 0, ulsch_DTX 5, BLER 0.00000 MCS (0) 0 (Qm 2 deltaMCS 0) NPRB 5 SNR 17.0 (+2.0) RSSI -41.3 CCE fail 194
UE 275b: LCID 1,2,4, goodput DL    0.00 UL    0.00 Mbps

[0m[NR_MAC] Frame.Slot 0.0
UE RNTI 275b CU-UE-ID 1 in-sync PH 45 dB PCMAX 20 dBm, average SINR 40.0 (32 meas)
UE 275b: dlsch_rounds 1328/0/0/0, dlsch_errors 0, pucch0_DTX 0 (SNR 20.8+0.8) RSSI -125.7, BLER 0.00000 MCS (0) 0 (Qm 2) CCE fail 9
UE 275b: ulsch_rounds 8140/5/0/0, ulsch_errors 0, ulsch_DTX 5, BLER 0.00000 MCS (0) 0 (Qm 2 deltaMCS 0) NPRB 5 SNR 17.5 (+2.5) RSSI -41.4 CCE fail 194
UE 275b: LCID 1,2,4, goodput DL    0.00 UL    0.00 Mbps

[0m[NR_MAC] Frame.Slot 128.0
UE RNTI 275b CU-UE-ID 1 in-sync PH 45 dB PCMAX 20 dBm, average SINR 40.0 (32 meas)
UE 275b: dlsch_rounds 1330/0/0/0, dlsch_errors 0, pucch0_DTX 0 (SNR 20.8+0.8) RSSI -125.7, BLER 0.00000 MCS (0) 0 (Qm 2) CCE fail 9
UE 275b: ulsch_rounds 8154/5/0/0, ulsch_errors 0, ulsch_DTX 5, BLER 0.00000 MCS (0) 0 (Qm 2 deltaMCS 0) NPRB 5 SNR 17.4 (+2.4) RSSI -41.4 CCE fail 194
UE 275b: LCID 1,2,4, goodput DL    0.00 UL    0.00 Mbps

[0m[NR_MAC] Frame.Slot 256.0
UE RNTI 275b CU-UE-ID 1 in-sync PH 45 dB PCMAX 20 dBm, average SINR 40.0 (32 meas)
UE 275b: dlsch_rounds 1332/0/0/0, dlsch_errors 0, pucch0_DTX 0 (SNR 20.8+0.8) RSSI -125.7, BLER 0.00000 MCS (0) 0 (Qm 2) CCE fail 9
UE 275b: ulsch_rounds 8170/5/0/0, ulsch_errors 0, ulsch_DTX 5, BLER 0.00000 MCS (0) 0 (Qm 2 deltaMCS 0) NPRB 5 SNR 16.1 (+1.1) RSSI -41.4 CCE fail 194
UE 275b: LCID 1,2,4, goodput DL    0.00 UL    0.00 Mbps

[0m[NR_MAC] Frame.Slot 384.0
UE RNTI 275b CU-UE-ID 1 in-sync PH 45 dB PCMAX 20 dBm, average SINR 40.0 (32 meas)
UE 275b: dlsch_rounds 1336/0/0/0, dlsch_errors 0, pucch0_DTX 0 (SNR 20.8+0.8) RSSI -125.7, BLER 0.00000 MCS (0) 0 (Qm 2) CCE fail 9
UE 275b: ulsch_rounds 8185/5/0/0, ulsch_errors 0, ulsch_DTX 5, BLER 0.00000 MCS (0) 0 (Qm 2 deltaMCS 0) NPRB 5 SNR 16.8 (+1.8) RSSI -41.3 CCE fail 194
UE 275b: LCID 1,2,4, goodput DL    0.00 UL    0.00 Mbps

[0m[NR_MAC] Frame.Slot 512.0
UE RNTI 275b CU-UE-ID 1 in-sync PH 45 dB PCMAX 20 dBm, average SINR 40.0 (32 meas)
UE 275b: dlsch_rounds 1338/0/0/0, dlsch_errors 0, pucch0_DTX 0 (SNR 20.8+0.8) RSSI -125.7, BLER 0.00000 MCS (0) 0 (Qm 2) CCE fail 9
UE 275b: ulsch_rounds 8199/5/0/0, ulsch_errors 0, ulsch_DTX 5, BLER 0.00000 MCS (0) 0 (Qm 2 deltaMCS 0) NPRB 5 SNR 17.7 (+2.7) RSSI -41.3 CCE fail 194
UE 275b: LCID 1,2,4, goodput DL    0.00 UL    0.00 Mbps

[0m[NR_MAC] Frame.Slot 640.0
UE RNTI 275b CU-UE-ID 1 in-sync PH 45 dB PCMAX 20 dBm, average SINR 40.0 (32 meas)
UE 275b: dlsch_rounds 1340/0/0/0, dlsch_errors 0, pucch0_DTX 0 (SNR 20.8+0.8) RSSI -125.7, BLER 0.00000 MCS (0) 0 (Qm 2) CCE fail 9
UE 275b: ulsch_rounds 8214/5/0/0, ulsch_errors 0, ulsch_DTX 5, BLER 0.00000 MCS (0) 0 (Qm 2 deltaMCS 0) NPRB 5 SNR 17.4 (+2.4) RSSI -41.3 CCE fail 194
UE 275b: LCID 1,2,4, goodput DL    0.00 UL    0.00 Mbps

[0m[NR_MAC] Frame.Slot 768.0
UE RNTI 275b CU-UE-ID 1 in-sync PH 45 dB PCMAX 20 dBm, average SINR 40.0 (32 meas)
UE 275b: dlsch_rounds 1343/0/0/0, dlsch_errors 0, pucch0_DTX 0 (SNR 20.8+0.8) RSSI -125.7, BLER 0.00000 MCS (0) 0 (Qm 2) CCE fail 9
UE 275b: ulsch_rounds 8228/5/0/0, ulsch_errors 0, ulsch_DTX 5, BLER 0.00000 MCS (0) 0 (Qm 2 deltaMCS 0) NPRB 5 SNR 17.2 (+2.2) RSSI -41.3 CCE fail 194
UE 275b: LCID 1,2,4, goodput DL    0.00 UL    0.00 Mbps

[0m[NR_MAC] Frame.Slot 896.0
UE RNTI 275b CU-UE-ID 1 in-sync PH 45 dB PCMAX 20 dBm, average SINR 40.0 (32 meas)
UE 275b: dlsch_rounds 1346/0/0/0, dlsch_errors 0, pucch0_DTX 0 (SNR 20.8+0.8) RSSI -125.7, BLER 0.00000 MCS (0) 0 (Qm 2) CCE fail 9
UE 275b: ulsch_rounds 8244/5/0/0, ulsch_errors 0, ulsch_DTX 5, BLER 0.00000 MCS (0) 0 (Qm 2 deltaMCS 0) NPRB 5 SNR 16.2 (+1.2) RSSI -41.3 CCE fail 195
UE 275b: LCID 1,2,4, goodput DL    0.00 UL    0.00 Mbps

[0m[NR_MAC] Frame.Slot 0.0
UE RNTI 275b CU-UE-ID 1 in-sync PH 45 dB PCMAX 20 dBm, average SINR 40.0 (32 meas)
UE 275b: dlsch_rounds 1348/0/0/0, dlsch_errors 0, pucch0_DTX 0 (SNR 20.8+0.8) RSSI -125.7, BLER 0.00000 MCS (0) 0 (Qm 2) CCE fail 9
UE 275b: ulsch_rounds 8259/5/0/0, ulsch_errors 0, ulsch_DTX 5, BLER 0.00000 MCS (0) 0 (Qm 2 deltaMCS 0) NPRB 5 SNR 16.9 (+1.9) RSSI -41.4 CCE fail 195
UE 275b: LCID 1,2,4, goodput DL    0.00 UL    0.00 Mbps

[0m[NR_MAC] Frame.Slot 128.0
UE RNTI 275b CU-UE-ID 1 in-sync PH 45 dB PCMAX 20 dBm, average SINR 40.0 (32 meas)
UE 275b: dlsch_rounds 1350/0/0/0, dlsch_errors 0, pucch0_DTX 0 (SNR 20.8+0.8) RSSI -125.7, BLER 0.00000 MCS (0) 0 (Qm 2) CCE fail 9
UE 275b: ulsch_rounds 8274/5/0/0, ulsch_errors 0, ulsch_DTX 5, BLER 0.00000 MCS (0) 0 (Qm 2 deltaMCS 0) NPRB 5 SNR 17.3 (+2.3) RSSI -41.3 CCE fail 195
UE 275b: LCID 1,2,4, goodput DL    0.00 UL    0.00 Mbps

[0m[NR_MAC] Frame.Slot 256.0
UE RNTI 275b CU-UE-ID 1 in-sync PH 45 dB PCMAX 20 dBm, average SINR 40.0 (32 meas)
UE 275b: dlsch_rounds 1353/0/0/0, dlsch_errors 0, pucch0_DTX 0 (SNR 20.8+0.8) RSSI -125.7, BLER 0.00000 MCS (0) 0 (Qm 2) CCE fail 9
UE 275b: ulsch_rounds 8287/5/0/0, ulsch_errors 0, ulsch_DTX 5, BLER 0.00000 MCS (0) 0 (Qm 2 deltaMCS 0) NPRB 5 SNR 17.3 (+2.3) RSSI -41.4 CCE fail 195
UE 275b: LCID 1,2,4, goodput DL    0.00 UL    0.00 Mbps

[0m[NR_MAC] Frame.Slot 384.0
UE RNTI 275b CU-UE-ID 1 in-sync PH 45 dB PCMAX 20 dBm, average SINR 40.0 (32 meas)
UE 275b: dlsch_rounds 1356/0/0/0, dlsch_errors 0, pucch0_DTX 0 (SNR 20.8+0.8) RSSI -125.7, BLER 0.00000 MCS (0) 0 (Qm 2) CCE fail 9
UE 275b: ulsch_rounds 8304/5/0/0, ulsch_errors 0, ulsch_DTX 5, BLER 0.00000 MCS (0) 1 (Qm 2 deltaMCS 0) NPRB 5 SNR 16.2 (+1.2) RSSI -41.3 CCE fail 195
UE 275b: LCID 1,2,4, goodput DL    0.00 UL    0.00 Mbps

[0m[NR_MAC] Frame.Slot 512.0
UE RNTI 275b CU-UE-ID 1 in-sync PH 45 dB PCMAX 20 dBm, average SINR 40.0 (32 meas)
UE 275b: dlsch_rounds 1358/0/0/0, dlsch_errors 0, pucch0_DTX 0 (SNR 20.8+0.8) RSSI -125.7, BLER 0.00000 MCS (0) 0 (Qm 2) CCE fail 9
UE 275b: ulsch_rounds 8318/5/0/0, ulsch_errors 0, ulsch_DTX 5, BLER 0.00000 MCS (0) 0 (Qm 2 deltaMCS 0) NPRB 5 SNR 16.9 (+1.9) RSSI -41.4 CCE fail 195
UE 275b: LCID 1,2,4, goodput DL    0.00 UL    0.00 Mbps

[0m[NR_MAC] Frame.Slot 640.0
UE RNTI 275b CU-UE-ID 1 in-sync PH 45 dB PCMAX 20 dBm, average SINR 40.0 (32 meas)
UE 275b: dlsch_rounds 1361/0/0/0, dlsch_errors 0, pucch0_DTX 0 (SNR 20.8+0.8) RSSI -125.7, BLER 0.00000 MCS (0) 0 (Qm 2) CCE fail 9
UE 275b: ulsch_rounds 8332/5/0/0, ulsch_errors 0, ulsch_DTX 5, BLER 0.00000 MCS (0) 0 (Qm 2 deltaMCS 0) NPRB 5 SNR 16.7 (+1.7) RSSI -41.4 CCE fail 195
UE 275b: LCID 1,2,4, goodput DL    0.00 UL    0.00 Mbps

[0m[NR_MAC] Frame.Slot 768.0
UE RNTI 275b CU-UE-ID 1 in-sync PH 45 dB PCMAX 20 dBm, average SINR 40.0 (32 meas)
UE 275b: dlsch_rounds 1363/0/0/0, dlsch_errors 0, pucch0_DTX 0 (SNR 20.8+0.8) RSSI -125.7, BLER 0.00000 MCS (0) 0 (Qm 2) CCE fail 9
UE 275b: ulsch_rounds 8347/5/0/0, ulsch_errors 0, ulsch_DTX 5, BLER 0.00000 MCS (0) 0 (Qm 2 deltaMCS 0) NPRB 5 SNR 17.4 (+2.4) RSSI -41.4 CCE fail 195
UE 275b: LCID 1,2,4, goodput DL    0.00 UL    0.00 Mbps

[0m[NR_MAC] Frame.Slot 896.0
UE RNTI 275b CU-UE-ID 1 in-sync PH 45 dB PCMAX 20 dBm, average SINR 40.0 (32 meas)
UE 275b: dlsch_rounds 1366/0/0/0, dlsch_errors 0, pucch0_DTX 0 (SNR 20.8+0.8) RSSI -125.7, BLER 0.00000 MCS (0) 0 (Qm 2) CCE fail 9
UE 275b: ulsch_rounds 8364/5/0/0, ulsch_errors 0, ulsch_DTX 5, BLER 0.00000 MCS (0) 0 (Qm 2 deltaMCS 0) NPRB 5 SNR 16.1 (+1.1) RSSI -41.4 CCE fail 195
UE 275b: LCID 1,2,4, goodput DL    0.00 UL    0.00 Mbps

[0m[NR_MAC] Frame.Slot 0.0
UE RNTI 275b CU-UE-ID 1 in-sync PH 45 dB PCMAX 20 dBm, average SINR 40.0 (32 meas)
UE 275b: dlsch_rounds 1368/0/0/0, dlsch_errors 0, pucch0_DTX 0 (SNR 20.8+0.8) RSSI -125.7, BLER 0.00000 MCS (0) 0 (Qm 2) CCE fail 9
UE 275b: ulsch_rounds 8377/5/0/0, ulsch_errors 0, ulsch_DTX 5, BLER 0.00000 MCS (0) 0 (Qm 2 deltaMCS 0) NPRB 5 SNR 17.0 (+2.0) RSSI -41.4 CCE fail 195
UE 275b: LCID 1,2,4, goodput DL    0.00 UL    0.00 Mbps

[0m[NR_MAC] Frame.Slot 128.0
UE RNTI 275b CU-UE-ID 1 in-sync PH 45 dB PCMAX 20 dBm, average SINR 40.0 (32 meas)
UE 275b: dlsch_rounds 1371/0/0/0, dlsch_errors 0, pucch0_DTX 0 (SNR 20.8+0.8) RSSI -125.7, BLER 0.00000 MCS (0) 0 (Qm 2) CCE fail 9
UE 275b: ulsch_rounds 8392/5/0/0, ulsch_errors 0, ulsch_DTX 5, BLER 0.00000 MCS (0) 0 (Qm 2 deltaMCS 0) NPRB 5 SNR 17.5 (+2.5) RSSI -41.3 CCE fail 195
UE 275b: LCID 1,2,4, goodput DL    0.00 UL    0.00 Mbps

[0m[NR_MAC] Frame.Slot 256.0
UE RNTI 275b CU-UE-ID 1 in-sync PH 45 dB PCMAX 20 dBm, average SINR 40.0 (32 meas)
UE 275b: dlsch_rounds 1373/0/0/0, dlsch_errors 0, pucch0_DTX 0 (SNR 20.8+0.8) RSSI -125.7, BLER 0.00000 MCS (0) 0 (Qm 2) CCE fail 9
UE 275b: ulsch_rounds 8407/5/0/0, ulsch_errors 0, ulsch_DTX 5, BLER 0.00000 MCS (0) 0 (Qm 2 deltaMCS 0) NPRB 5 SNR 17.2 (+2.2) RSSI -41.3 CCE fail 195
UE 275b: LCID 1,2,4, goodput DL    0.00 UL    0.00 Mbps

[0m[NR_MAC] Frame.Slot 384.0
UE RNTI 275b CU-UE-ID 1 in-sync PH 45 dB PCMAX 20 dBm, average SINR 40.0 (32 meas)
UE 275b: dlsch_rounds 1376/0/0/0, dlsch_errors 0, pucch0_DTX 0 (SNR 20.8+0.8) RSSI -125.7, BLER 0.00000 MCS (0) 0 (Qm 2) CCE fail 9
UE 275b: ulsch_rounds 8423/5/0/0, ulsch_errors 0, ulsch_DTX 5, BLER 0.00000 MCS (0) 0 (Qm 2 deltaMCS 0) NPRB 5 SNR 17.0 (+2.0) RSSI -41.3 CCE fail 195
UE 275b: LCID 1,2,4, goodput DL    0.00 UL    0.00 Mbps

[0m[NR_MAC] Frame.Slot 512.0
UE RNTI 275b CU-UE-ID 1 in-sync PH 45 dB PCMAX 20 dBm, average SINR 40.0 (32 meas)
UE 275b: dlsch_rounds 1378/0/0/0, dlsch_errors 0, pucch0_DTX 0 (SNR 20.8+0.8) RSSI -125.7, BLER 0.00000 MCS (0) 0 (Qm 2) CCE fail 9
UE 275b: ulsch_rounds 8437/5/0/0, ulsch_errors 0, ulsch_DTX 5, BLER 0.00000 MCS (0) 0 (Qm 2 deltaMCS 0) NPRB 5 SNR 17.0 (+2.0) RSSI -41.3 CCE fail 195
UE 275b: LCID 1,2,4, goodput DL    0.00 UL    0.00 Mbps

[0m[NR_MAC] Frame.Slot 640.0
UE RNTI 275b CU-UE-ID 1 in-sync PH 45 dB PCMAX 20 dBm, average SINR 40.0 (32 meas)
UE 275b: dlsch_rounds 1381/0/0/0, dlsch_errors 0, pucch0_DTX 0 (SNR 20.8+0.8) RSSI -125.7, BLER 0.00000 MCS (0) 0 (Qm 2) CCE fail 9
UE 275b: ulsch_rounds 8451/5/0/0, ulsch_errors 0, ulsch_DTX 5, BLER 0.00000 MCS (0) 0 (Qm 2 deltaMCS 0) NPRB 5 SNR 17.7 (+2.7) RSSI -41.3 CCE fail 195
UE 275b: LCID 1,2,4, goodput DL    0.00 UL    0.00 Mbps

[0m[NR_MAC] Frame.Slot 768.0
UE RNTI 275b CU-UE-ID 1 in-sync PH 45 dB PCMAX 20 dBm, average SINR 40.0 (32 meas)
UE 275b: dlsch_rounds 1383/0/0/0, dlsch_errors 0, pucch0_DTX 0 (SNR 20.8+0.8) RSSI -125.7, BLER 0.00000 MCS (0) 0 (Qm 2) CCE fail 9
UE 275b: ulsch_rounds 8466/5/0/0, ulsch_errors 0, ulsch_DTX 5, BLER 0.00000 MCS (0) 0 (Qm 2 deltaMCS 0) NPRB 5 SNR 17.4 (+2.4) RSSI -41.3 CCE fail 196
UE 275b: LCID 1,2,4, goodput DL    0.00 UL    0.00 Mbps

[0m[NR_MAC] Frame.Slot 896.0
UE RNTI 275b CU-UE-ID 1 in-sync PH 45 dB PCMAX 20 dBm, average SINR 40.0 (32 meas)
UE 275b: dlsch_rounds 1385/0/0/0, dlsch_errors 0, pucch0_DTX 0 (SNR 20.8+0.8) RSSI -125.7, BLER 0.00000 MCS (0) 0 (Qm 2) CCE fail 9
UE 275b: ulsch_rounds 8482/5/0/0, ulsch_errors 0, ulsch_DTX 5, BLER 0.00000 MCS (0) 0 (Qm 2 deltaMCS 0) NPRB 5 SNR 16.3 (+1.3) RSSI -41.3 CCE fail 196
UE 275b: LCID 1,2,4, goodput DL    0.00 UL    0.00 Mbps

[0m[NR_MAC] Frame.Slot 0.0
UE RNTI 275b CU-UE-ID 1 in-sync PH 45 dB PCMAX 20 dBm, average SINR 40.0 (32 meas)
UE 275b: dlsch_rounds 1389/0/0/0, dlsch_errors 0, pucch0_DTX 0 (SNR 20.8+0.8) RSSI -125.7, BLER 0.00000 MCS (0) 0 (Qm 2) CCE fail 9
UE 275b: ulsch_rounds 8497/5/0/0, ulsch_errors 0, ulsch_DTX 5, BLER 0.00000 MCS (0) 0 (Qm 2 deltaMCS 0) NPRB 5 SNR 16.1 (+1.1) RSSI -41.3 CCE fail 196
UE 275b: LCID 1,2,4, goodput DL    0.00 UL    0.00 Mbps

[0m[NR_MAC] Frame.Slot 128.0
UE RNTI 275b CU-UE-ID 1 in-sync PH 45 dB PCMAX 20 dBm, average SINR 40.0 (32 meas)
UE 275b: dlsch_rounds 1391/0/0/0, dlsch_errors 0, pucch0_DTX 0 (SNR 20.8+0.8) RSSI -125.7, BLER 0.00000 MCS (0) 0 (Qm 2) CCE fail 9
UE 275b: ulsch_rounds 8512/5/0/0, ulsch_errors 0, ulsch_DTX 5, BLER 0.00000 MCS (0) 0 (Qm 2 deltaMCS 0) NPRB 5 SNR 17.4 (+2.4) RSSI -41.3 CCE fail 196
UE 275b: LCID 1,2,4, goodput DL    0.00 UL    0.00 Mbps

[0m[NR_MAC] Frame.Slot 256.0
UE RNTI 275b CU-UE-ID 1 in-sync PH 45 dB PCMAX 20 dBm, average SINR 40.0 (32 meas)
UE 275b: dlsch_rounds 1393/0/0/0, dlsch_errors 0, pucch0_DTX 0 (SNR 20.8+0.8) RSSI -125.7, BLER 0.00000 MCS (0) 0 (Qm 2) CCE fail 9
UE 275b: ulsch_rounds 8525/5/0/0, ulsch_errors 0, ulsch_DTX 5, BLER 0.00000 MCS (0) 0 (Qm 2 deltaMCS 0) NPRB 5 SNR 16.5 (+1.5) RSSI -41.3 CCE fail 196
UE 275b: LCID 1,2,4, goodput DL    0.00 UL    0.00 Mbps

[0m[NR_MAC] Frame.Slot 384.0
UE RNTI 275b CU-UE-ID 1 in-sync PH 45 dB PCMAX 20 dBm, average SINR 40.0 (32 meas)
UE 275b: dlsch_rounds 1395/0/0/0, dlsch_errors 0, pucch0_DTX 0 (SNR 20.8+0.8) RSSI -125.7, BLER 0.00000 MCS (0) 0 (Qm 2) CCE fail 9
UE 275b: ulsch_rounds 8542/5/0/0, ulsch_errors 0, ulsch_DTX 5, BLER 0.00000 MCS (0) 0 (Qm 2 deltaMCS 0) NPRB 5 SNR 16.3 (+1.3) RSSI -41.3 CCE fail 196
UE 275b: LCID 1,2,4, goodput DL    0.00 UL    0.00 Mbps

[0m[NR_MAC] Frame.Slot 512.0
UE RNTI 275b CU-UE-ID 1 in-sync PH 45 dB PCMAX 20 dBm, average SINR 40.0 (32 meas)
UE 275b: dlsch_rounds 1399/0/0/0, dlsch_errors 0, pucch0_DTX 0 (SNR 20.8+0.8) RSSI -125.7, BLER 0.00000 MCS (0) 0 (Qm 2) CCE fail 9
UE 275b: ulsch_rounds 8556/5/0/0, ulsch_errors 0, ulsch_DTX 5, BLER 0.00000 MCS (0) 0 (Qm 2 deltaMCS 0) NPRB 5 SNR 16.0 (+1.0) RSSI -41.3 CCE fail 196
UE 275b: LCID 1,2,4, goodput DL    0.00 UL    0.00 Mbps

[0m[NR_MAC] Frame.Slot 640.0
UE RNTI 275b CU-UE-ID 1 in-sync PH 45 dB PCMAX 20 dBm, average SINR 40.0 (32 meas)
UE 275b: dlsch_rounds 1401/0/0/0, dlsch_errors 0, pucch0_DTX 0 (SNR 20.8+0.8) RSSI -125.7, BLER 0.00000 MCS (0) 0 (Qm 2) CCE fail 9
UE 275b: ulsch_rounds 8570/5/0/0, ulsch_errors 0, ulsch_DTX 5, BLER 0.00000 MCS (0) 0 (Qm 2 deltaMCS 0) NPRB 5 SNR 16.8 (+1.8) RSSI -41.2 CCE fail 196
UE 275b: LCID 1,2,4, goodput DL    0.00 UL    0.00 Mbps

[0m[NR_MAC] Frame.Slot 768.0
UE RNTI 275b CU-UE-ID 1 in-sync PH 45 dB PCMAX 20 dBm, average SINR 40.0 (32 meas)
UE 275b: dlsch_rounds 1403/0/0/0, dlsch_errors 0, pucch0_DTX 0 (SNR 20.8+0.8) RSSI -125.7, BLER 0.00000 MCS (0) 0 (Qm 2) CCE fail 9
UE 275b: ulsch_rounds 8585/5/0/0, ulsch_errors 0, ulsch_DTX 5, BLER 0.00000 MCS (0) 0 (Qm 2 deltaMCS 0) NPRB 5 SNR 17.6 (+2.6) RSSI -41.3 CCE fail 196
UE 275b: LCID 1,2,4, goodput DL    0.00 UL    0.00 Mbps

[0m[NR_MAC] Frame.Slot 896.0
UE RNTI 275b CU-UE-ID 1 in-sync PH 45 dB PCMAX 20 dBm, average SINR 40.0 (32 meas)
UE 275b: dlsch_rounds 1406/0/0/0, dlsch_errors 0, pucch0_DTX 0 (SNR 20.8+0.8) RSSI -125.7, BLER 0.00000 MCS (0) 0 (Qm 2) CCE fail 9
UE 275b: ulsch_rounds 8600/5/0/0, ulsch_errors 0, ulsch_DTX 5, BLER 0.00000 MCS (0) 0 (Qm 2 deltaMCS 0) NPRB 5 SNR 16.4 (+1.4) RSSI -41.3 CCE fail 196
UE 275b: LCID 1,2,4, goodput DL    0.00 UL    0.00 Mbps

[0m[NR_MAC] Frame.Slot 0.0
UE RNTI 275b CU-UE-ID 1 in-sync PH 45 dB PCMAX 20 dBm, average SINR 40.0 (32 meas)
UE 275b: dlsch_rounds 1409/0/0/0, dlsch_errors 0, pucch0_DTX 0 (SNR 20.8+0.8) RSSI -125.7, BLER 0.00000 MCS (0) 0 (Qm 2) CCE fail 9
UE 275b: ulsch_rounds 8615/5/0/0, ulsch_errors 0, ulsch_DTX 5, BLER 0.00000 MCS (0) 0 (Qm 2 deltaMCS 0) NPRB 5 SNR 16.1 (+1.1) RSSI -41.4 CCE fail 196
UE 275b: LCID 1,2,4, goodput DL    0.00 UL    0.00 Mbps

[0m[NR_MAC] Frame.Slot 128.0
UE RNTI 275b CU-UE-ID 1 in-sync PH 45 dB PCMAX 20 dBm, average SINR 40.0 (32 meas)
UE 275b: dlsch_rounds 1411/0/0/0, dlsch_errors 0, pucch0_DTX 0 (SNR 20.8+0.8) RSSI -125.7, BLER 0.00000 MCS (0) 0 (Qm 2) CCE fail 9
UE 275b: ulsch_rounds 8630/5/0/0, ulsch_errors 0, ulsch_DTX 5, BLER 0.00000 MCS (0) 0 (Qm 2 deltaMCS 0) NPRB 5 SNR 17.7 (+2.7) RSSI -41.4 CCE fail 196
UE 275b: LCID 1,2,4, goodput DL    0.00 UL    0.00 Mbps

[0m[NR_MAC] Frame.Slot 256.0
UE RNTI 275b CU-UE-ID 1 in-sync PH 45 dB PCMAX 20 dBm, average SINR 40.0 (32 meas)
UE 275b: dlsch_rounds 1413/0/0/0, dlsch_errors 0, pucch0_DTX 0 (SNR 20.8+0.8) RSSI -125.7, BLER 0.00000 MCS (0) 0 (Qm 2) CCE fail 9
UE 275b: ulsch_rounds 8645/5/0/0, ulsch_errors 0, ulsch_DTX 5, BLER 0.00000 MCS (0) 0 (Qm 2 deltaMCS 0) NPRB 5 SNR 17.4 (+2.4) RSSI -41.3 CCE fail 196
UE 275b: LCID 1,2,4, goodput DL    0.00 UL    0.00 Mbps

[0m[NR_MAC] Frame.Slot 384.0
UE RNTI 275b CU-UE-ID 1 in-sync PH 45 dB PCMAX 20 dBm, average SINR 40.0 (32 meas)
UE 275b: dlsch_rounds 1416/0/0/0, dlsch_errors 0, pucch0_DTX 0 (SNR 20.8+0.8) RSSI -125.7, BLER 0.00000 MCS (0) 0 (Qm 2) CCE fail 9
UE 275b: ulsch_rounds 8661/5/0/0, ulsch_errors 0, ulsch_DTX 5, BLER 0.00000 MCS (0) 0 (Qm 2 deltaMCS 0) NPRB 5 SNR 16.1 (+1.1) RSSI -41.3 CCE fail 196
UE 275b: LCID 1,2,4, goodput DL    0.00 UL    0.00 Mbps

[0m[NR_MAC] Frame.Slot 512.0
UE RNTI 275b CU-UE-ID 1 in-sync PH 45 dB PCMAX 20 dBm, average SINR 40.0 (32 meas)
UE 275b: dlsch_rounds 1419/0/0/0, dlsch_errors 0, pucch0_DTX 0 (SNR 20.8+0.8) RSSI -125.7, BLER 0.00000 MCS (0) 0 (Qm 2) CCE fail 9
UE 275b: ulsch_rounds 8674/5/0/0, ulsch_errors 0, ulsch_DTX 5, BLER 0.00000 MCS (0) 0 (Qm 2 deltaMCS 0) NPRB 5 SNR 16.2 (+1.2) RSSI -41.2 CCE fail 196
UE 275b: LCID 1,2,4, goodput DL    0.00 UL    0.00 Mbps

[0m[NR_MAC] Frame.Slot 640.0
UE RNTI 275b CU-UE-ID 1 in-sync PH 45 dB PCMAX 20 dBm, average SINR 40.0 (32 meas)
UE 275b: dlsch_rounds 1421/0/0/0, dlsch_errors 0, pucch0_DTX 0 (SNR 20.8+0.8) RSSI -125.7, BLER 0.00000 MCS (0) 0 (Qm 2) CCE fail 9
UE 275b: ulsch_rounds 8689/5/0/0, ulsch_errors 0, ulsch_DTX 5, BLER 0.00000 MCS (0) 0 (Qm 2 deltaMCS 0) NPRB 5 SNR 17.0 (+2.0) RSSI -41.3 CCE fail 197
UE 275b: LCID 1,2,4, goodput DL    0.00 UL    0.00 Mbps

[0m[NR_MAC] Frame.Slot 768.0
UE RNTI 275b CU-UE-ID 1 in-sync PH 45 dB PCMAX 20 dBm, average SINR 40.0 (32 meas)
UE 275b: dlsch_rounds 1424/0/0/0, dlsch_errors 0, pucch0_DTX 0 (SNR 20.8+0.8) RSSI -125.7, BLER 0.00000 MCS (0) 0 (Qm 2) CCE fail 9
UE 275b: ulsch_rounds 8704/5/0/0, ulsch_errors 0, ulsch_DTX 5, BLER 0.00000 MCS (0) 0 (Qm 2 deltaMCS 0) NPRB 5 SNR 17.6 (+2.6) RSSI -41.3 CCE fail 197
UE 275b: LCID 1,2,4, goodput DL    0.00 UL    0.00 Mbps

[0m[NR_MAC] Frame.Slot 896.0
UE RNTI 275b CU-UE-ID 1 in-sync PH 45 dB PCMAX 20 dBm, average SINR 40.0 (32 meas)
UE 275b: dlsch_rounds 1426/0/0/0, dlsch_errors 0, pucch0_DTX 0 (SNR 20.8+0.8) RSSI -125.7, BLER 0.00000 MCS (0) 0 (Qm 2) CCE fail 9
UE 275b: ulsch_rounds 8719/5/0/0, ulsch_errors 0, ulsch_DTX 5, BLER 0.00000 MCS (0) 0 (Qm 2 deltaMCS 0) NPRB 5 SNR 16.5 (+1.5) RSSI -41.3 CCE fail 197
UE 275b: LCID 1,2,4, goodput DL    0.00 UL    0.00 Mbps

[0m[NR_MAC] Frame.Slot 0.0
UE RNTI 275b CU-UE-ID 1 in-sync PH 45 dB PCMAX 20 dBm, average SINR 40.0 (32 meas)
UE 275b: dlsch_rounds 1429/0/0/0, dlsch_errors 0, pucch0_DTX 0 (SNR 20.8+0.8) RSSI -125.7, BLER 0.00000 MCS (0) 0 (Qm 2) CCE fail 9
UE 275b: ulsch_rounds 8735/5/0/0, ulsch_errors 0, ulsch_DTX 5, BLER 0.00000 MCS (0) 0 (Qm 2 deltaMCS 0) NPRB 5 SNR 16.2 (+1.2) RSSI -41.3 CCE fail 197
UE 275b: LCID 1,2,4, goodput DL    0.00 UL    0.00 Mbps

[0m[NR_MAC] Frame.Slot 128.0
UE RNTI 275b CU-UE-ID 1 in-sync PH 45 dB PCMAX 20 dBm, average SINR 40.0 (32 meas)
UE 275b: dlsch_rounds 1431/0/0/0, dlsch_errors 0, pucch0_DTX 0 (SNR 20.8+0.8) RSSI -125.7, BLER 0.00000 MCS (0) 0 (Qm 2) CCE fail 9
UE 275b: ulsch_rounds 8748/5/0/0, ulsch_errors 0, ulsch_DTX 5, BLER 0.00000 MCS (0) 0 (Qm 2 deltaMCS 0) NPRB 5 SNR 16.0 (+1.0) RSSI -41.4 CCE fail 197
UE 275b: LCID 1,2,4, goodput DL    0.00 UL    0.00 Mbps

[0m[NR_MAC] Frame.Slot 256.0
UE RNTI 275b CU-UE-ID 1 in-sync PH 45 dB PCMAX 20 dBm, average SINR 40.0 (32 meas)
UE 275b: dlsch_rounds 1434/0/0/0, dlsch_errors 0, pucch0_DTX 0 (SNR 20.8+0.8) RSSI -125.7, BLER 0.00000 MCS (0) 0 (Qm 2) CCE fail 9
UE 275b: ulsch_rounds 8762/5/0/0, ulsch_errors 0, ulsch_DTX 5, BLER 0.00000 MCS (0) 0 (Qm 2 deltaMCS 0) NPRB 5 SNR 16.9 (+1.9) RSSI -41.4 CCE fail 197
UE 275b: LCID 1,2,4, goodput DL    0.00 UL    0.00 Mbps

[0m[NR_MAC] Frame.Slot 384.0
UE RNTI 275b CU-UE-ID 1 in-sync PH 45 dB PCMAX 20 dBm, average SINR 40.0 (32 meas)
UE 275b: dlsch_rounds 1436/0/0/0, dlsch_errors 0, pucch0_DTX 0 (SNR 20.8+0.8) RSSI -125.7, BLER 0.00000 MCS (0) 0 (Qm 2) CCE fail 9
UE 275b: ulsch_rounds 8777/5/0/0, ulsch_errors 0, ulsch_DTX 5, BLER 0.00000 MCS (0) 0 (Qm 2 deltaMCS 0) NPRB 5 SNR 17.6 (+2.6) RSSI -41.4 CCE fail 197
UE 275b: LCID 1,2,4, goodput DL    0.00 UL    0.00 Mbps

[0m[NR_MAC] Frame.Slot 512.0
UE RNTI 275b CU-UE-ID 1 in-sync PH 45 dB PCMAX 20 dBm, average SINR 40.0 (32 meas)
UE 275b: dlsch_rounds 1439/0/0/0, dlsch_errors 0, pucch0_DTX 0 (SNR 20.8+0.8) RSSI -125.7, BLER 0.00000 MCS (0) 0 (Qm 2) CCE fail 9
UE 275b: ulsch_rounds 8793/5/0/0, ulsch_errors 0, ulsch_DTX 5, BLER 0.00000 MCS (0) 0 (Qm 2 deltaMCS 0) NPRB 5 SNR 16.3 (+1.3) RSSI -41.3 CCE fail 197
UE 275b: LCID 1,2,4, goodput DL    0.00 UL    0.00 Mbps

[0m[NR_MAC] Frame.Slot 640.0
UE RNTI 275b CU-UE-ID 1 in-sync PH 45 dB PCMAX 20 dBm, average SINR 40.0 (32 meas)
UE 275b: dlsch_rounds 1441/0/0/0, dlsch_errors 0, pucch0_DTX 0 (SNR 20.8+0.8) RSSI -125.7, BLER 0.00000 MCS (0) 0 (Qm 2) CCE fail 9
UE 275b: ulsch_rounds 8807/5/0/0, ulsch_errors 0, ulsch_DTX 5, BLER 0.00000 MCS (0) 0 (Qm 2 deltaMCS 0) NPRB 5 SNR 16.4 (+1.4) RSSI -41.3 CCE fail 197
UE 275b: LCID 1,2,4, goodput DL    0.00 UL    0.00 Mbps

[0m[NR_MAC] Frame.Slot 768.0
UE RNTI 275b CU-UE-ID 1 in-sync PH 45 dB PCMAX 20 dBm, average SINR 40.0 (32 meas)
UE 275b: dlsch_rounds 1444/0/0/0, dlsch_errors 0, pucch0_DTX 0 (SNR 20.8+0.8) RSSI -125.7, BLER 0.00000 MCS (0) 0 (Qm 2) CCE fail 9
UE 275b: ulsch_rounds 8821/5/0/0, ulsch_errors 0, ulsch_DTX 5, BLER 0.00000 MCS (0) 0 (Qm 2 deltaMCS 0) NPRB 5 SNR 18.1 (+3.1) RSSI -41.3 CCE fail 197
UE 275b: LCID 1,2,4, goodput DL    0.00 UL    0.00 Mbps

[0m[NR_MAC] Frame.Slot 896.0
UE RNTI 275b CU-UE-ID 1 in-sync PH 45 dB PCMAX 20 dBm, average SINR 40.0 (32 meas)
UE 275b: dlsch_rounds 1446/0/0/0, dlsch_errors 0, pucch0_DTX 0 (SNR 20.8+0.8) RSSI -125.7, BLER 0.00000 MCS (0) 0 (Qm 2) CCE fail 9
UE 275b: ulsch_rounds 8836/5/0/0, ulsch_errors 0, ulsch_DTX 5, BLER 0.00000 MCS (0) 0 (Qm 2 deltaMCS 0) NPRB 5 SNR 17.7 (+2.7) RSSI -41.4 CCE fail 197
UE 275b: LCID 1,2,4, goodput DL    0.00 UL    0.00 Mbps

[0m[NR_MAC] Frame.Slot 0.0
UE RNTI 275b CU-UE-ID 1 in-sync PH 45 dB PCMAX 20 dBm, average SINR 40.0 (32 meas)
UE 275b: dlsch_rounds 1449/0/0/0, dlsch_errors 0, pucch0_DTX 0 (SNR 20.8+0.8) RSSI -125.7, BLER 0.00000 MCS (0) 0 (Qm 2) CCE fail 9
UE 275b: ulsch_rounds 8852/5/0/0, ulsch_errors 0, ulsch_DTX 5, BLER 0.00000 MCS (0) 0 (Qm 2 deltaMCS 0) NPRB 5 SNR 16.4 (+1.4) RSSI -41.3 CCE fail 197
UE 275b: LCID 1,2,4, goodput DL    0.00 UL    0.00 Mbps

[0m[NR_MAC] Frame.Slot 128.0
UE RNTI 275b CU-UE-ID 1 in-sync PH 45 dB PCMAX 20 dBm, average SINR 40.0 (32 meas)
UE 275b: dlsch_rounds 1452/0/0/0, dlsch_errors 0, pucch0_DTX 0 (SNR 20.8+0.8) RSSI -125.7, BLER 0.00000 MCS (0) 0 (Qm 2) CCE fail 9
UE 275b: ulsch_rounds 8867/5/0/0, ulsch_errors 0, ulsch_DTX 5, BLER 0.00000 MCS (0) 0 (Qm 2 deltaMCS 0) NPRB 5 SNR 16.3 (+1.3) RSSI -41.3 CCE fail 197
UE 275b: LCID 1,2,4, goodput DL    0.00 UL    0.00 Mbps

[0m[NR_MAC] Frame.Slot 256.0
UE RNTI 275b CU-UE-ID 1 in-sync PH 45 dB PCMAX 20 dBm, average SINR 40.0 (32 meas)
UE 275b: dlsch_rounds 1454/0/0/0, dlsch_errors 0, pucch0_DTX 0 (SNR 20.8+0.8) RSSI -125.7, BLER 0.00000 MCS (0) 0 (Qm 2) CCE fail 9
UE 275b: ulsch_rounds 8882/5/0/0, ulsch_errors 0, ulsch_DTX 5, BLER 0.00000 MCS (0) 0 (Qm 2 deltaMCS 0) NPRB 5 SNR 17.7 (+2.7) RSSI -41.2 CCE fail 197
UE 275b: LCID 1,2,4, goodput DL    0.00 UL    0.00 Mbps

[0m[NR_MAC] Frame.Slot 384.0
UE RNTI 275b CU-UE-ID 1 in-sync PH 45 dB PCMAX 20 dBm, average SINR 40.0 (32 meas)
UE 275b: dlsch_rounds 1456/0/0/0, dlsch_errors 0, pucch0_DTX 0 (SNR 20.8+0.8) RSSI -125.7, BLER 0.00000 MCS (0) 0 (Qm 2) CCE fail 10
UE 275b: ulsch_rounds 8896/5/0/0, ulsch_errors 0, ulsch_DTX 5, BLER 0.00000 MCS (0) 0 (Qm 2 deltaMCS 0) NPRB 5 SNR 17.5 (+2.5) RSSI -41.3 CCE fail 197
UE 275b: LCID 1,2,4, goodput DL    0.00 UL    0.00 Mbps

[0m[NR_MAC] Frame.Slot 512.0
UE RNTI 275b CU-UE-ID 1 in-sync PH 45 dB PCMAX 20 dBm, average SINR 40.0 (32 meas)
UE 275b: dlsch_rounds 1459/0/0/0, dlsch_errors 0, pucch0_DTX 0 (SNR 20.8+0.8) RSSI -125.7, BLER 0.00000 MCS (0) 0 (Qm 2) CCE fail 10
UE 275b: ulsch_rounds 8911/5/0/0, ulsch_errors 0, ulsch_DTX 5, BLER 0.00000 MCS (0) 0 (Qm 2 deltaMCS 0) NPRB 5 SNR 16.5 (+1.5) RSSI -41.3 CCE fail 197
UE 275b: LCID 1,2,4, goodput DL    0.00 UL    0.00 Mbps

[0m[NR_MAC] Frame.Slot 640.0
UE RNTI 275b CU-UE-ID 1 in-sync PH 45 dB PCMAX 20 dBm, average SINR 40.0 (32 meas)
UE 275b: dlsch_rounds 1462/0/0/0, dlsch_errors 0, pucch0_DTX 0 (SNR 20.8+0.8) RSSI -125.7, BLER 0.00000 MCS (0) 0 (Qm 2) CCE fail 10
UE 275b: ulsch_rounds 8926/5/0/0, ulsch_errors 0, ulsch_DTX 5, BLER 0.00000 MCS (0) 0 (Qm 2 deltaMCS 0) NPRB 5 SNR 16.5 (+1.5) RSSI -41.3 CCE fail 197
UE 275b: LCID 1,2,4, goodput DL    0.00 UL    0.00 Mbps

[0m[NR_MAC] Frame.Slot 768.0
UE RNTI 275b CU-UE-ID 1 in-sync PH 45 dB PCMAX 20 dBm, average SINR 40.0 (32 meas)
UE 275b: dlsch_rounds 1464/0/0/0, dlsch_errors 0, pucch0_DTX 0 (SNR 20.8+0.8) RSSI -125.7, BLER 0.00000 MCS (0) 0 (Qm 2) CCE fail 10
UE 275b: ulsch_rounds 8941/5/0/0, ulsch_errors 0, ulsch_DTX 5, BLER 0.00000 MCS (0) 0 (Qm 2 deltaMCS 0) NPRB 5 SNR 17.9 (+2.9) RSSI -41.3 CCE fail 197
UE 275b: LCID 1,2,4, goodput DL    0.00 UL    0.00 Mbps

[0m[NR_MAC] Frame.Slot 896.0
UE RNTI 275b CU-UE-ID 1 in-sync PH 45 dB PCMAX 20 dBm, average SINR 40.0 (32 meas)
UE 275b: dlsch_rounds 1466/0/0/0, dlsch_errors 0, pucch0_DTX 0 (SNR 20.8+0.8) RSSI -125.7, BLER 0.00000 MCS (0) 0 (Qm 2) CCE fail 10
UE 275b: ulsch_rounds 8955/5/0/0, ulsch_errors 0, ulsch_DTX 5, BLER 0.00000 MCS (0) 0 (Qm 2 deltaMCS 0) NPRB 5 SNR 16.8 (+1.8) RSSI -41.4 CCE fail 197
UE 275b: LCID 1,2,4, goodput DL    0.00 UL    0.00 Mbps

[0m[NR_MAC] Frame.Slot 0.0
UE RNTI 275b CU-UE-ID 1 in-sync PH 45 dB PCMAX 20 dBm, average SINR 40.0 (32 meas)
UE 275b: dlsch_rounds 1469/0/0/0, dlsch_errors 0, pucch0_DTX 0 (SNR 20.8+0.8) RSSI -125.7, BLER 0.00000 MCS (0) 0 (Qm 2) CCE fail 10
UE 275b: ulsch_rounds 8971/5/0/0, ulsch_errors 0, ulsch_DTX 5, BLER 0.00000 MCS (0) 0 (Qm 2 deltaMCS 0) NPRB 5 SNR 16.6 (+1.6) RSSI -41.3 CCE fail 197
UE 275b: LCID 1,2,4, goodput DL    0.00 UL    0.00 Mbps

[0m[NR_MAC] Frame.Slot 128.0
UE RNTI 275b CU-UE-ID 1 in-sync PH 45 dB PCMAX 20 dBm, average SINR 40.0 (32 meas)
UE 275b: dlsch_rounds 1472/0/0/0, dlsch_errors 0, pucch0_DTX 0 (SNR 20.8+0.8) RSSI -125.7, BLER 0.00000 MCS (0) 0 (Qm 2) CCE fail 10
UE 275b: ulsch_rounds 8986/5/0/0, ulsch_errors 0, ulsch_DTX 5, BLER 0.00000 MCS (0) 0 (Qm 2 deltaMCS 0) NPRB 5 SNR 16.4 (+1.4) RSSI -41.3 CCE fail 197
UE 275b: LCID 1,2,4, goodput DL    0.00 UL    0.00 Mbps

[0m[NR_MAC] Frame.Slot 256.0
UE RNTI 275b CU-UE-ID 1 in-sync PH 45 dB PCMAX 20 dBm, average SINR 40.0 (32 meas)
UE 275b: dlsch_rounds 1474/0/0/0, dlsch_errors 0, pucch0_DTX 0 (SNR 20.8+0.8) RSSI -125.7, BLER 0.00000 MCS (0) 0 (Qm 2) CCE fail 10
UE 275b: ulsch_rounds 9000/5/0/0, ulsch_errors 0, ulsch_DTX 5, BLER 0.00000 MCS (0) 0 (Qm 2 deltaMCS 0) NPRB 5 SNR 17.0 (+2.0) RSSI -41.3 CCE fail 197
UE 275b: LCID 1,2,4, goodput DL    0.00 UL    0.00 Mbps

[0m[NR_MAC] Frame.Slot 384.0
UE RNTI 275b CU-UE-ID 1 in-sync PH 45 dB PCMAX 20 dBm, average SINR 40.0 (32 meas)
UE 275b: dlsch_rounds 1476/0/0/0, dlsch_errors 0, pucch0_DTX 0 (SNR 20.8+0.8) RSSI -125.7, BLER 0.00000 MCS (0) 0 (Qm 2) CCE fail 10
UE 275b: ulsch_rounds 9015/5/0/0, ulsch_errors 0, ulsch_DTX 5, BLER 0.00000 MCS (0) 0 (Qm 2 deltaMCS 0) NPRB 5 SNR 17.7 (+2.7) RSSI -41.4 CCE fail 197
UE 275b: LCID 1,2,4, goodput DL    0.00 UL    0.00 Mbps

[0m[NR_MAC] Frame.Slot 512.0
UE RNTI 275b CU-UE-ID 1 in-sync PH 45 dB PCMAX 20 dBm, average SINR 40.0 (32 meas)
UE 275b: dlsch_rounds 1480/0/0/0, dlsch_errors 0, pucch0_DTX 0 (SNR 20.8+0.8) RSSI -125.7, BLER 0.00000 MCS (0) 0 (Qm 2) CCE fail 10
UE 275b: ulsch_rounds 9031/5/0/0, ulsch_errors 0, ulsch_DTX 5, BLER 0.00000 MCS (0) 0 (Qm 2 deltaMCS 0) NPRB 5 SNR 16.4 (+1.4) RSSI -41.3 CCE fail 197
UE 275b: LCID 1,2,4, goodput DL    0.00 UL    0.00 Mbps

[0m[NR_MAC] Frame.Slot 640.0
UE RNTI 275b CU-UE-ID 1 in-sync PH 45 dB PCMAX 20 dBm, average SINR 40.0 (32 meas)
UE 275b: dlsch_rounds 1482/0/0/0, dlsch_errors 0, pucch0_DTX 0 (SNR 20.8+0.8) RSSI -125.7, BLER 0.00000 MCS (0) 0 (Qm 2) CCE fail 10
UE 275b: ulsch_rounds 9044/5/0/0, ulsch_errors 0, ulsch_DTX 5, BLER 0.00000 MCS (0) 0 (Qm 2 deltaMCS 0) NPRB 5 SNR 16.4 (+1.4) RSSI -41.3 CCE fail 197
UE 275b: LCID 1,2,4, goodput DL    0.00 UL    0.00 Mbps

[0m[NR_MAC] Frame.Slot 768.0
UE RNTI 275b CU-UE-ID 1 in-sync PH 45 dB PCMAX 20 dBm, average SINR 40.0 (32 meas)
UE 275b: dlsch_rounds 1484/0/0/0, dlsch_errors 0, pucch0_DTX 0 (SNR 20.8+0.8) RSSI -125.7, BLER 0.00000 MCS (0) 0 (Qm 2) CCE fail 11
UE 275b: ulsch_rounds 9059/5/0/0, ulsch_errors 0, ulsch_DTX 5, BLER 0.00000 MCS (0) 0 (Qm 2 deltaMCS 0) NPRB 5 SNR 18.2 (+3.2) RSSI -41.3 CCE fail 197
UE 275b: LCID 1,2,4, goodput DL    0.00 UL    0.00 Mbps

[0m[NR_MAC] Frame.Slot 896.0
UE RNTI 275b CU-UE-ID 1 in-sync PH 45 dB PCMAX 20 dBm, average SINR 40.0 (32 meas)
UE 275b: dlsch_rounds 1487/0/0/0, dlsch_errors 0, pucch0_DTX 0 (SNR 20.8+0.8) RSSI -125.7, BLER 0.00000 MCS (0) 0 (Qm 2) CCE fail 11
UE 275b: ulsch_rounds 9074/5/0/0, ulsch_errors 0, ulsch_DTX 5, BLER 0.00000 MCS (0) 0 (Qm 2 deltaMCS 0) NPRB 5 SNR 17.8 (+2.8) RSSI -41.3 CCE fail 197
UE 275b: LCID 1,2,4, goodput DL    0.00 UL    0.00 Mbps

[0m[NR_MAC] Frame.Slot 0.0
UE RNTI 275b CU-UE-ID 1 in-sync PH 45 dB PCMAX 20 dBm, average SINR 40.0 (32 meas)
UE 275b: dlsch_rounds 1489/0/0/0, dlsch_errors 0, pucch0_DTX 0 (SNR 20.8+0.8) RSSI -125.7, BLER 0.00000 MCS (0) 0 (Qm 2) CCE fail 11
UE 275b: ulsch_rounds 9090/5/0/0, ulsch_errors 0, ulsch_DTX 5, BLER 0.00000 MCS (0) 0 (Qm 2 deltaMCS 0) NPRB 5 SNR 16.4 (+1.4) RSSI -41.3 CCE fail 197
UE 275b: LCID 1,2,4, goodput DL    0.00 UL    0.00 Mbps

[0m[NR_MAC] Frame.Slot 128.0
UE RNTI 275b CU-UE-ID 1 in-sync PH 45 dB PCMAX 20 dBm, average SINR 40.0 (32 meas)
UE 275b: dlsch_rounds 1492/0/0/0, dlsch_errors 0, pucch0_DTX 0 (SNR 20.8+0.8) RSSI -125.7, BLER 0.00000 MCS (0) 0 (Qm 2) CCE fail 11
UE 275b: ulsch_rounds 9105/5/0/0, ulsch_errors 0, ulsch_DTX 5, BLER 0.00000 MCS (0) 0 (Qm 2 deltaMCS 0) NPRB 5 SNR 16.4 (+1.4) RSSI -41.3 CCE fail 197
UE 275b: LCID 1,2,4, goodput DL    0.00 UL    0.00 Mbps

[0m[NR_MAC] Frame.Slot 256.0
UE RNTI 275b CU-UE-ID 1 in-sync PH 45 dB PCMAX 20 dBm, average SINR 40.0 (32 meas)
UE 275b: dlsch_rounds 1494/0/0/0, dlsch_errors 0, pucch0_DTX 0 (SNR 20.8+0.8) RSSI -125.7, BLER 0.00000 MCS (0) 0 (Qm 2) CCE fail 11
UE 275b: ulsch_rounds 9119/5/0/0, ulsch_errors 0, ulsch_DTX 5, BLER 0.00000 MCS (0) 0 (Qm 2 deltaMCS 0) NPRB 5 SNR 17.1 (+2.1) RSSI -41.3 CCE fail 197
UE 275b: LCID 1,2,4, goodput DL    0.00 UL    0.00 Mbps

[0m[NR_MAC] Frame.Slot 384.0
UE RNTI 275b CU-UE-ID 1 in-sync PH 45 dB PCMAX 20 dBm, average SINR 40.0 (32 meas)
UE 275b: dlsch_rounds 1497/0/0/0, dlsch_errors 0, pucch0_DTX 0 (SNR 20.8+0.8) RSSI -125.7, BLER 0.00000 MCS (0) 0 (Qm 2) CCE fail 11
UE 275b: ulsch_rounds 9134/5/0/0, ulsch_errors 0, ulsch_DTX 5, BLER 0.00000 MCS (0) 0 (Qm 2 deltaMCS 0) NPRB 5 SNR 17.6 (+2.6) RSSI -41.3 CCE fail 197
UE 275b: LCID 1,2,4, goodput DL    0.00 UL    0.00 Mbps

[0m[NR_MAC] Frame.Slot 512.0
UE RNTI 275b CU-UE-ID 1 in-sync PH 45 dB PCMAX 20 dBm, average SINR 40.0 (32 meas)
UE 275b: dlsch_rounds 1499/0/0/0, dlsch_errors 0, pucch0_DTX 0 (SNR 20.8+0.8) RSSI -125.7, BLER 0.00000 MCS (0) 0 (Qm 2) CCE fail 11
UE 275b: ulsch_rounds 9149/5/0/0, ulsch_errors 0, ulsch_DTX 5, BLER 0.00000 MCS (0) 0 (Qm 2 deltaMCS 0) NPRB 5 SNR 16.6 (+1.6) RSSI -41.3 CCE fail 197
UE 275b: LCID 1,2,4, goodput DL    0.00 UL    0.00 Mbps

[0m[NR_MAC] Frame.Slot 640.0
UE RNTI 275b CU-UE-ID 1 in-sync PH 45 dB PCMAX 20 dBm, average SINR 40.0 (32 meas)
UE 275b: dlsch_rounds 1502/0/0/0, dlsch_errors 0, pucch0_DTX 0 (SNR 20.8+0.8) RSSI -125.7, BLER 0.00000 MCS (0) 0 (Qm 2) CCE fail 11
UE 275b: ulsch_rounds 9164/5/0/0, ulsch_errors 0, ulsch_DTX 5, BLER 0.00000 MCS (0) 0 (Qm 2 deltaMCS 0) NPRB 5 SNR 16.6 (+1.6) RSSI -41.2 CCE fail 197
UE 275b: LCID 1,2,4, goodput DL    0.00 UL    0.00 Mbps

[0m[NR_MAC] Frame.Slot 768.0
UE RNTI 275b CU-UE-ID 1 in-sync PH 45 dB PCMAX 20 dBm, average SINR 40.0 (32 meas)
UE 275b: dlsch_rounds 1504/0/0/0, dlsch_errors 0, pucch0_DTX 0 (SNR 20.8+0.8) RSSI -125.7, BLER 0.00000 MCS (0) 0 (Qm 2) CCE fail 11
UE 275b: ulsch_rounds 9179/5/0/0, ulsch_errors 0, ulsch_DTX 5, BLER 0.00000 MCS (0) 0 (Qm 2 deltaMCS 0) NPRB 5 SNR 18.1 (+3.1) RSSI -41.2 CCE fail 197
UE 275b: LCID 1,2,4, goodput DL    0.00 UL    0.00 Mbps

[0m[NR_MAC] Frame.Slot 896.0
UE RNTI 275b CU-UE-ID 1 in-sync PH 45 dB PCMAX 20 dBm, average SINR 40.0 (32 meas)
UE 275b: dlsch_rounds 1507/0/0/0, dlsch_errors 0, pucch0_DTX 0 (SNR 20.8+0.8) RSSI -125.7, BLER 0.00000 MCS (0) 0 (Qm 2) CCE fail 11
UE 275b: ulsch_rounds 9192/5/0/0, ulsch_errors 0, ulsch_DTX 5, BLER 0.00000 MCS (0) 0 (Qm 2 deltaMCS 0) NPRB 5 SNR 17.0 (+2.0) RSSI -41.3 CCE fail 197
UE 275b: LCID 1,2,4, goodput DL    0.00 UL    0.00 Mbps

[0m[NR_MAC] Frame.Slot 0.0
UE RNTI 275b CU-UE-ID 1 in-sync PH 45 dB PCMAX 20 dBm, average SINR 40.0 (32 meas)
UE 275b: dlsch_rounds 1509/0/0/0, dlsch_errors 0, pucch0_DTX 0 (SNR 20.8+0.8) RSSI -125.7, BLER 0.00000 MCS (0) 0 (Qm 2) CCE fail 11
UE 275b: ulsch_rounds 9208/5/0/0, ulsch_errors 0, ulsch_DTX 5, BLER 0.00000 MCS (0) 0 (Qm 2 deltaMCS 0) NPRB 5 SNR 16.7 (+1.7) RSSI -41.4 CCE fail 197
UE 275b: LCID 1,2,4, goodput DL    0.00 UL    0.00 Mbps

[0m[NR_MAC] Frame.Slot 128.0
UE RNTI 275b CU-UE-ID 1 in-sync PH 45 dB PCMAX 20 dBm, average SINR 40.0 (32 meas)
UE 275b: dlsch_rounds 1512/0/0/0, dlsch_errors 0, pucch0_DTX 0 (SNR 20.8+0.8) RSSI -125.7, BLER 0.00000 MCS (0) 0 (Qm 2) CCE fail 11
UE 275b: ulsch_rounds 9224/5/0/0, ulsch_errors 0, ulsch_DTX 5, BLER 0.00000 MCS (0) 0 (Qm 2 deltaMCS 0) NPRB 5 SNR 16.5 (+1.5) RSSI -41.2 CCE fail 197
UE 275b: LCID 1,2,4, goodput DL    0.00 UL    0.00 Mbps

[0m[NR_MAC] Frame.Slot 256.0
UE RNTI 275b CU-UE-ID 1 in-sync PH 45 dB PCMAX 20 dBm, average SINR 40.0 (32 meas)
UE 275b: dlsch_rounds 1515/0/0/0, dlsch_errors 0, pucch0_DTX 0 (SNR 20.8+0.8) RSSI -125.7, BLER 0.00000 MCS (0) 0 (Qm 2) CCE fail 11
UE 275b: ulsch_rounds 9238/5/0/0, ulsch_errors 0, ulsch_DTX 5, BLER 0.00000 MCS (0) 0 (Qm 2 deltaMCS 0) NPRB 5 SNR 16.3 (+1.3) RSSI -41.3 CCE fail 197
UE 275b: LCID 1,2,4, goodput DL    0.00 UL    0.00 Mbps

[0m[NR_MAC] Frame.Slot 384.0
UE RNTI 275b CU-UE-ID 1 in-sync PH 45 dB PCMAX 20 dBm, average SINR 40.0 (32 meas)
UE 275b: dlsch_rounds 1517/0/0/0, dlsch_errors 0, pucch0_DTX 0 (SNR 20.8+0.8) RSSI -125.7, BLER 0.00000 MCS (0) 0 (Qm 2) CCE fail 11
UE 275b: ulsch_rounds 9253/5/0/0, ulsch_errors 0, ulsch_DTX 5, BLER 0.00000 MCS (0) 0 (Qm 2 deltaMCS 0) NPRB 5 SNR 17.9 (+2.9) RSSI -41.3 CCE fail 197
UE 275b: LCID 1,2,4, goodput DL    0.00 UL    0.00 Mbps

[0m[NR_MAC] Frame.Slot 512.0
UE RNTI 275b CU-UE-ID 1 in-sync PH 45 dB PCMAX 20 dBm, average SINR 40.0 (32 meas)
UE 275b: dlsch_rounds 1519/0/0/0, dlsch_errors 0, pucch0_DTX 0 (SNR 20.8+0.8) RSSI -125.7, BLER 0.00000 MCS (0) 0 (Qm 2) CCE fail 11
UE 275b: ulsch_rounds 9267/5/0/0, ulsch_errors 0, ulsch_DTX 5, BLER 0.00000 MCS (0) 0 (Qm 2 deltaMCS 0) NPRB 5 SNR 17.7 (+2.7) RSSI -41.3 CCE fail 197
UE 275b: LCID 1,2,4, goodput DL    0.00 UL    0.00 Mbps

[0m[NR_MAC] Frame.Slot 640.0
UE RNTI 275b CU-UE-ID 1 in-sync PH 45 dB PCMAX 20 dBm, average SINR 40.0 (32 meas)
UE 275b: dlsch_rounds 1522/0/0/0, dlsch_errors 0, pucch0_DTX 0 (SNR 20.8+0.8) RSSI -125.7, BLER 0.00000 MCS (0) 0 (Qm 2) CCE fail 11
UE 275b: ulsch_rounds 9282/5/0/0, ulsch_errors 0, ulsch_DTX 5, BLER 0.00000 MCS (0) 0 (Qm 2 deltaMCS 0) NPRB 5 SNR 16.6 (+1.6) RSSI -41.4 CCE fail 197
UE 275b: LCID 1,2,4, goodput DL    0.00 UL    0.00 Mbps

[0m[NR_MAC] Frame.Slot 768.0
UE RNTI 275b CU-UE-ID 1 in-sync PH 45 dB PCMAX 20 dBm, average SINR 40.0 (32 meas)
UE 275b: dlsch_rounds 1525/0/0/0, dlsch_errors 0, pucch0_DTX 0 (SNR 20.8+0.8) RSSI -125.7, BLER 0.00000 MCS (0) 0 (Qm 2) CCE fail 11
UE 275b: ulsch_rounds 9297/5/0/0, ulsch_errors 0, ulsch_DTX 5, BLER 0.00000 MCS (0) 0 (Qm 2 deltaMCS 0) NPRB 5 SNR 16.6 (+1.6) RSSI -41.3 CCE fail 197
UE 275b: LCID 1,2,4, goodput DL    0.00 UL    0.00 Mbps

[0m[NR_MAC] Frame.Slot 896.0
UE RNTI 275b CU-UE-ID 1 in-sync PH 45 dB PCMAX 20 dBm, average SINR 40.0 (32 meas)
UE 275b: dlsch_rounds 1527/0/0/0, dlsch_errors 0, pucch0_DTX 0 (SNR 20.8+0.8) RSSI -125.7, BLER 0.00000 MCS (0) 0 (Qm 2) CCE fail 11
UE 275b: ulsch_rounds 9312/5/0/0, ulsch_errors 0, ulsch_DTX 5, BLER 0.00000 MCS (0) 0 (Qm 2 deltaMCS 0) NPRB 5 SNR 17.9 (+2.9) RSSI -41.3 CCE fail 197
UE 275b: LCID 1,2,4, goodput DL    0.00 UL    0.00 Mbps

[0m[NR_MAC] Frame.Slot 0.0
UE RNTI 275b CU-UE-ID 1 in-sync PH 45 dB PCMAX 20 dBm, average SINR 40.0 (32 meas)
UE 275b: dlsch_rounds 1529/0/0/0, dlsch_errors 0, pucch0_DTX 0 (SNR 20.8+0.8) RSSI -125.7, BLER 0.00000 MCS (0) 0 (Qm 2) CCE fail 11
UE 275b: ulsch_rounds 9327/5/0/0, ulsch_errors 0, ulsch_DTX 5, BLER 0.00000 MCS (0) 0 (Qm 2 deltaMCS 0) NPRB 5 SNR 17.6 (+2.6) RSSI -41.4 CCE fail 197
UE 275b: LCID 1,2,4, goodput DL    0.00 UL    0.00 Mbps

[0m[NR_MAC] Frame.Slot 128.0
UE RNTI 275b CU-UE-ID 1 in-sync PH 45 dB PCMAX 20 dBm, average SINR 40.0 (32 meas)
UE 275b: dlsch_rounds 1533/0/0/0, dlsch_errors 0, pucch0_DTX 0 (SNR 20.8+0.8) RSSI -125.7, BLER 0.00000 MCS (0) 0 (Qm 2) CCE fail 11
UE 275b: ulsch_rounds 9342/5/0/0, ulsch_errors 0, ulsch_DTX 5, BLER 0.00000 MCS (0) 0 (Qm 2 deltaMCS 0) NPRB 5 SNR 16.6 (+1.6) RSSI -41.2 CCE fail 197
UE 275b: LCID 1,2,4, goodput DL    0.00 UL    0.00 Mbps

[0m[NR_MAC] Frame.Slot 256.0
UE RNTI 275b CU-UE-ID 1 in-sync PH 45 dB PCMAX 20 dBm, average SINR 40.0 (32 meas)
UE 275b: dlsch_rounds 1535/0/0/0, dlsch_errors 0, pucch0_DTX 0 (SNR 20.8+0.8) RSSI -125.7, BLER 0.00000 MCS (0) 0 (Qm 2) CCE fail 11
UE 275b: ulsch_rounds 9357/5/0/0, ulsch_errors 0, ulsch_DTX 5, BLER 0.00000 MCS (0) 0 (Qm 2 deltaMCS 0) NPRB 5 SNR 16.4 (+1.4) RSSI -41.3 CCE fail 197
UE 275b: LCID 1,2,4, goodput DL    0.00 UL    0.00 Mbps

[0m[NR_MAC] Frame.Slot 384.0
UE RNTI 275b CU-UE-ID 1 in-sync PH 45 dB PCMAX 20 dBm, average SINR 40.0 (32 meas)
UE 275b: dlsch_rounds 1537/0/0/0, dlsch_errors 0, pucch0_DTX 0 (SNR 20.8+0.8) RSSI -125.7, BLER 0.00000 MCS (0) 0 (Qm 2) CCE fail 11
UE 275b: ulsch_rounds 9372/5/0/0, ulsch_errors 0, ulsch_DTX 5, BLER 0.00000 MCS (0) 0 (Qm 2 deltaMCS 0) NPRB 5 SNR 17.8 (+2.8) RSSI -41.3 CCE fail 197
UE 275b: LCID 1,2,4, goodput DL    0.00 UL    0.00 Mbps

[0m[NR_MAC] Frame.Slot 512.0
UE RNTI 275b CU-UE-ID 1 in-sync PH 45 dB PCMAX 20 dBm, average SINR 40.0 (32 meas)
UE 275b: dlsch_rounds 1539/0/0/0, dlsch_errors 0, pucch0_DTX 0 (SNR 20.8+0.8) RSSI -125.7, BLER 0.00000 MCS (0) 0 (Qm 2) CCE fail 11
UE 275b: ulsch_rounds 9386/5/0/0, ulsch_errors 0, ulsch_DTX 5, BLER 0.00000 MCS (0) 0 (Qm 2 deltaMCS 0) NPRB 5 SNR 16.7 (+1.7) RSSI -41.3 CCE fail 197
UE 275b: LCID 1,2,4, goodput DL    0.00 UL    0.00 Mbps

[0m[NR_MAC] Frame.Slot 640.0
UE RNTI 275b CU-UE-ID 1 in-sync PH 45 dB PCMAX 20 dBm, average SINR 40.0 (32 meas)
UE 275b: dlsch_rounds 1543/0/0/0, dlsch_errors 0, pucch0_DTX 0 (SNR 20.8+0.8) RSSI -125.7, BLER 0.00000 MCS (0) 0 (Qm 2) CCE fail 11
UE 275b: ulsch_rounds 9401/5/0/0, ulsch_errors 0, ulsch_DTX 5, BLER 0.00000 MCS (0) 0 (Qm 2 deltaMCS 0) NPRB 5 SNR 17.8 (+2.8) RSSI -41.3 CCE fail 197
UE 275b: LCID 1,2,4, goodput DL    0.00 UL    0.00 Mbps

[0m[NR_MAC] Frame.Slot 768.0
UE RNTI 275b CU-UE-ID 1 in-sync PH 45 dB PCMAX 20 dBm, average SINR 40.0 (32 meas)
UE 275b: dlsch_rounds 1545/0/0/0, dlsch_errors 0, pucch0_DTX 0 (SNR 20.8+0.8) RSSI -125.7, BLER 0.00000 MCS (0) 0 (Qm 2) CCE fail 11
UE 275b: ulsch_rounds 9416/5/0/0, ulsch_errors 0, ulsch_DTX 5, BLER 0.00000 MCS (0) 0 (Qm 2 deltaMCS 0) NPRB 5 SNR 16.7 (+1.7) RSSI -41.3 CCE fail 197
UE 275b: LCID 1,2,4, goodput DL    0.00 UL    0.00 Mbps

[0m[NR_MAC] Frame.Slot 896.0
UE RNTI 275b CU-UE-ID 1 in-sync PH 45 dB PCMAX 20 dBm, average SINR 40.0 (32 meas)
UE 275b: dlsch_rounds 1547/0/0/0, dlsch_errors 0, pucch0_DTX 0 (SNR 20.8+0.8) RSSI -125.7, BLER 0.00000 MCS (0) 0 (Qm 2) CCE fail 11
UE 275b: ulsch_rounds 9430/5/0/0, ulsch_errors 0, ulsch_DTX 5, BLER 0.00000 MCS (0) 0 (Qm 2 deltaMCS 0) NPRB 5 SNR 17.2 (+2.2) RSSI -41.2 CCE fail 197
UE 275b: LCID 1,2,4, goodput DL    0.00 UL    0.00 Mbps

[0m[NR_MAC] Frame.Slot 0.0
UE RNTI 275b CU-UE-ID 1 in-sync PH 45 dB PCMAX 20 dBm, average SINR 40.0 (32 meas)
UE 275b: dlsch_rounds 1550/0/0/0, dlsch_errors 0, pucch0_DTX 0 (SNR 20.8+0.8) RSSI -125.7, BLER 0.00000 MCS (0) 0 (Qm 2) CCE fail 11
UE 275b: ulsch_rounds 9445/5/0/0, ulsch_errors 0, ulsch_DTX 5, BLER 0.00000 MCS (0) 0 (Qm 2 deltaMCS 0) NPRB 5 SNR 17.9 (+2.9) RSSI -41.3 CCE fail 197
UE 275b: LCID 1,2,4, goodput DL    0.00 UL    0.00 Mbps

[0m[NR_MAC] Frame.Slot 128.0
UE RNTI 275b CU-UE-ID 1 in-sync PH 45 dB PCMAX 20 dBm, average SINR 40.0 (32 meas)
UE 275b: dlsch_rounds 1553/0/0/0, dlsch_errors 0, pucch0_DTX 0 (SNR 20.8+0.8) RSSI -125.7, BLER 0.00000 MCS (0) 0 (Qm 2) CCE fail 11
UE 275b: ulsch_rounds 9462/5/0/0, ulsch_errors 0, ulsch_DTX 5, BLER 0.00000 MCS (0) 0 (Qm 2 deltaMCS 0) NPRB 5 SNR 16.7 (+1.7) RSSI -41.2 CCE fail 197
UE 275b: LCID 1,2,4, goodput DL    0.00 UL    0.00 Mbps

[0m[NR_MAC] Frame.Slot 256.0
UE RNTI 275b CU-UE-ID 1 in-sync PH 45 dB PCMAX 20 dBm, average SINR 40.0 (32 meas)
UE 275b: dlsch_rounds 1555/0/0/0, dlsch_errors 0, pucch0_DTX 0 (SNR 20.8+0.8) RSSI -125.7, BLER 0.00000 MCS (0) 0 (Qm 2) CCE fail 11
UE 275b: ulsch_rounds 9476/5/0/0, ulsch_errors 0, ulsch_DTX 5, BLER 0.00000 MCS (0) 0 (Qm 2 deltaMCS 0) NPRB 5 SNR 16.4 (+1.4) RSSI -41.3 CCE fail 197
UE 275b: LCID 1,2,4, goodput DL    0.00 UL    0.00 Mbps

[0m[NR_MAC] Frame.Slot 384.0
UE RNTI 275b CU-UE-ID 1 in-sync PH 45 dB PCMAX 20 dBm, average SINR 40.0 (32 meas)
UE 275b: dlsch_rounds 1557/0/0/0, dlsch_errors 0, pucch0_DTX 0 (SNR 20.8+0.8) RSSI -125.7, BLER 0.00000 MCS (0) 0 (Qm 2) CCE fail 11
UE 275b: ulsch_rounds 9490/5/0/0, ulsch_errors 0, ulsch_DTX 5, BLER 0.00000 MCS (0) 0 (Qm 2 deltaMCS 0) NPRB 5 SNR 18.2 (+3.2) RSSI -41.4 CCE fail 197
UE 275b: LCID 1,2,4, goodput DL    0.00 UL    0.00 Mbps

[0m[NR_MAC] Frame.Slot 512.0
UE RNTI 275b CU-UE-ID 1 in-sync PH 45 dB PCMAX 20 dBm, average SINR 40.0 (32 meas)
UE 275b: dlsch_rounds 1560/0/0/0, dlsch_errors 0, pucch0_DTX 0 (SNR 20.8+0.8) RSSI -125.7, BLER 0.00000 MCS (0) 0 (Qm 2) CCE fail 11
UE 275b: ulsch_rounds 9505/5/0/0, ulsch_errors 0, ulsch_DTX 5, BLER 0.00000 MCS (0) 0 (Qm 2 deltaMCS 0) NPRB 5 SNR 17.8 (+2.8) RSSI -41.3 CCE fail 197
UE 275b: LCID 1,2,4, goodput DL    0.00 UL    0.00 Mbps

[0m[NR_MAC] Frame.Slot 640.0
UE RNTI 275b CU-UE-ID 1 in-sync PH 45 dB PCMAX 20 dBm, average SINR 40.0 (32 meas)
UE 275b: dlsch_rounds 1562/0/0/0, dlsch_errors 0, pucch0_DTX 0 (SNR 20.8+0.8) RSSI -125.7, BLER 0.00000 MCS (0) 0 (Qm 2) CCE fail 11
UE 275b: ulsch_rounds 9520/5/0/0, ulsch_errors 0, ulsch_DTX 5, BLER 0.00000 MCS (0) 0 (Qm 2 deltaMCS 0) NPRB 5 SNR 16.7 (+1.7) RSSI -41.3 CCE fail 197
UE 275b: LCID 1,2,4, goodput DL    0.00 UL    0.00 Mbps

[0m[NR_MAC] Frame.Slot 768.0
UE RNTI 275b CU-UE-ID 1 in-sync PH 45 dB PCMAX 20 dBm, average SINR 40.0 (32 meas)
UE 275b: dlsch_rounds 1565/0/0/0, dlsch_errors 0, pucch0_DTX 0 (SNR 20.8+0.8) RSSI -125.7, BLER 0.00000 MCS (0) 0 (Qm 2) CCE fail 11
UE 275b: ulsch_rounds 9535/5/0/0, ulsch_errors 0, ulsch_DTX 5, BLER 0.00000 MCS (0) 0 (Qm 2 deltaMCS 0) NPRB 5 SNR 16.8 (+1.8) RSSI -41.2 CCE fail 197
UE 275b: LCID 1,2,4, goodput DL    0.00 UL    0.00 Mbps

[0m[NR_MAC] Frame.Slot 896.0
UE RNTI 275b CU-UE-ID 1 in-sync PH 45 dB PCMAX 20 dBm, average SINR 40.0 (32 meas)
UE 275b: dlsch_rounds 1567/0/0/0, dlsch_errors 0, pucch0_DTX 0 (SNR 20.8+0.8) RSSI -125.7, BLER 0.00000 MCS (0) 0 (Qm 2) CCE fail 11
UE 275b: ulsch_rounds 9549/5/0/0, ulsch_errors 0, ulsch_DTX 5, BLER 0.00000 MCS (0) 0 (Qm 2 deltaMCS 0) NPRB 5 SNR 19.1 (+4.1) RSSI -41.3 CCE fail 197
UE 275b: LCID 1,2,4, goodput DL    0.00 UL    0.00 Mbps

[0m[NR_MAC] Frame.Slot 0.0
UE RNTI 275b CU-UE-ID 1 in-sync PH 45 dB PCMAX 20 dBm, average SINR 40.0 (32 meas)
UE 275b: dlsch_rounds 1570/0/0/0, dlsch_errors 0, pucch0_DTX 0 (SNR 20.8+0.8) RSSI -125.7, BLER 0.00000 MCS (0) 0 (Qm 2) CCE fail 11
UE 275b: ulsch_rounds 9564/5/0/0, ulsch_errors 0, ulsch_DTX 5, BLER 0.00000 MCS (0) 0 (Qm 2 deltaMCS 0) NPRB 5 SNR 17.9 (+2.9) RSSI -41.2 CCE fail 197
UE 275b: LCID 1,2,4, goodput DL    0.00 UL    0.00 Mbps

[0m[NR_MAC] Frame.Slot 128.0
UE RNTI 275b CU-UE-ID 1 in-sync PH 45 dB PCMAX 20 dBm, average SINR 40.0 (32 meas)
UE 275b: dlsch_rounds 1572/0/0/0, dlsch_errors 0, pucch0_DTX 0 (SNR 20.8+0.8) RSSI -125.7, BLER 0.00000 MCS (0) 0 (Qm 2) CCE fail 11
UE 275b: ulsch_rounds 9580/5/0/0, ulsch_errors 0, ulsch_DTX 5, BLER 0.00000 MCS (0) 0 (Qm 2 deltaMCS 0) NPRB 5 SNR 16.8 (+1.8) RSSI -41.2 CCE fail 197
UE 275b: LCID 1,2,4, goodput DL    0.00 UL    0.00 Mbps

[0m[NR_MAC] Frame.Slot 256.0
UE RNTI 275b CU-UE-ID 1 in-sync PH 45 dB PCMAX 20 dBm, average SINR 40.0 (32 meas)
UE 275b: dlsch_rounds 1575/0/0/0, dlsch_errors 0, pucch0_DTX 0 (SNR 20.8+0.8) RSSI -125.7, BLER 0.00000 MCS (0) 0 (Qm 2) CCE fail 11
UE 275b: ulsch_rounds 9595/5/0/0, ulsch_errors 0, ulsch_DTX 5, BLER 0.00000 MCS (0) 0 (Qm 2 deltaMCS 0) NPRB 5 SNR 16.5 (+1.5) RSSI -41.2 CCE fail 197
UE 275b: LCID 1,2,4, goodput DL    0.00 UL    0.00 Mbps

[0m[NR_MAC] Frame.Slot 384.0
UE RNTI 275b CU-UE-ID 1 in-sync PH 45 dB PCMAX 20 dBm, average SINR 40.0 (32 meas)
UE 275b: dlsch_rounds 1578/0/0/0, dlsch_errors 0, pucch0_DTX 0 (SNR 20.8+0.8) RSSI -125.7, BLER 0.00000 MCS (0) 0 (Qm 2) CCE fail 11
UE 275b: ulsch_rounds 9610/5/0/0, ulsch_errors 0, ulsch_DTX 5, BLER 0.00000 MCS (0) 0 (Qm 2 deltaMCS 0) NPRB 5 SNR 18.0 (+3.0) RSSI -41.4 CCE fail 198
UE 275b: LCID 1,2,4, goodput DL    0.00 UL    0.00 Mbps

[0m[NR_MAC] Frame.Slot 512.0
UE RNTI 275b CU-UE-ID 1 in-sync PH 45 dB PCMAX 20 dBm, average SINR 40.0 (32 meas)
UE 275b: dlsch_rounds 1580/0/0/0, dlsch_errors 0, pucch0_DTX 0 (SNR 20.8+0.8) RSSI -125.7, BLER 0.00000 MCS (0) 0 (Qm 2) CCE fail 11
UE 275b: ulsch_rounds 9624/5/0/0, ulsch_errors 0, ulsch_DTX 5, BLER 0.00000 MCS (0) 0 (Qm 2 deltaMCS 0) NPRB 5 SNR 16.8 (+1.8) RSSI -41.4 CCE fail 198
UE 275b: LCID 1,2,4, goodput DL    0.00 UL    0.00 Mbps

[0m[NR_MAC] Frame.Slot 640.0
UE RNTI 275b CU-UE-ID 1 in-sync PH 45 dB PCMAX 20 dBm, average SINR 40.0 (32 meas)
UE 275b: dlsch_rounds 1582/0/0/0, dlsch_errors 0, pucch0_DTX 0 (SNR 20.8+0.8) RSSI -125.7, BLER 0.00000 MCS (0) 0 (Qm 2) CCE fail 11
UE 275b: ulsch_rounds 9638/5/0/0, ulsch_errors 0, ulsch_DTX 5, BLER 0.00000 MCS (0) 0 (Qm 2 deltaMCS 0) NPRB 5 SNR 16.1 (+1.1) RSSI -41.4 CCE fail 198
UE 275b: LCID 1,2,4, goodput DL    0.00 UL    0.00 Mbps

[0m[NR_MAC] Frame.Slot 768.0
UE RNTI 275b CU-UE-ID 1 in-sync PH 45 dB PCMAX 20 dBm, average SINR 40.0 (32 meas)
UE 275b: dlsch_rounds 1585/0/0/0, dlsch_errors 0, pucch0_DTX 0 (SNR 20.8+0.8) RSSI -125.7, BLER 0.00000 MCS (0) 0 (Qm 2) CCE fail 11
UE 275b: ulsch_rounds 9654/5/0/0, ulsch_errors 0, ulsch_DTX 5, BLER 0.00000 MCS (0) 0 (Qm 2 deltaMCS 0) NPRB 5 SNR 16.8 (+1.8) RSSI -41.4 CCE fail 198
UE 275b: LCID 1,2,4, goodput DL    0.00 UL    0.00 Mbps

[0m[NR_MAC] Frame.Slot 896.0
UE RNTI 275b CU-UE-ID 1 in-sync PH 45 dB PCMAX 20 dBm, average SINR 40.0 (32 meas)
UE 275b: dlsch_rounds 1588/0/0/0, dlsch_errors 0, pucch0_DTX 0 (SNR 20.8+0.8) RSSI -125.7, BLER 0.00000 MCS (0) 0 (Qm 2) CCE fail 11
UE 275b: ulsch_rounds 9668/5/0/0, ulsch_errors 0, ulsch_DTX 5, BLER 0.00000 MCS (0) 0 (Qm 2 deltaMCS 0) NPRB 5 SNR 17.4 (+2.4) RSSI -41.3 CCE fail 198
UE 275b: LCID 1,2,4, goodput DL    0.00 UL    0.00 Mbps

[0m[NR_MAC] Frame.Slot 0.0
UE RNTI 275b CU-UE-ID 1 in-sync PH 45 dB PCMAX 20 dBm, average SINR 40.0 (32 meas)
UE 275b: dlsch_rounds 1590/0/0/0, dlsch_errors 0, pucch0_DTX 0 (SNR 20.8+0.8) RSSI -125.7, BLER 0.00000 MCS (0) 0 (Qm 2) CCE fail 11
UE 275b: ulsch_rounds 9683/5/0/0, ulsch_errors 0, ulsch_DTX 5, BLER 0.00000 MCS (0) 0 (Qm 2 deltaMCS 0) NPRB 5 SNR 18.1 (+3.1) RSSI -41.4 CCE fail 198
UE 275b: LCID 1,2,4, goodput DL    0.00 UL    0.00 Mbps

[0m[NR_MAC] Frame.Slot 128.0
UE RNTI 275b CU-UE-ID 1 in-sync PH 45 dB PCMAX 20 dBm, average SINR 40.0 (32 meas)
UE 275b: dlsch_rounds 1592/0/0/0, dlsch_errors 0, pucch0_DTX 0 (SNR 20.8+0.8) RSSI -125.7, BLER 0.00000 MCS (0) 0 (Qm 2) CCE fail 11
UE 275b: ulsch_rounds 9700/5/0/0, ulsch_errors 0, ulsch_DTX 5, BLER 0.00000 MCS (0) 0 (Qm 2 deltaMCS 0) NPRB 5 SNR 16.8 (+1.8) RSSI -41.3 CCE fail 198
UE 275b: LCID 1,2,4, goodput DL    0.00 UL    0.00 Mbps

[0m[NR_MAC] Frame.Slot 256.0
UE RNTI 275b CU-UE-ID 1 in-sync PH 45 dB PCMAX 20 dBm, average SINR 40.0 (32 meas)
UE 275b: dlsch_rounds 1596/0/0/0, dlsch_errors 0, pucch0_DTX 0 (SNR 20.8+0.8) RSSI -125.7, BLER 0.00000 MCS (0) 0 (Qm 2) CCE fail 11
UE 275b: ulsch_rounds 9713/5/0/0, ulsch_errors 0, ulsch_DTX 5, BLER 0.00000 MCS (0) 0 (Qm 2 deltaMCS 0) NPRB 5 SNR 16.7 (+1.7) RSSI -41.3 CCE fail 198
UE 275b: LCID 1,2,4, goodput DL    0.00 UL    0.00 Mbps

[0m[NR_MAC] Frame.Slot 384.0
UE RNTI 275b CU-UE-ID 1 in-sync PH 45 dB PCMAX 20 dBm, average SINR 40.0 (32 meas)
UE 275b: dlsch_rounds 1598/0/0/0, dlsch_errors 0, pucch0_DTX 0 (SNR 20.8+0.8) RSSI -125.7, BLER 0.00000 MCS (0) 0 (Qm 2) CCE fail 11
UE 275b: ulsch_rounds 9728/5/0/0, ulsch_errors 0, ulsch_DTX 5, BLER 0.00000 MCS (0) 0 (Qm 2 deltaMCS 0) NPRB 5 SNR 17.6 (+2.6) RSSI -41.4 CCE fail 198
UE 275b: LCID 1,2,4, goodput DL    0.00 UL    0.00 Mbps

[0m[NR_MAC] Frame.Slot 512.0
UE RNTI 275b CU-UE-ID 1 in-sync PH 45 dB PCMAX 20 dBm, average SINR 40.0 (32 meas)
UE 275b: dlsch_rounds 1600/0/0/0, dlsch_errors 0, pucch0_DTX 0 (SNR 20.8+0.8) RSSI -125.7, BLER 0.00000 MCS (0) 0 (Qm 2) CCE fail 11
UE 275b: ulsch_rounds 9743/5/0/0, ulsch_errors 0, ulsch_DTX 5, BLER 0.00000 MCS (0) 0 (Qm 2 deltaMCS 0) NPRB 5 SNR 18.0 (+3.0) RSSI -41.4 CCE fail 198
UE 275b: LCID 1,2,4, goodput DL    0.00 UL    0.00 Mbps

[0m[NR_MAC] Frame.Slot 640.0
UE RNTI 275b CU-UE-ID 1 in-sync PH 45 dB PCMAX 20 dBm, average SINR 40.0 (32 meas)
UE 275b: dlsch_rounds 1602/0/0/0, dlsch_errors 0, pucch0_DTX 0 (SNR 20.8+0.8) RSSI -125.7, BLER 0.00000 MCS (0) 0 (Qm 2) CCE fail 11
UE 275b: ulsch_rounds 9757/5/0/0, ulsch_errors 0, ulsch_DTX 5, BLER 0.00000 MCS (0) 0 (Qm 2 deltaMCS 0) NPRB 5 SNR 16.9 (+1.9) RSSI -41.4 CCE fail 198
UE 275b: LCID 1,2,4, goodput DL    0.00 UL    0.00 Mbps

[0m[NR_MAC] Frame.Slot 768.0
UE RNTI 275b CU-UE-ID 1 in-sync PH 45 dB PCMAX 20 dBm, average SINR 40.0 (32 meas)
UE 275b: dlsch_rounds 1606/0/0/0, dlsch_errors 0, pucch0_DTX 0 (SNR 20.8+0.8) RSSI -125.7, BLER 0.00000 MCS (0) 0 (Qm 2) CCE fail 11
UE 275b: ulsch_rounds 9773/5/0/0, ulsch_errors 0, ulsch_DTX 5, BLER 0.00000 MCS (0) 0 (Qm 2 deltaMCS 0) NPRB 5 SNR 16.9 (+1.9) RSSI -41.2 CCE fail 198
UE 275b: LCID 1,2,4, goodput DL    0.00 UL    0.00 Mbps

[0m[NR_MAC] Frame.Slot 896.0
UE RNTI 275b CU-UE-ID 1 in-sync PH 45 dB PCMAX 20 dBm, average SINR 40.0 (32 meas)
UE 275b: dlsch_rounds 1608/0/0/0, dlsch_errors 0, pucch0_DTX 0 (SNR 20.8+0.8) RSSI -125.7, BLER 0.00000 MCS (0) 0 (Qm 2) CCE fail 11
UE 275b: ulsch_rounds 9787/5/0/0, ulsch_errors 0, ulsch_DTX 5, BLER 0.00000 MCS (0) 0 (Qm 2 deltaMCS 0) NPRB 5 SNR 16.8 (+1.8) RSSI -41.3 CCE fail 198
UE 275b: LCID 1,2,4, goodput DL    0.00 UL    0.00 Mbps

[0m[NR_MAC] Frame.Slot 0.0
UE RNTI 275b CU-UE-ID 1 in-sync PH 45 dB PCMAX 20 dBm, average SINR 40.0 (32 meas)
UE 275b: dlsch_rounds 1610/0/0/0, dlsch_errors 0, pucch0_DTX 0 (SNR 20.8+0.8) RSSI -125.7, BLER 0.00000 MCS (0) 0 (Qm 2) CCE fail 11
UE 275b: ulsch_rounds 9802/5/0/0, ulsch_errors 0, ulsch_DTX 5, BLER 0.00000 MCS (0) 0 (Qm 2 deltaMCS 0) NPRB 5 SNR 18.1 (+3.1) RSSI -41.3 CCE fail 198
UE 275b: LCID 1,2,4, goodput DL    0.00 UL    0.00 Mbps

[0m[NR_MAC] Frame.Slot 128.0
UE RNTI 275b CU-UE-ID 1 in-sync PH 45 dB PCMAX 20 dBm, average SINR 40.0 (32 meas)
UE 275b: dlsch_rounds 1613/0/0/0, dlsch_errors 0, pucch0_DTX 0 (SNR 20.8+0.8) RSSI -125.7, BLER 0.00000 MCS (0) 0 (Qm 2) CCE fail 11
UE 275b: ulsch_rounds 9816/5/0/0, ulsch_errors 0, ulsch_DTX 5, BLER 0.00000 MCS (0) 0 (Qm 2 deltaMCS 0) NPRB 5 SNR 16.9 (+1.9) RSSI -41.3 CCE fail 198
UE 275b: LCID 1,2,4, goodput DL    0.00 UL    0.00 Mbps

[0m[NR_MAC] Frame.Slot 256.0
UE RNTI 275b CU-UE-ID 1 in-sync PH 45 dB PCMAX 20 dBm, average SINR 40.0 (32 meas)
UE 275b: dlsch_rounds 1616/0/0/0, dlsch_errors 0, pucch0_DTX 0 (SNR 20.8+0.8) RSSI -125.7, BLER 0.00000 MCS (0) 0 (Qm 2) CCE fail 11
UE 275b: ulsch_rounds 9833/5/0/0, ulsch_errors 0, ulsch_DTX 5, BLER 0.00000 MCS (0) 1 (Qm 2 deltaMCS 0) NPRB 5 SNR 16.7 (+1.7) RSSI -41.3 CCE fail 198
UE 275b: LCID 1,2,4, goodput DL    0.00 UL    0.00 Mbps

[0m[NR_MAC] Frame.Slot 384.0
UE RNTI 275b CU-UE-ID 1 in-sync PH 45 dB PCMAX 20 dBm, average SINR 40.0 (32 meas)
UE 275b: dlsch_rounds 1618/0/0/0, dlsch_errors 0, pucch0_DTX 0 (SNR 20.8+0.8) RSSI -125.7, BLER 0.00000 MCS (0) 0 (Qm 2) CCE fail 11
UE 275b: ulsch_rounds 9848/5/0/0, ulsch_errors 0, ulsch_DTX 5, BLER 0.00000 MCS (0) 0 (Qm 2 deltaMCS 0) NPRB 5 SNR 16.5 (+1.5) RSSI -41.3 CCE fail 198
UE 275b: LCID 1,2,4, goodput DL    0.00 UL    0.00 Mbps

[0m[NR_MAC] Frame.Slot 512.0
UE RNTI 275b CU-UE-ID 1 in-sync PH 45 dB PCMAX 20 dBm, average SINR 40.0 (32 meas)
UE 275b: dlsch_rounds 1620/0/0/0, dlsch_errors 0, pucch0_DTX 0 (SNR 20.8+0.8) RSSI -125.7, BLER 0.00000 MCS (0) 0 (Qm 2) CCE fail 11
UE 275b: ulsch_rounds 9861/5/0/0, ulsch_errors 0, ulsch_DTX 5, BLER 0.00000 MCS (0) 0 (Qm 2 deltaMCS 0) NPRB 5 SNR 17.1 (+2.1) RSSI -41.3 CCE fail 198
UE 275b: LCID 1,2,4, goodput DL    0.00 UL    0.00 Mbps

[0m[NR_MAC] Frame.Slot 640.0
UE RNTI 275b CU-UE-ID 1 in-sync PH 45 dB PCMAX 20 dBm, average SINR 40.0 (32 meas)
UE 275b: dlsch_rounds 1623/0/0/0, dlsch_errors 0, pucch0_DTX 0 (SNR 20.8+0.8) RSSI -125.7, BLER 0.00000 MCS (0) 0 (Qm 2) CCE fail 11
UE 275b: ulsch_rounds 9875/5/0/0, ulsch_errors 0, ulsch_DTX 5, BLER 0.00000 MCS (0) 0 (Qm 2 deltaMCS 0) NPRB 5 SNR 16.2 (+1.2) RSSI -41.3 CCE fail 199
UE 275b: LCID 1,2,4, goodput DL    0.00 UL    0.00 Mbps

[0m[NR_MAC] Frame.Slot 768.0
UE RNTI 275b CU-UE-ID 1 in-sync PH 45 dB PCMAX 20 dBm, average SINR 40.0 (32 meas)
UE 275b: dlsch_rounds 1626/0/0/0, dlsch_errors 0, pucch0_DTX 0 (SNR 20.8+0.8) RSSI -125.7, BLER 0.00000 MCS (0) 0 (Qm 2) CCE fail 11
UE 275b: ulsch_rounds 9892/5/0/0, ulsch_errors 0, ulsch_DTX 5, BLER 0.00000 MCS (0) 1 (Qm 2 deltaMCS 0) NPRB 5 SNR 17.0 (+2.0) RSSI -41.2 CCE fail 200
UE 275b: LCID 1,2,4, goodput DL    0.00 UL    0.00 Mbps

[0m[NR_MAC] Frame.Slot 896.0
UE RNTI 275b CU-UE-ID 1 in-sync PH 45 dB PCMAX 20 dBm, average SINR 40.0 (32 meas)
UE 275b: dlsch_rounds 1628/0/0/0, dlsch_errors 0, pucch0_DTX 0 (SNR 20.8+0.8) RSSI -125.7, BLER 0.00000 MCS (0) 0 (Qm 2) CCE fail 11
UE 275b: ulsch_rounds 9906/5/0/0, ulsch_errors 0, ulsch_DTX 5, BLER 0.00000 MCS (0) 0 (Qm 2 deltaMCS 0) NPRB 5 SNR 16.7 (+1.7) RSSI -41.2 CCE fail 200
UE 275b: LCID 1,2,4, goodput DL    0.00 UL    0.00 Mbps

[0m[NR_MAC] Frame.Slot 0.0
UE RNTI 275b CU-UE-ID 1 in-sync PH 45 dB PCMAX 20 dBm, average SINR 40.0 (32 meas)
UE 275b: dlsch_rounds 1630/0/0/0, dlsch_errors 0, pucch0_DTX 0 (SNR 20.8+0.8) RSSI -125.7, BLER 0.00000 MCS (0) 0 (Qm 2) CCE fail 11
UE 275b: ulsch_rounds 9921/5/0/0, ulsch_errors 0, ulsch_DTX 5, BLER 0.00000 MCS (0) 0 (Qm 2 deltaMCS 0) NPRB 5 SNR 18.2 (+3.2) RSSI -41.3 CCE fail 200
UE 275b: LCID 1,2,4, goodput DL    0.00 UL    0.00 Mbps

[0m[NR_MAC] Frame.Slot 128.0
UE RNTI 275b CU-UE-ID 1 in-sync PH 45 dB PCMAX 20 dBm, average SINR 40.0 (32 meas)
UE 275b: dlsch_rounds 1633/0/0/0, dlsch_errors 0, pucch0_DTX 0 (SNR 20.8+0.8) RSSI -125.7, BLER 0.00000 MCS (0) 0 (Qm 2) CCE fail 11
UE 275b: ulsch_rounds 9935/5/0/0, ulsch_errors 0, ulsch_DTX 5, BLER 0.00000 MCS (0) 0 (Qm 2 deltaMCS 0) NPRB 5 SNR 17.1 (+2.1) RSSI -41.3 CCE fail 200
UE 275b: LCID 1,2,4, goodput DL    0.00 UL    0.00 Mbps

[0m[NR_MAC] Frame.Slot 256.0
UE RNTI 275b CU-UE-ID 1 in-sync PH 45 dB PCMAX 20 dBm, average SINR 40.0 (32 meas)
UE 275b: dlsch_rounds 1635/0/0/0, dlsch_errors 0, pucch0_DTX 0 (SNR 20.8+0.8) RSSI -125.7, BLER 0.00000 MCS (0) 0 (Qm 2) CCE fail 11
UE 275b: ulsch_rounds 9951/5/0/0, ulsch_errors 0, ulsch_DTX 5, BLER 0.00000 MCS (0) 0 (Qm 2 deltaMCS 0) NPRB 5 SNR 16.8 (+1.8) RSSI -41.4 CCE fail 200
UE 275b: LCID 1,2,4, goodput DL    0.00 UL    0.00 Mbps

[0m[NR_MAC] Frame.Slot 384.0
UE RNTI 275b CU-UE-ID 1 in-sync PH 45 dB PCMAX 20 dBm, average SINR 40.0 (32 meas)
UE 275b: dlsch_rounds 1638/0/0/0, dlsch_errors 0, pucch0_DTX 0 (SNR 20.8+0.8) RSSI -125.7, BLER 0.00000 MCS (0) 0 (Qm 2) CCE fail 11
UE 275b: ulsch_rounds 9966/5/0/0, ulsch_errors 0, ulsch_DTX 5, BLER 0.00000 MCS (0) 0 (Qm 2 deltaMCS 0) NPRB 5 SNR 16.9 (+1.9) RSSI -41.3 CCE fail 200
UE 275b: LCID 1,2,4, goodput DL    0.00 UL    0.00 Mbps

[0m[NR_MAC] Frame.Slot 512.0
UE RNTI 275b CU-UE-ID 1 in-sync PH 45 dB PCMAX 20 dBm, average SINR 40.0 (32 meas)
UE 275b: dlsch_rounds 1641/0/0/0, dlsch_errors 0, pucch0_DTX 0 (SNR 20.8+0.8) RSSI -125.7, BLER 0.00000 MCS (0) 0 (Qm 2) CCE fail 11
UE 275b: ulsch_rounds 9981/5/0/0, ulsch_errors 0, ulsch_DTX 5, BLER 0.00000 MCS (0) 0 (Qm 2 deltaMCS 0) NPRB 5 SNR 18.2 (+3.2) RSSI -41.3 CCE fail 200
UE 275b: LCID 1,2,4, goodput DL    0.00 UL    0.00 Mbps

[0m[NR_MAC] Frame.Slot 640.0
UE RNTI 275b CU-UE-ID 1 in-sync PH 45 dB PCMAX 20 dBm, average SINR 40.0 (32 meas)
UE 275b: dlsch_rounds 1643/0/0/0, dlsch_errors 0, pucch0_DTX 0 (SNR 20.8+0.8) RSSI -125.7, BLER 0.00000 MCS (0) 0 (Qm 2) CCE fail 11
UE 275b: ulsch_rounds 9995/5/0/0, ulsch_errors 0, ulsch_DTX 5, BLER 0.00000 MCS (0) 0 (Qm 2 deltaMCS 0) NPRB 5 SNR 17.0 (+2.0) RSSI -41.4 CCE fail 200
UE 275b: LCID 1,2,4, goodput DL    0.00 UL    0.00 Mbps

[0m[NR_MAC] Frame.Slot 768.0
UE RNTI 275b CU-UE-ID 1 in-sync PH 45 dB PCMAX 20 dBm, average SINR 40.0 (32 meas)
UE 275b: dlsch_rounds 1645/0/0/0, dlsch_errors 0, pucch0_DTX 0 (SNR 20.8+0.8) RSSI -125.7, BLER 0.00000 MCS (0) 0 (Qm 2) CCE fail 11
UE 275b: ulsch_rounds 10010/5/0/0, ulsch_errors 0, ulsch_DTX 5, BLER 0.00000 MCS (0) 0 (Qm 2 deltaMCS 0) NPRB 5 SNR 16.2 (+1.2) RSSI -41.3 CCE fail 200
UE 275b: LCID 1,2,4, goodput DL    0.00 UL    0.00 Mbps

[0m[NR_MAC] Frame.Slot 896.0
UE RNTI 275b CU-UE-ID 1 in-sync PH 45 dB PCMAX 20 dBm, average SINR 40.0 (32 meas)
UE 275b: dlsch_rounds 1648/0/0/0, dlsch_errors 0, pucch0_DTX 0 (SNR 20.8+0.8) RSSI -125.7, BLER 0.00000 MCS (0) 0 (Qm 2) CCE fail 11
UE 275b: ulsch_rounds 10025/5/0/0, ulsch_errors 0, ulsch_DTX 5, BLER 0.00000 MCS (0) 0 (Qm 2 deltaMCS 0) NPRB 5 SNR 16.9 (+1.9) RSSI -41.3 CCE fail 200
UE 275b: LCID 1,2,4, goodput DL    0.00 UL    0.00 Mbps

[0m[NR_MAC] Frame.Slot 0.0
UE RNTI 275b CU-UE-ID 1 in-sync PH 45 dB PCMAX 20 dBm, average SINR 40.0 (32 meas)
UE 275b: dlsch_rounds 1651/0/0/0, dlsch_errors 0, pucch0_DTX 0 (SNR 20.8+0.8) RSSI -125.7, BLER 0.00000 MCS (0) 0 (Qm 2) CCE fail 11
UE 275b: ulsch_rounds 10040/5/0/0, ulsch_errors 0, ulsch_DTX 5, BLER 0.00000 MCS (0) 0 (Qm 2 deltaMCS 0) NPRB 5 SNR 18.3 (+3.3) RSSI -41.3 CCE fail 200
UE 275b: LCID 1,2,4, goodput DL    0.00 UL    0.00 Mbps

[0m[NR_MAC] Frame.Slot 128.0
UE RNTI 275b CU-UE-ID 1 in-sync PH 45 dB PCMAX 20 dBm, average SINR 40.0 (32 meas)
UE 275b: dlsch_rounds 1653/0/0/0, dlsch_errors 0, pucch0_DTX 0 (SNR 20.8+0.8) RSSI -125.7, BLER 0.00000 MCS (0) 0 (Qm 2) CCE fail 11
UE 275b: ulsch_rounds 10054/5/0/0, ulsch_errors 0, ulsch_DTX 5, BLER 0.00000 MCS (0) 0 (Qm 2 deltaMCS 0) NPRB 5 SNR 17.1 (+2.1) RSSI -41.3 CCE fail 200
UE 275b: LCID 1,2,4, goodput DL    0.00 UL    0.00 Mbps

[0m[NR_MAC] Frame.Slot 256.0
UE RNTI 275b CU-UE-ID 1 in-sync PH 45 dB PCMAX 20 dBm, average SINR 40.0 (32 meas)
UE 275b: dlsch_rounds 1655/0/0/0, dlsch_errors 0, pucch0_DTX 0 (SNR 20.8+0.8) RSSI -125.7, BLER 0.00000 MCS (0) 0 (Qm 2) CCE fail 11
UE 275b: ulsch_rounds 10071/5/0/0, ulsch_errors 0, ulsch_DTX 5, BLER 0.00000 MCS (0) 0 (Qm 2 deltaMCS 0) NPRB 5 SNR 16.8 (+1.8) RSSI -41.3 CCE fail 200
UE 275b: LCID 1,2,4, goodput DL    0.00 UL    0.00 Mbps

[0m[NR_MAC] Frame.Slot 384.0
UE RNTI 275b CU-UE-ID 1 in-sync PH 45 dB PCMAX 20 dBm, average SINR 40.0 (32 meas)
UE 275b: dlsch_rounds 1659/0/0/0, dlsch_errors 0, pucch0_DTX 0 (SNR 20.8+0.8) RSSI -125.7, BLER 0.00000 MCS (0) 0 (Qm 2) CCE fail 11
UE 275b: ulsch_rounds 10085/5/0/0, ulsch_errors 0, ulsch_DTX 5, BLER 0.00000 MCS (0) 0 (Qm 2 deltaMCS 0) NPRB 5 SNR 16.7 (+1.7) RSSI -41.4 CCE fail 200
UE 275b: LCID 1,2,4, goodput DL    0.00 UL    0.00 Mbps

[0m[NR_MAC] Frame.Slot 512.0
UE RNTI 275b CU-UE-ID 1 in-sync PH 45 dB PCMAX 20 dBm, average SINR 40.0 (32 meas)
UE 275b: dlsch_rounds 1661/0/0/0, dlsch_errors 0, pucch0_DTX 0 (SNR 20.8+0.8) RSSI -125.7, BLER 0.00000 MCS (0) 0 (Qm 2) CCE fail 11
UE 275b: ulsch_rounds 10099/5/0/0, ulsch_errors 0, ulsch_DTX 5, BLER 0.00000 MCS (0) 0 (Qm 2 deltaMCS 0) NPRB 5 SNR 17.3 (+2.3) RSSI -41.4 CCE fail 200
UE 275b: LCID 1,2,4, goodput DL    0.00 UL    0.00 Mbps

[0m[NR_MAC] Frame.Slot 640.0
UE RNTI 275b CU-UE-ID 1 in-sync PH 45 dB PCMAX 20 dBm, average SINR 40.0 (32 meas)
UE 275b: dlsch_rounds 1663/0/0/0, dlsch_errors 0, pucch0_DTX 0 (SNR 20.8+0.8) RSSI -125.7, BLER 0.00000 MCS (0) 0 (Qm 2) CCE fail 11
UE 275b: ulsch_rounds 10113/5/0/0, ulsch_errors 0, ulsch_DTX 5, BLER 0.00000 MCS (0) 0 (Qm 2 deltaMCS 0) NPRB 5 SNR 16.3 (+1.3) RSSI -41.4 CCE fail 200
UE 275b: LCID 1,2,4, goodput DL    0.00 UL    0.00 Mbps

[0m[NR_MAC] Frame.Slot 768.0
UE RNTI 275b CU-UE-ID 1 in-sync PH 45 dB PCMAX 20 dBm, average SINR 40.0 (32 meas)
UE 275b: dlsch_rounds 1665/0/0/0, dlsch_errors 0, pucch0_DTX 0 (SNR 20.8+0.8) RSSI -125.7, BLER 0.00000 MCS (0) 0 (Qm 2) CCE fail 11
UE 275b: ulsch_rounds 10130/5/0/0, ulsch_errors 0, ulsch_DTX 5, BLER 0.00000 MCS (0) 0 (Qm 2 deltaMCS 0) NPRB 5 SNR 16.1 (+1.1) RSSI -41.4 CCE fail 200
UE 275b: LCID 1,2,4, goodput DL    0.00 UL    0.00 Mbps

[0m[NR_MAC] Frame.Slot 896.0
UE RNTI 275b CU-UE-ID 1 in-sync PH 45 dB PCMAX 20 dBm, average SINR 40.0 (32 meas)
UE 275b: dlsch_rounds 1669/0/0/0, dlsch_errors 0, pucch0_DTX 0 (SNR 20.8+0.8) RSSI -125.7, BLER 0.00000 MCS (0) 0 (Qm 2) CCE fail 11
UE 275b: ulsch_rounds 10144/5/0/0, ulsch_errors 0, ulsch_DTX 5, BLER 0.00000 MCS (0) 0 (Qm 2 deltaMCS 0) NPRB 5 SNR 16.8 (+1.8) RSSI -41.3 CCE fail 200
UE 275b: LCID 1,2,4, goodput DL    0.00 UL    0.00 Mbps

[0m[NR_MAC] Frame.Slot 0.0
UE RNTI 275b CU-UE-ID 1 in-sync PH 45 dB PCMAX 20 dBm, average SINR 40.0 (32 meas)
UE 275b: dlsch_rounds 1671/0/0/0, dlsch_errors 0, pucch0_DTX 0 (SNR 20.8+0.8) RSSI -125.7, BLER 0.00000 MCS (0) 0 (Qm 2) CCE fail 11
UE 275b: ulsch_rounds 10158/5/0/0, ulsch_errors 0, ulsch_DTX 5, BLER 0.00000 MCS (0) 0 (Qm 2 deltaMCS 0) NPRB 5 SNR 17.8 (+2.8) RSSI -41.3 CCE fail 200
UE 275b: LCID 1,2,4, goodput DL    0.00 UL    0.00 Mbps

[0m[NR_MAC] Frame.Slot 128.0
UE RNTI 275b CU-UE-ID 1 in-sync PH 45 dB PCMAX 20 dBm, average SINR 40.0 (32 meas)
UE 275b: dlsch_rounds 1673/0/0/0, dlsch_errors 0, pucch0_DTX 0 (SNR 20.8+0.8) RSSI -125.7, BLER 0.00000 MCS (0) 0 (Qm 2) CCE fail 11
UE 275b: ulsch_rounds 10173/5/0/0, ulsch_errors 0, ulsch_DTX 5, BLER 0.00000 MCS (0) 0 (Qm 2 deltaMCS 0) NPRB 5 SNR 17.3 (+2.3) RSSI -41.3 CCE fail 200
UE 275b: LCID 1,2,4, goodput DL    0.00 UL    0.00 Mbps

[0m[NR_MAC] Frame.Slot 256.0
UE RNTI 275b CU-UE-ID 1 in-sync PH 45 dB PCMAX 20 dBm, average SINR 40.0 (32 meas)
UE 275b: dlsch_rounds 1676/0/0/0, dlsch_errors 0, pucch0_DTX 0 (SNR 20.8+0.8) RSSI -125.7, BLER 0.00000 MCS (0) 0 (Qm 2) CCE fail 11
UE 275b: ulsch_rounds 10188/5/0/0, ulsch_errors 0, ulsch_DTX 5, BLER 0.00000 MCS (0) 0 (Qm 2 deltaMCS 0) NPRB 5 SNR 17.0 (+2.0) RSSI -41.3 CCE fail 200
UE 275b: LCID 1,2,4, goodput DL    0.00 UL    0.00 Mbps

[0m[NR_MAC] Frame.Slot 384.0
UE RNTI 275b CU-UE-ID 1 in-sync PH 45 dB PCMAX 20 dBm, average SINR 40.0 (32 meas)
UE 275b: dlsch_rounds 1679/0/0/0, dlsch_errors 0, pucch0_DTX 0 (SNR 20.8+0.8) RSSI -125.7, BLER 0.00000 MCS (0) 0 (Qm 2) CCE fail 11
UE 275b: ulsch_rounds 10204/5/0/0, ulsch_errors 0, ulsch_DTX 5, BLER 0.00000 MCS (0) 0 (Qm 2 deltaMCS 0) NPRB 5 SNR 16.0 (+1.0) RSSI -41.2 CCE fail 200
UE 275b: LCID 1,2,4, goodput DL    0.00 UL    0.00 Mbps

[0m[NR_MAC] Frame.Slot 512.0
UE RNTI 275b CU-UE-ID 1 in-sync PH 45 dB PCMAX 20 dBm, average SINR 40.0 (32 meas)
UE 275b: dlsch_rounds 1681/0/0/0, dlsch_errors 0, pucch0_DTX 0 (SNR 20.8+0.8) RSSI -125.7, BLER 0.00000 MCS (0) 0 (Qm 2) CCE fail 11
UE 275b: ulsch_rounds 10219/5/0/0, ulsch_errors 0, ulsch_DTX 5, BLER 0.00000 MCS (0) 0 (Qm 2 deltaMCS 0) NPRB 5 SNR 18.4 (+3.4) RSSI -41.2 CCE fail 200
UE 275b: LCID 1,2,4, goodput DL    0.00 UL    0.00 Mbps

[0m[NR_MAC] Frame.Slot 640.0
UE RNTI 275b CU-UE-ID 1 in-sync PH 45 dB PCMAX 20 dBm, average SINR 40.0 (32 meas)
UE 275b: dlsch_rounds 1683/0/0/0, dlsch_errors 0, pucch0_DTX 0 (SNR 20.8+0.8) RSSI -125.7, BLER 0.00000 MCS (0) 0 (Qm 2) CCE fail 11
UE 275b: ulsch_rounds 10232/5/0/0, ulsch_errors 0, ulsch_DTX 5, BLER 0.00000 MCS (0) 0 (Qm 2 deltaMCS 0) NPRB 5 SNR 17.3 (+2.3) RSSI -41.3 CCE fail 200
UE 275b: LCID 1,2,4, goodput DL    0.00 UL    0.00 Mbps

[0m[NR_MAC] Frame.Slot 768.0
UE RNTI 275b CU-UE-ID 1 in-sync PH 45 dB PCMAX 20 dBm, average SINR 40.0 (32 meas)
UE 275b: dlsch_rounds 1686/0/0/0, dlsch_errors 0, pucch0_DTX 0 (SNR 20.8+0.8) RSSI -125.7, BLER 0.00000 MCS (0) 0 (Qm 2) CCE fail 11
UE 275b: ulsch_rounds 10247/5/0/0, ulsch_errors 0, ulsch_DTX 5, BLER 0.00000 MCS (0) 0 (Qm 2 deltaMCS 0) NPRB 5 SNR 16.3 (+1.3) RSSI -41.3 CCE fail 200
UE 275b: LCID 1,2,4, goodput DL    0.00 UL    0.00 Mbps

[0m[NR_MAC] Frame.Slot 896.0
UE RNTI 275b CU-UE-ID 1 in-sync PH 45 dB PCMAX 20 dBm, average SINR 40.0 (32 meas)
UE 275b: dlsch_rounds 1689/0/0/0, dlsch_errors 0, pucch0_DTX 0 (SNR 20.8+0.8) RSSI -125.7, BLER 0.00000 MCS (0) 0 (Qm 2) CCE fail 11
UE 275b: ulsch_rounds 10263/5/0/0, ulsch_errors 0, ulsch_DTX 5, BLER 0.00000 MCS (0) 0 (Qm 2 deltaMCS 0) NPRB 5 SNR 16.1 (+1.1) RSSI -41.2 CCE fail 200
UE 275b: LCID 1,2,4, goodput DL    0.00 UL    0.00 Mbps

[0m[NR_MAC] Frame.Slot 0.0
UE RNTI 275b CU-UE-ID 1 in-sync PH 45 dB PCMAX 20 dBm, average SINR 40.0 (32 meas)
UE 275b: dlsch_rounds 1691/0/0/0, dlsch_errors 0, pucch0_DTX 0 (SNR 20.8+0.8) RSSI -125.7, BLER 0.00000 MCS (0) 0 (Qm 2) CCE fail 11
UE 275b: ulsch_rounds 10278/5/0/0, ulsch_errors 0, ulsch_DTX 5, BLER 0.00000 MCS (0) 0 (Qm 2 deltaMCS 0) NPRB 5 SNR 17.6 (+2.6) RSSI -41.3 CCE fail 200
UE 275b: LCID 1,2,4, goodput DL    0.00 UL    0.00 Mbps

[0m[NR_MAC] Frame.Slot 128.0
UE RNTI 275b CU-UE-ID 1 in-sync PH 45 dB PCMAX 20 dBm, average SINR 40.0 (32 meas)
UE 275b: dlsch_rounds 1693/0/0/0, dlsch_errors 0, pucch0_DTX 0 (SNR 20.8+0.8) RSSI -125.7, BLER 0.00000 MCS (0) 0 (Qm 2) CCE fail 11
UE 275b: ulsch_rounds 10292/5/0/0, ulsch_errors 0, ulsch_DTX 5, BLER 0.00000 MCS (0) 0 (Qm 2 deltaMCS 0) NPRB 5 SNR 17.2 (+2.2) RSSI -41.4 CCE fail 200
UE 275b: LCID 1,2,4, goodput DL    0.00 UL    0.00 Mbps

[0m[NR_MAC] Frame.Slot 256.0
UE RNTI 275b CU-UE-ID 1 in-sync PH 45 dB PCMAX 20 dBm, average SINR 40.0 (32 meas)
UE 275b: dlsch_rounds 1696/0/0/0, dlsch_errors 0, pucch0_DTX 0 (SNR 20.8+0.8) RSSI -125.7, BLER 0.00000 MCS (0) 0 (Qm 2) CCE fail 11
UE 275b: ulsch_rounds 10306/5/0/0, ulsch_errors 0, ulsch_DTX 5, BLER 0.00000 MCS (0) 0 (Qm 2 deltaMCS 0) NPRB 5 SNR 17.1 (+2.1) RSSI -41.4 CCE fail 200
UE 275b: LCID 1,2,4, goodput DL    0.00 UL    0.00 Mbps

[0m[NR_MAC] Frame.Slot 384.0
UE RNTI 275b CU-UE-ID 1 in-sync PH 45 dB PCMAX 20 dBm, average SINR 40.0 (32 meas)
UE 275b: dlsch_rounds 1699/0/0/0, dlsch_errors 0, pucch0_DTX 0 (SNR 20.8+0.8) RSSI -125.7, BLER 0.00000 MCS (0) 0 (Qm 2) CCE fail 11
UE 275b: ulsch_rounds 10323/5/0/0, ulsch_errors 0, ulsch_DTX 5, BLER 0.00000 MCS (0) 0 (Qm 2 deltaMCS 0) NPRB 5 SNR 16.9 (+1.9) RSSI -41.3 CCE fail 200
UE 275b: LCID 1,2,4, goodput DL    0.00 UL    0.00 Mbps

[0m[NR_MAC] Frame.Slot 512.0
UE RNTI 275b CU-UE-ID 1 in-sync PH 45 dB PCMAX 20 dBm, average SINR 40.0 (32 meas)
UE 275b: dlsch_rounds 1701/0/0/0, dlsch_errors 0, pucch0_DTX 0 (SNR 20.8+0.8) RSSI -125.7, BLER 0.00000 MCS (0) 0 (Qm 2) CCE fail 11
UE 275b: ulsch_rounds 10337/5/0/0, ulsch_errors 0, ulsch_DTX 5, BLER 0.00000 MCS (0) 0 (Qm 2 deltaMCS 0) NPRB 5 SNR 16.6 (+1.6) RSSI -41.4 CCE fail 200
UE 275b: LCID 1,2,4, goodput DL    0.00 UL    0.00 Mbps

[0m[NR_MAC] Frame.Slot 640.0
UE RNTI 275b CU-UE-ID 1 in-sync PH 45 dB PCMAX 20 dBm, average SINR 40.0 (32 meas)
UE 275b: dlsch_rounds 1704/0/0/0, dlsch_errors 0, pucch0_DTX 0 (SNR 20.8+0.8) RSSI -125.7, BLER 0.00000 MCS (0) 0 (Qm 2) CCE fail 11
UE 275b: ulsch_rounds 10351/5/0/0, ulsch_errors 0, ulsch_DTX 5, BLER 0.00000 MCS (0) 0 (Qm 2 deltaMCS 0) NPRB 5 SNR 16.5 (+1.5) RSSI -41.4 CCE fail 200
UE 275b: LCID 1,2,4, goodput DL    0.00 UL    0.00 Mbps

[0m[NR_MAC] Frame.Slot 768.0
UE RNTI 275b CU-UE-ID 1 in-sync PH 45 dB PCMAX 20 dBm, average SINR 40.0 (32 meas)
UE 275b: dlsch_rounds 1706/0/0/0, dlsch_errors 0, pucch0_DTX 0 (SNR 20.8+0.8) RSSI -125.7, BLER 0.00000 MCS (0) 0 (Qm 2) CCE fail 11
UE 275b: ulsch_rounds 10366/5/0/0, ulsch_errors 0, ulsch_DTX 5, BLER 0.00000 MCS (0) 0 (Qm 2 deltaMCS 0) NPRB 5 SNR 17.2 (+2.2) RSSI -41.4 CCE fail 200
UE 275b: LCID 1,2,4, goodput DL    0.00 UL    0.00 Mbps

[0m[NR_MAC] Frame.Slot 896.0
UE RNTI 275b CU-UE-ID 1 in-sync PH 45 dB PCMAX 20 dBm, average SINR 40.0 (32 meas)
UE 275b: dlsch_rounds 1709/0/0/0, dlsch_errors 0, pucch0_DTX 0 (SNR 20.8+0.8) RSSI -125.7, BLER 0.00000 MCS (0) 0 (Qm 2) CCE fail 11
UE 275b: ulsch_rounds 10381/5/0/0, ulsch_errors 0, ulsch_DTX 5, BLER 0.00000 MCS (0) 0 (Qm 2 deltaMCS 0) NPRB 5 SNR 16.1 (+1.1) RSSI -41.3 CCE fail 200
UE 275b: LCID 1,2,4, goodput DL    0.00 UL    0.00 Mbps

[0m[NR_MAC] Frame.Slot 0.0
UE RNTI 275b CU-UE-ID 1 in-sync PH 45 dB PCMAX 20 dBm, average SINR 40.0 (32 meas)
UE 275b: dlsch_rounds 1711/0/0/0, dlsch_errors 0, pucch0_DTX 0 (SNR 20.8+0.8) RSSI -125.7, BLER 0.00000 MCS (0) 0 (Qm 2) CCE fail 11
UE 275b: ulsch_rounds 10396/5/0/0, ulsch_errors 0, ulsch_DTX 5, BLER 0.00000 MCS (0) 0 (Qm 2 deltaMCS 0) NPRB 5 SNR 16.1 (+1.1) RSSI -41.3 CCE fail 200
UE 275b: LCID 1,2,4, goodput DL    0.00 UL    0.00 Mbps

[0m[NR_MAC] Frame.Slot 128.0
UE RNTI 275b CU-UE-ID 1 in-sync PH 45 dB PCMAX 20 dBm, average SINR 40.0 (32 meas)
UE 275b: dlsch_rounds 1714/0/0/0, dlsch_errors 0, pucch0_DTX 0 (SNR 20.8+0.8) RSSI -125.7, BLER 0.00000 MCS (0) 0 (Qm 2) CCE fail 11
UE 275b: ulsch_rounds 10411/5/0/0, ulsch_errors 0, ulsch_DTX 5, BLER 0.00000 MCS (0) 0 (Qm 2 deltaMCS 0) NPRB 5 SNR 17.4 (+2.4) RSSI -41.3 CCE fail 200
UE 275b: LCID 1,2,4, goodput DL    0.00 UL    0.00 Mbps

[0m[NR_MAC] Frame.Slot 256.0
UE RNTI 275b CU-UE-ID 1 in-sync PH 45 dB PCMAX 20 dBm, average SINR 40.0 (32 meas)
UE 275b: dlsch_rounds 1716/0/0/0, dlsch_errors 0, pucch0_DTX 0 (SNR 20.8+0.8) RSSI -125.7, BLER 0.00000 MCS (0) 0 (Qm 2) CCE fail 11
UE 275b: ulsch_rounds 10426/5/0/0, ulsch_errors 0, ulsch_DTX 5, BLER 0.00000 MCS (0) 0 (Qm 2 deltaMCS 0) NPRB 5 SNR 17.1 (+2.1) RSSI -41.3 CCE fail 200
UE 275b: LCID 1,2,4, goodput DL    0.00 UL    0.00 Mbps

[0m[NR_MAC] Frame.Slot 384.0
UE RNTI 275b CU-UE-ID 1 in-sync PH 45 dB PCMAX 20 dBm, average SINR 40.0 (32 meas)
UE 275b: dlsch_rounds 1719/0/0/0, dlsch_errors 0, pucch0_DTX 0 (SNR 20.8+0.8) RSSI -125.7, BLER 0.00000 MCS (0) 0 (Qm 2) CCE fail 11
UE 275b: ulsch_rounds 10442/5/0/0, ulsch_errors 0, ulsch_DTX 5, BLER 0.00000 MCS (0) 0 (Qm 2 deltaMCS 0) NPRB 5 SNR 16.1 (+1.1) RSSI -41.2 CCE fail 200
UE 275b: LCID 1,2,4, goodput DL    0.00 UL    0.00 Mbps

[0m[NR_MAC] Frame.Slot 512.0
UE RNTI 275b CU-UE-ID 1 in-sync PH 45 dB PCMAX 20 dBm, average SINR 40.0 (32 meas)
UE 275b: dlsch_rounds 1722/0/0/0, dlsch_errors 0, pucch0_DTX 0 (SNR 20.8+0.8) RSSI -125.7, BLER 0.00000 MCS (0) 0 (Qm 2) CCE fail 11
UE 275b: ulsch_rounds 10460/5/0/0, ulsch_errors 0, ulsch_DTX 5, BLER 0.00000 MCS (0) 0 (Qm 2 deltaMCS 0) NPRB 5 SNR 16.0 (+1.0) RSSI -41.2 CCE fail 200
UE 275b: LCID 1,2,4, goodput DL    0.00 UL    0.00 Mbps

[0m[NR_MAC] Frame.Slot 640.0
UE RNTI 275b CU-UE-ID 1 in-sync PH 45 dB PCMAX 20 dBm, average SINR 40.0 (32 meas)
UE 275b: dlsch_rounds 1725/0/0/0, dlsch_errors 0, pucch0_DTX 0 (SNR 20.8+0.8) RSSI -125.7, BLER 0.00000 MCS (0) 0 (Qm 2) CCE fail 11
UE 275b: ulsch_rounds 10477/5/0/0, ulsch_errors 0, ulsch_DTX 5, BLER 0.00000 MCS (0) 0 (Qm 2 deltaMCS 0) NPRB 5 SNR 19.4 (+4.4) RSSI -40.9 CCE fail 201
UE 275b: LCID 1,2,4, goodput DL    0.00 UL    0.00 Mbps

[0m[NR_MAC] Frame.Slot 768.0
UE RNTI 275b CU-UE-ID 1 in-sync PH 45 dB PCMAX 20 dBm, average SINR 40.0 (32 meas)
UE 275b: dlsch_rounds 1727/0/0/0, dlsch_errors 0, pucch0_DTX 0 (SNR 20.8+0.8) RSSI -125.7, BLER 0.00000 MCS (0) 0 (Qm 2) CCE fail 11
UE 275b: ulsch_rounds 10490/5/0/0, ulsch_errors 0, ulsch_DTX 5, BLER 0.00000 MCS (0) 0 (Qm 2 deltaMCS 0) NPRB 5 SNR 17.2 (+2.2) RSSI -41.0 CCE fail 201
UE 275b: LCID 1,2,4, goodput DL    0.00 UL    0.00 Mbps

[0m[NR_MAC] Frame.Slot 896.0
UE RNTI 275b CU-UE-ID 1 in-sync PH 45 dB PCMAX 20 dBm, average SINR 40.0 (32 meas)
UE 275b: dlsch_rounds 1729/0/0/0, dlsch_errors 0, pucch0_DTX 0 (SNR 20.8+0.8) RSSI -125.7, BLER 0.00000 MCS (0) 0 (Qm 2) CCE fail 11
UE 275b: ulsch_rounds 10506/5/0/0, ulsch_errors 0, ulsch_DTX 5, BLER 0.00000 MCS (0) 0 (Qm 2 deltaMCS 0) NPRB 5 SNR 16.2 (+1.2) RSSI -41.1 CCE fail 201
UE 275b: LCID 1,2,4, goodput DL    0.00 UL    0.00 Mbps

[0m[NR_MAC] Frame.Slot 0.0
UE RNTI 275b CU-UE-ID 1 in-sync PH 45 dB PCMAX 20 dBm, average SINR 40.0 (32 meas)
UE 275b: dlsch_rounds 1733/0/0/0, dlsch_errors 0, pucch0_DTX 0 (SNR 20.8+0.8) RSSI -125.7, BLER 0.00000 MCS (0) 0 (Qm 2) CCE fail 11
UE 275b: ulsch_rounds 10521/5/0/0, ulsch_errors 0, ulsch_DTX 5, BLER 0.00000 MCS (0) 0 (Qm 2 deltaMCS 0) NPRB 5 SNR 16.9 (+1.9) RSSI -41.1 CCE fail 201
UE 275b: LCID 1,2,4, goodput DL    0.00 UL    0.00 Mbps

[0m[NR_MAC] Frame.Slot 128.0
UE RNTI 275b CU-UE-ID 1 in-sync PH 45 dB PCMAX 20 dBm, average SINR 40.0 (32 meas)
UE 275b: dlsch_rounds 1735/0/0/0, dlsch_errors 0, pucch0_DTX 0 (SNR 20.8+0.8) RSSI -125.7, BLER 0.00000 MCS (0) 0 (Qm 2) CCE fail 11
UE 275b: ulsch_rounds 10535/5/0/0, ulsch_errors 0, ulsch_DTX 5, BLER 0.00000 MCS (0) 0 (Qm 2 deltaMCS 0) NPRB 5 SNR 17.4 (+2.4) RSSI -41.2 CCE fail 201
UE 275b: LCID 1,2,4, goodput DL    0.00 UL    0.00 Mbps

[0m[NR_MAC] Frame.Slot 256.0
UE RNTI 275b CU-UE-ID 1 in-sync PH 45 dB PCMAX 20 dBm, average SINR 40.0 (32 meas)
UE 275b: dlsch_rounds 1737/0/0/0, dlsch_errors 0, pucch0_DTX 0 (SNR 20.8+0.8) RSSI -125.7, BLER 0.00000 MCS (0) 0 (Qm 2) CCE fail 11
UE 275b: ulsch_rounds 10550/5/0/0, ulsch_errors 0, ulsch_DTX 5, BLER 0.00000 MCS (0) 0 (Qm 2 deltaMCS 0) NPRB 5 SNR 17.2 (+2.2) RSSI -41.4 CCE fail 201
UE 275b: LCID 1,2,4, goodput DL    0.00 UL    0.00 Mbps

[0m[NR_MAC] Frame.Slot 384.0
UE RNTI 275b CU-UE-ID 1 in-sync PH 45 dB PCMAX 20 dBm, average SINR 40.0 (32 meas)
UE 275b: dlsch_rounds 1740/0/0/0, dlsch_errors 0, pucch0_DTX 0 (SNR 20.8+0.8) RSSI -125.7, BLER 0.00000 MCS (0) 0 (Qm 2) CCE fail 11
UE 275b: ulsch_rounds 10566/5/0/0, ulsch_errors 0, ulsch_DTX 5, BLER 0.00000 MCS (0) 0 (Qm 2 deltaMCS 0) NPRB 5 SNR 16.1 (+1.1) RSSI -41.3 CCE fail 201
UE 275b: LCID 1,2,4, goodput DL    0.00 UL    0.00 Mbps

[0m[NR_MAC] Frame.Slot 512.0
UE RNTI 275b CU-UE-ID 1 in-sync PH 45 dB PCMAX 20 dBm, average SINR 40.0 (32 meas)
UE 275b: dlsch_rounds 1743/0/0/0, dlsch_errors 0, pucch0_DTX 0 (SNR 20.8+0.8) RSSI -125.7, BLER 0.00000 MCS (0) 0 (Qm 2) CCE fail 11
UE 275b: ulsch_rounds 10580/5/0/0, ulsch_errors 0, ulsch_DTX 5, BLER 0.00000 MCS (0) 0 (Qm 2 deltaMCS 0) NPRB 5 SNR 16.8 (+1.8) RSSI -41.3 CCE fail 201
UE 275b: LCID 1,2,4, goodput DL    0.00 UL    0.00 Mbps

[0m[NR_MAC] Frame.Slot 640.0
UE RNTI 275b CU-UE-ID 1 in-sync PH 45 dB PCMAX 20 dBm, average SINR 40.0 (32 meas)
UE 275b: dlsch_rounds 1745/0/0/0, dlsch_errors 0, pucch0_DTX 0 (SNR 20.8+0.8) RSSI -125.7, BLER 0.00000 MCS (0) 0 (Qm 2) CCE fail 11
UE 275b: ulsch_rounds 10595/5/0/0, ulsch_errors 0, ulsch_DTX 5, BLER 0.00000 MCS (0) 0 (Qm 2 deltaMCS 0) NPRB 5 SNR 18.4 (+3.4) RSSI -41.2 CCE fail 201
UE 275b: LCID 1,2,4, goodput DL    0.00 UL    0.00 Mbps

[0m[NR_MAC] Frame.Slot 768.0
UE RNTI 275b CU-UE-ID 1 in-sync PH 45 dB PCMAX 20 dBm, average SINR 40.0 (32 meas)
UE 275b: dlsch_rounds 1747/0/0/0, dlsch_errors 0, pucch0_DTX 0 (SNR 20.8+0.8) RSSI -125.7, BLER 0.00000 MCS (0) 0 (Qm 2) CCE fail 11
UE 275b: ulsch_rounds 10610/5/0/0, ulsch_errors 0, ulsch_DTX 5, BLER 0.00000 MCS (0) 0 (Qm 2 deltaMCS 0) NPRB 5 SNR 17.1 (+2.1) RSSI -41.3 CCE fail 201
UE 275b: LCID 1,2,4, goodput DL    0.00 UL    0.00 Mbps

[0m[NR_MAC] Frame.Slot 896.0
UE RNTI 275b CU-UE-ID 1 in-sync PH 45 dB PCMAX 20 dBm, average SINR 40.0 (32 meas)
UE 275b: dlsch_rounds 1750/0/0/0, dlsch_errors 0, pucch0_DTX 0 (SNR 20.8+0.8) RSSI -125.7, BLER 0.00000 MCS (0) 0 (Qm 2) CCE fail 11
UE 275b: ulsch_rounds 10625/5/0/0, ulsch_errors 0, ulsch_DTX 5, BLER 0.00000 MCS (0) 0 (Qm 2 deltaMCS 0) NPRB 5 SNR 16.1 (+1.1) RSSI -41.3 CCE fail 201
UE 275b: LCID 1,2,4, goodput DL    0.00 UL    0.00 Mbps

[0m[NR_MAC] Frame.Slot 0.0
UE RNTI 275b CU-UE-ID 1 in-sync PH 45 dB PCMAX 20 dBm, average SINR 40.0 (32 meas)
UE 275b: dlsch_rounds 1753/0/0/0, dlsch_errors 0, pucch0_DTX 0 (SNR 20.8+0.8) RSSI -125.7, BLER 0.00000 MCS (0) 0 (Qm 2) CCE fail 11
UE 275b: ulsch_rounds 10639/5/0/0, ulsch_errors 0, ulsch_DTX 5, BLER 0.00000 MCS (0) 0 (Qm 2 deltaMCS 0) NPRB 5 SNR 16.2 (+1.2) RSSI -41.2 CCE fail 201
UE 275b: LCID 1,2,4, goodput DL    0.00 UL    0.00 Mbps

[0m[NR_MAC] Frame.Slot 128.0
UE RNTI 275b CU-UE-ID 1 in-sync PH 45 dB PCMAX 20 dBm, average SINR 40.0 (32 meas)
UE 275b: dlsch_rounds 1755/0/0/0, dlsch_errors 0, pucch0_DTX 0 (SNR 20.8+0.8) RSSI -125.7, BLER 0.00000 MCS (0) 0 (Qm 2) CCE fail 11
UE 275b: ulsch_rounds 10654/5/0/0, ulsch_errors 0, ulsch_DTX 5, BLER 0.00000 MCS (0) 0 (Qm 2 deltaMCS 0) NPRB 5 SNR 17.6 (+2.6) RSSI -41.3 CCE fail 201
UE 275b: LCID 1,2,4, goodput DL    0.00 UL    0.00 Mbps

[0m[NR_MAC] Frame.Slot 256.0
UE RNTI 275b CU-UE-ID 1 in-sync PH 45 dB PCMAX 20 dBm, average SINR 40.0 (32 meas)
UE 275b: dlsch_rounds 1757/0/0/0, dlsch_errors 0, pucch0_DTX 0 (SNR 20.8+0.8) RSSI -125.7, BLER 0.00000 MCS (0) 0 (Qm 2) CCE fail 11
UE 275b: ulsch_rounds 10669/5/0/0, ulsch_errors 0, ulsch_DTX 5, BLER 0.00000 MCS (0) 0 (Qm 2 deltaMCS 0) NPRB 5 SNR 17.4 (+2.4) RSSI -41.4 CCE fail 202
UE 275b: LCID 1,2,4, goodput DL    0.00 UL    0.00 Mbps

[0m[NR_MAC] Frame.Slot 384.0
UE RNTI 275b CU-UE-ID 1 in-sync PH 45 dB PCMAX 20 dBm, average SINR 40.0 (32 meas)
UE 275b: dlsch_rounds 1760/0/0/0, dlsch_errors 0, pucch0_DTX 0 (SNR 20.8+0.8) RSSI -125.7, BLER 0.00000 MCS (0) 0 (Qm 2) CCE fail 11
UE 275b: ulsch_rounds 10685/5/0/0, ulsch_errors 0, ulsch_DTX 5, BLER 0.00000 MCS (0) 0 (Qm 2 deltaMCS 0) NPRB 5 SNR 16.3 (+1.3) RSSI -41.3 CCE fail 202
UE 275b: LCID 1,2,4, goodput DL    0.00 UL    0.00 Mbps

[0m[NR_MAC] Frame.Slot 512.0
UE RNTI 275b CU-UE-ID 1 in-sync PH 45 dB PCMAX 20 dBm, average SINR 40.0 (32 meas)
UE 275b: dlsch_rounds 1763/0/0/0, dlsch_errors 0, pucch0_DTX 0 (SNR 20.8+0.8) RSSI -125.7, BLER 0.00000 MCS (0) 0 (Qm 2) CCE fail 11
UE 275b: ulsch_rounds 10700/5/0/0, ulsch_errors 0, ulsch_DTX 5, BLER 0.00000 MCS (0) 0 (Qm 2 deltaMCS 0) NPRB 5 SNR 16.0 (+1.0) RSSI -41.3 CCE fail 202
UE 275b: LCID 1,2,4, goodput DL    0.00 UL    0.00 Mbps

[0m[NR_MAC] Frame.Slot 640.0
UE RNTI 275b CU-UE-ID 1 in-sync PH 45 dB PCMAX 20 dBm, average SINR 40.0 (32 meas)
UE 275b: dlsch_rounds 1765/0/0/0, dlsch_errors 0, pucch0_DTX 0 (SNR 20.8+0.8) RSSI -125.7, BLER 0.00000 MCS (0) 0 (Qm 2) CCE fail 11
UE 275b: ulsch_rounds 10714/5/0/0, ulsch_errors 0, ulsch_DTX 5, BLER 0.00000 MCS (0) 0 (Qm 2 deltaMCS 0) NPRB 5 SNR 17.7 (+2.7) RSSI -41.3 CCE fail 202
UE 275b: LCID 1,2,4, goodput DL    0.00 UL    0.00 Mbps

[0m[NR_MAC] Frame.Slot 768.0
UE RNTI 275b CU-UE-ID 1 in-sync PH 45 dB PCMAX 20 dBm, average SINR 40.0 (32 meas)
UE 275b: dlsch_rounds 1768/0/0/0, dlsch_errors 0, pucch0_DTX 0 (SNR 20.8+0.8) RSSI -125.7, BLER 0.00000 MCS (0) 0 (Qm 2) CCE fail 11
UE 275b: ulsch_rounds 10728/5/0/0, ulsch_errors 0, ulsch_DTX 5, BLER 0.00000 MCS (0) 0 (Qm 2 deltaMCS 0) NPRB 5 SNR 17.3 (+2.3) RSSI -41.3 CCE fail 202
UE 275b: LCID 1,2,4, goodput DL    0.00 UL    0.00 Mbps

[0m[NR_MAC] Frame.Slot 896.0
UE RNTI 275b CU-UE-ID 1 in-sync PH 45 dB PCMAX 20 dBm, average SINR 40.0 (32 meas)
UE 275b: dlsch_rounds 1770/0/0/0, dlsch_errors 0, pucch0_DTX 0 (SNR 20.8+0.8) RSSI -125.7, BLER 0.00000 MCS (0) 0 (Qm 2) CCE fail 11
UE 275b: ulsch_rounds 10743/5/0/0, ulsch_errors 0, ulsch_DTX 5, BLER 0.00000 MCS (0) 0 (Qm 2 deltaMCS 0) NPRB 5 SNR 16.3 (+1.3) RSSI -41.3 CCE fail 202
UE 275b: LCID 1,2,4, goodput DL    0.00 UL    0.00 Mbps

[0m[NR_MAC] Frame.Slot 0.0
UE RNTI 275b CU-UE-ID 1 in-sync PH 45 dB PCMAX 20 dBm, average SINR 40.0 (32 meas)
UE 275b: dlsch_rounds 1773/0/0/0, dlsch_errors 0, pucch0_DTX 0 (SNR 20.8+0.8) RSSI -125.7, BLER 0.00000 MCS (0) 0 (Qm 2) CCE fail 11
UE 275b: ulsch_rounds 10759/5/0/0, ulsch_errors 0, ulsch_DTX 5, BLER 0.00000 MCS (0) 0 (Qm 2 deltaMCS 0) NPRB 5 SNR 16.1 (+1.1) RSSI -41.2 CCE fail 202
UE 275b: LCID 1,2,4, goodput DL    0.00 UL    0.00 Mbps

[0m[NR_MAC] Frame.Slot 128.0
UE RNTI 275b CU-UE-ID 1 in-sync PH 45 dB PCMAX 20 dBm, average SINR 40.0 (32 meas)
UE 275b: dlsch_rounds 1775/0/0/0, dlsch_errors 0, pucch0_DTX 0 (SNR 20.8+0.8) RSSI -125.7, BLER 0.00000 MCS (0) 0 (Qm 2) CCE fail 11
UE 275b: ulsch_rounds 10773/5/0/0, ulsch_errors 0, ulsch_DTX 5, BLER 0.00000 MCS (0) 0 (Qm 2 deltaMCS 0) NPRB 5 SNR 17.6 (+2.6) RSSI -41.2 CCE fail 202
UE 275b: LCID 1,2,4, goodput DL    0.00 UL    0.00 Mbps

[0m[NR_MAC] Frame.Slot 256.0
UE RNTI 275b CU-UE-ID 1 in-sync PH 45 dB PCMAX 20 dBm, average SINR 40.0 (32 meas)
UE 275b: dlsch_rounds 1778/0/0/0, dlsch_errors 0, pucch0_DTX 0 (SNR 20.8+0.8) RSSI -125.7, BLER 0.00000 MCS (0) 0 (Qm 2) CCE fail 11
UE 275b: ulsch_rounds 10787/5/0/0, ulsch_errors 0, ulsch_DTX 5, BLER 0.00000 MCS (0) 0 (Qm 2 deltaMCS 0) NPRB 5 SNR 17.5 (+2.5) RSSI -41.2 CCE fail 202
UE 275b: LCID 1,2,4, goodput DL    0.00 UL    0.00 Mbps

[0m[NR_MAC] Frame.Slot 384.0
UE RNTI 275b CU-UE-ID 1 in-sync PH 45 dB PCMAX 20 dBm, average SINR 40.0 (32 meas)
UE 275b: dlsch_rounds 1780/0/0/0, dlsch_errors 0, pucch0_DTX 0 (SNR 20.8+0.8) RSSI -125.7, BLER 0.00000 MCS (0) 0 (Qm 2) CCE fail 11
UE 275b: ulsch_rounds 10802/5/0/0, ulsch_errors 0, ulsch_DTX 5, BLER 0.00000 MCS (0) 0 (Qm 2 deltaMCS 0) NPRB 5 SNR 17.2 (+2.2) RSSI -41.3 CCE fail 202
UE 275b: LCID 1,2,4, goodput DL    0.00 UL    0.00 Mbps

[0m[NR_MAC] Frame.Slot 512.0
UE RNTI 275b CU-UE-ID 1 in-sync PH 45 dB PCMAX 20 dBm, average SINR 40.0 (32 meas)
UE 275b: dlsch_rounds 1783/0/0/0, dlsch_errors 0, pucch0_DTX 0 (SNR 20.8+0.8) RSSI -125.7, BLER 0.00000 MCS (0) 0 (Qm 2) CCE fail 11
UE 275b: ulsch_rounds 10818/5/0/0, ulsch_errors 0, ulsch_DTX 5, BLER 0.00000 MCS (0) 0 (Qm 2 deltaMCS 0) NPRB 5 SNR 16.9 (+1.9) RSSI -41.2 CCE fail 202
UE 275b: LCID 1,2,4, goodput DL    0.00 UL    0.00 Mbps

[0m[NR_MAC] Frame.Slot 640.0
UE RNTI 275b CU-UE-ID 1 in-sync PH 45 dB PCMAX 20 dBm, average SINR 40.0 (32 meas)
UE 275b: dlsch_rounds 1786/0/0/0, dlsch_errors 0, pucch0_DTX 0 (SNR 20.8+0.8) RSSI -125.7, BLER 0.00000 MCS (0) 0 (Qm 2) CCE fail 11
UE 275b: ulsch_rounds 10833/5/0/0, ulsch_errors 0, ulsch_DTX 5, BLER 0.00000 MCS (0) 0 (Qm 2 deltaMCS 0) NPRB 5 SNR 16.9 (+1.9) RSSI -41.3 CCE fail 202
UE 275b: LCID 1,2,4, goodput DL    0.00 UL    0.00 Mbps

[0m[NR_MAC] Frame.Slot 768.0
UE RNTI 275b CU-UE-ID 1 in-sync PH 45 dB PCMAX 20 dBm, average SINR 40.0 (32 meas)
UE 275b: dlsch_rounds 1788/0/0/0, dlsch_errors 0, pucch0_DTX 0 (SNR 20.8+0.8) RSSI -125.7, BLER 0.00000 MCS (0) 0 (Qm 2) CCE fail 11
UE 275b: ulsch_rounds 10848/5/0/0, ulsch_errors 0, ulsch_DTX 5, BLER 0.00000 MCS (0) 0 (Qm 2 deltaMCS 0) NPRB 5 SNR 17.3 (+2.3) RSSI -41.3 CCE fail 202
UE 275b: LCID 1,2,4, goodput DL    0.00 UL    0.00 Mbps

[0m[NR_MAC] Frame.Slot 896.0
UE RNTI 275b CU-UE-ID 1 in-sync PH 45 dB PCMAX 20 dBm, average SINR 40.0 (32 meas)
UE 275b: dlsch_rounds 1790/0/0/0, dlsch_errors 0, pucch0_DTX 0 (SNR 20.8+0.8) RSSI -125.7, BLER 0.00000 MCS (0) 0 (Qm 2) CCE fail 11
UE 275b: ulsch_rounds 10861/5/0/0, ulsch_errors 0, ulsch_DTX 5, BLER 0.00000 MCS (0) 0 (Qm 2 deltaMCS 0) NPRB 5 SNR 16.4 (+1.4) RSSI -41.4 CCE fail 202
UE 275b: LCID 1,2,4, goodput DL    0.00 UL    0.00 Mbps

[0m[NR_MAC] Frame.Slot 0.0
UE RNTI 275b CU-UE-ID 1 in-sync PH 45 dB PCMAX 20 dBm, average SINR 40.0 (32 meas)
UE 275b: dlsch_rounds 1793/0/0/0, dlsch_errors 0, pucch0_DTX 0 (SNR 20.8+0.8) RSSI -125.7, BLER 0.00000 MCS (0) 0 (Qm 2) CCE fail 11
UE 275b: ulsch_rounds 10877/5/0/0, ulsch_errors 0, ulsch_DTX 5, BLER 0.00000 MCS (0) 0 (Qm 2 deltaMCS 0) NPRB 5 SNR 16.4 (+1.4) RSSI -41.3 CCE fail 202
UE 275b: LCID 1,2,4, goodput DL    0.00 UL    0.00 Mbps

[0m[NR_MAC] Frame.Slot 128.0
UE RNTI 275b CU-UE-ID 1 in-sync PH 45 dB PCMAX 20 dBm, average SINR 40.0 (32 meas)
UE 275b: dlsch_rounds 1796/0/0/0, dlsch_errors 0, pucch0_DTX 0 (SNR 20.8+0.8) RSSI -125.7, BLER 0.00000 MCS (0) 0 (Qm 2) CCE fail 11
UE 275b: ulsch_rounds 10892/5/0/0, ulsch_errors 0, ulsch_DTX 5, BLER 0.00000 MCS (0) 0 (Qm 2 deltaMCS 0) NPRB 5 SNR 16.1 (+1.1) RSSI -41.3 CCE fail 202
UE 275b: LCID 1,2,4, goodput DL    0.00 UL    0.00 Mbps

[0m[NR_MAC] Frame.Slot 256.0
UE RNTI 275b CU-UE-ID 1 in-sync PH 45 dB PCMAX 20 dBm, average SINR 40.0 (32 meas)
UE 275b: dlsch_rounds 1798/0/0/0, dlsch_errors 0, pucch0_DTX 0 (SNR 20.8+0.8) RSSI -125.7, BLER 0.00000 MCS (0) 0 (Qm 2) CCE fail 11
UE 275b: ulsch_rounds 10907/5/0/0, ulsch_errors 0, ulsch_DTX 5, BLER 0.00000 MCS (0) 0 (Qm 2 deltaMCS 0) NPRB 5 SNR 17.5 (+2.5) RSSI -41.3 CCE fail 202
UE 275b: LCID 1,2,4, goodput DL    0.00 UL    0.00 Mbps

[0m[NR_MAC] Frame.Slot 384.0
UE RNTI 275b CU-UE-ID 1 in-sync PH 45 dB PCMAX 20 dBm, average SINR 40.0 (32 meas)
UE 275b: dlsch_rounds 1800/0/0/0, dlsch_errors 0, pucch0_DTX 0 (SNR 20.8+0.8) RSSI -125.7, BLER 0.00000 MCS (0) 0 (Qm 2) CCE fail 11
UE 275b: ulsch_rounds 10921/5/0/0, ulsch_errors 0, ulsch_DTX 5, BLER 0.00000 MCS (0) 0 (Qm 2 deltaMCS 0) NPRB 5 SNR 16.5 (+1.5) RSSI -41.3 CCE fail 202
UE 275b: LCID 1,2,4, goodput DL    0.00 UL    0.00 Mbps

[0m[NR_MAC] Frame.Slot 512.0
UE RNTI 275b CU-UE-ID 1 in-sync PH 45 dB PCMAX 20 dBm, average SINR 40.0 (32 meas)
UE 275b: dlsch_rounds 1803/0/0/0, dlsch_errors 0, pucch0_DTX 0 (SNR 20.8+0.8) RSSI -125.7, BLER 0.00000 MCS (0) 0 (Qm 2) CCE fail 11
UE 275b: ulsch_rounds 10937/5/0/0, ulsch_errors 0, ulsch_DTX 5, BLER 0.00000 MCS (0) 0 (Qm 2 deltaMCS 0) NPRB 5 SNR 16.3 (+1.3) RSSI -41.4 CCE fail 202
UE 275b: LCID 1,2,4, goodput DL    0.00 UL    0.00 Mbps

[0m[NR_MAC] Frame.Slot 640.0
UE RNTI 275b CU-UE-ID 1 in-sync PH 45 dB PCMAX 20 dBm, average SINR 40.0 (32 meas)
UE 275b: dlsch_rounds 1806/0/0/0, dlsch_errors 0, pucch0_DTX 0 (SNR 20.8+0.8) RSSI -125.7, BLER 0.00000 MCS (0) 0 (Qm 2) CCE fail 11
UE 275b: ulsch_rounds 10952/5/0/0, ulsch_errors 0, ulsch_DTX 5, BLER 0.00000 MCS (0) 0 (Qm 2 deltaMCS 0) NPRB 5 SNR 16.0 (+1.0) RSSI -41.3 CCE fail 202
UE 275b: LCID 1,2,4, goodput DL    0.00 UL    0.00 Mbps

[0m[NR_MAC] Frame.Slot 768.0
UE RNTI 275b CU-UE-ID 1 in-sync PH 45 dB PCMAX 20 dBm, average SINR 40.0 (32 meas)
UE 275b: dlsch_rounds 1808/0/0/0, dlsch_errors 0, pucch0_DTX 0 (SNR 20.8+0.8) RSSI -125.7, BLER 0.00000 MCS (0) 0 (Qm 2) CCE fail 11
UE 275b: ulsch_rounds 10966/5/0/0, ulsch_errors 0, ulsch_DTX 5, BLER 0.00000 MCS (0) 0 (Qm 2 deltaMCS 0) NPRB 5 SNR 17.5 (+2.5) RSSI -41.3 CCE fail 202
UE 275b: LCID 1,2,4, goodput DL    0.00 UL    0.00 Mbps

[0m[NR_MAC] Frame.Slot 896.0
UE RNTI 275b CU-UE-ID 1 in-sync PH 45 dB PCMAX 20 dBm, average SINR 40.0 (32 meas)
UE 275b: dlsch_rounds 1810/0/0/0, dlsch_errors 0, pucch0_DTX 0 (SNR 20.8+0.8) RSSI -125.7, BLER 0.00000 MCS (0) 0 (Qm 2) CCE fail 11
UE 275b: ulsch_rounds 10980/5/0/0, ulsch_errors 0, ulsch_DTX 5, BLER 0.00000 MCS (0) 0 (Qm 2 deltaMCS 0) NPRB 5 SNR 16.4 (+1.4) RSSI -41.3 CCE fail 202
UE 275b: LCID 1,2,4, goodput DL    0.00 UL    0.00 Mbps

[0m[NR_MAC] Frame.Slot 0.0
UE RNTI 275b CU-UE-ID 1 in-sync PH 45 dB PCMAX 20 dBm, average SINR 40.0 (32 meas)
UE 275b: dlsch_rounds 1814/0/0/0, dlsch_errors 0, pucch0_DTX 0 (SNR 20.8+0.8) RSSI -125.7, BLER 0.00000 MCS (0) 0 (Qm 2) CCE fail 11
UE 275b: ulsch_rounds 10997/5/0/0, ulsch_errors 0, ulsch_DTX 5, BLER 0.00000 MCS (0) 0 (Qm 2 deltaMCS 0) NPRB 5 SNR 16.2 (+1.2) RSSI -41.3 CCE fail 202
UE 275b: LCID 1,2,4, goodput DL    0.00 UL    0.00 Mbps

[0m[NR_MAC] Frame.Slot 128.0
UE RNTI 275b CU-UE-ID 1 in-sync PH 45 dB PCMAX 20 dBm, average SINR 40.0 (32 meas)
UE 275b: dlsch_rounds 1816/0/0/0, dlsch_errors 0, pucch0_DTX 0 (SNR 20.8+0.8) RSSI -125.7, BLER 0.00000 MCS (0) 0 (Qm 2) CCE fail 11
UE 275b: ulsch_rounds 11010/5/0/0, ulsch_errors 0, ulsch_DTX 5, BLER 0.00000 MCS (0) 0 (Qm 2 deltaMCS 0) NPRB 5 SNR 16.0 (+1.0) RSSI -41.3 CCE fail 202
UE 275b: LCID 1,2,4, goodput DL    0.00 UL    0.00 Mbps

[0m[NR_MAC] Frame.Slot 256.0
UE RNTI 275b CU-UE-ID 1 in-sync PH 45 dB PCMAX 20 dBm, average SINR 40.0 (32 meas)
UE 275b: dlsch_rounds 1818/0/0/0, dlsch_errors 0, pucch0_DTX 0 (SNR 20.8+0.8) RSSI -125.7, BLER 0.00000 MCS (0) 0 (Qm 2) CCE fail 11
UE 275b: ulsch_rounds 11025/5/0/0, ulsch_errors 0, ulsch_DTX 5, BLER 0.00000 MCS (0) 0 (Qm 2 deltaMCS 0) NPRB 5 SNR 17.7 (+2.7) RSSI -41.3 CCE fail 203
UE 275b: LCID 1,2,4, goodput DL    0.00 UL    0.00 Mbps

[0m[NR_MAC] Frame.Slot 384.0
UE RNTI 275b CU-UE-ID 1 in-sync PH 45 dB PCMAX 20 dBm, average SINR 40.0 (32 meas)
UE 275b: dlsch_rounds 1820/0/0/0, dlsch_errors 0, pucch0_DTX 0 (SNR 20.8+0.8) RSSI -125.7, BLER 0.00000 MCS (0) 0 (Qm 2) CCE fail 11
UE 275b: ulsch_rounds 11040/5/0/0, ulsch_errors 0, ulsch_DTX 5, BLER 0.00000 MCS (0) 0 (Qm 2 deltaMCS 0) NPRB 5 SNR 17.4 (+2.4) RSSI -41.4 CCE fail 203
UE 275b: LCID 1,2,4, goodput DL    0.00 UL    0.00 Mbps

[0m[NR_MAC] Frame.Slot 512.0
UE RNTI 275b CU-UE-ID 1 in-sync PH 45 dB PCMAX 20 dBm, average SINR 40.0 (32 meas)
UE 275b: dlsch_rounds 1823/0/0/0, dlsch_errors 0, pucch0_DTX 0 (SNR 20.8+0.8) RSSI -125.7, BLER 0.00000 MCS (0) 0 (Qm 2) CCE fail 11
UE 275b: ulsch_rounds 11056/5/0/0, ulsch_errors 0, ulsch_DTX 5, BLER 0.00000 MCS (0) 0 (Qm 2 deltaMCS 0) NPRB 5 SNR 16.0 (+1.0) RSSI -41.5 CCE fail 203
UE 275b: LCID 1,2,4, goodput DL    0.00 UL    0.00 Mbps

[0m[NR_MAC] Frame.Slot 640.0
UE RNTI 275b CU-UE-ID 1 in-sync PH 45 dB PCMAX 20 dBm, average SINR 40.0 (32 meas)
UE 275b: dlsch_rounds 1826/0/0/0, dlsch_errors 0, pucch0_DTX 0 (SNR 20.8+0.8) RSSI -125.7, BLER 0.00000 MCS (0) 0 (Qm 2) CCE fail 11
UE 275b: ulsch_rounds 11071/5/0/0, ulsch_errors 0, ulsch_DTX 5, BLER 0.00000 MCS (0) 0 (Qm 2 deltaMCS 0) NPRB 5 SNR 16.1 (+1.1) RSSI -41.5 CCE fail 203
UE 275b: LCID 1,2,4, goodput DL    0.00 UL    0.00 Mbps

[0m[NR_MAC] Frame.Slot 768.0
UE RNTI 275b CU-UE-ID 1 in-sync PH 45 dB PCMAX 20 dBm, average SINR 40.0 (32 meas)
UE 275b: dlsch_rounds 1828/0/0/0, dlsch_errors 0, pucch0_DTX 0 (SNR 20.8+0.8) RSSI -125.7, BLER 0.00000 MCS (0) 0 (Qm 2) CCE fail 11
UE 275b: ulsch_rounds 11085/5/0/0, ulsch_errors 0, ulsch_DTX 5, BLER 0.00000 MCS (0) 0 (Qm 2 deltaMCS 0) NPRB 5 SNR 17.6 (+2.6) RSSI -41.4 CCE fail 203
UE 275b: LCID 1,2,4, goodput DL    0.00 UL    0.00 Mbps

[0m[NR_MAC] Frame.Slot 896.0
UE RNTI 275b CU-UE-ID 1 in-sync PH 45 dB PCMAX 20 dBm, average SINR 40.0 (32 meas)
UE 275b: dlsch_rounds 1831/0/0/0, dlsch_errors 0, pucch0_DTX 0 (SNR 20.8+0.8) RSSI -125.7, BLER 0.00000 MCS (0) 0 (Qm 2) CCE fail 11
UE 275b: ulsch_rounds 11099/5/0/0, ulsch_errors 0, ulsch_DTX 5, BLER 0.00000 MCS (0) 0 (Qm 2 deltaMCS 0) NPRB 5 SNR 16.5 (+1.5) RSSI -41.4 CCE fail 203
UE 275b: LCID 1,2,4, goodput DL    0.00 UL    0.00 Mbps

[0m[NR_MAC] Frame.Slot 0.0
UE RNTI 275b CU-UE-ID 1 in-sync PH 45 dB PCMAX 20 dBm, average SINR 40.0 (32 meas)
UE 275b: dlsch_rounds 1833/0/0/0, dlsch_errors 0, pucch0_DTX 0 (SNR 20.8+0.8) RSSI -125.7, BLER 0.00000 MCS (0) 0 (Qm 2) CCE fail 12
UE 275b: ulsch_rounds 11115/5/0/0, ulsch_errors 0, ulsch_DTX 5, BLER 0.00000 MCS (0) 0 (Qm 2 deltaMCS 0) NPRB 5 SNR 16.5 (+1.5) RSSI -41.4 CCE fail 203
UE 275b: LCID 1,2,4, goodput DL    0.00 UL    0.00 Mbps

[0m[NR_MAC] Frame.Slot 128.0
UE RNTI 275b CU-UE-ID 1 in-sync PH 45 dB PCMAX 20 dBm, average SINR 40.0 (32 meas)
UE 275b: dlsch_rounds 1836/0/0/0, dlsch_errors 0, pucch0_DTX 0 (SNR 20.8+0.8) RSSI -125.7, BLER 0.00000 MCS (0) 0 (Qm 2) CCE fail 12
UE 275b: ulsch_rounds 11130/5/0/0, ulsch_errors 0, ulsch_DTX 5, BLER 0.00000 MCS (0) 0 (Qm 2 deltaMCS 0) NPRB 5 SNR 16.2 (+1.2) RSSI -41.3 CCE fail 203
UE 275b: LCID 1,2,4, goodput DL    0.00 UL    0.00 Mbps

[0m[NR_MAC] Frame.Slot 256.0
UE RNTI 275b CU-UE-ID 1 in-sync PH 45 dB PCMAX 20 dBm, average SINR 40.0 (32 meas)
UE 275b: dlsch_rounds 1838/0/0/0, dlsch_errors 0, pucch0_DTX 0 (SNR 20.8+0.8) RSSI -125.7, BLER 0.00000 MCS (0) 0 (Qm 2) CCE fail 12
UE 275b: ulsch_rounds 11145/5/0/0, ulsch_errors 0, ulsch_DTX 5, BLER 0.00000 MCS (0) 0 (Qm 2 deltaMCS 0) NPRB 5 SNR 17.7 (+2.7) RSSI -41.3 CCE fail 203
UE 275b: LCID 1,2,4, goodput DL    0.00 UL    0.00 Mbps

[0m[NR_MAC] Frame.Slot 384.0
UE RNTI 275b CU-UE-ID 1 in-sync PH 45 dB PCMAX 20 dBm, average SINR 40.0 (32 meas)
UE 275b: dlsch_rounds 1841/0/0/0, dlsch_errors 0, pucch0_DTX 0 (SNR 20.8+0.8) RSSI -125.7, BLER 0.00000 MCS (0) 0 (Qm 2) CCE fail 12
UE 275b: ulsch_rounds 11158/5/0/0, ulsch_errors 0, ulsch_DTX 5, BLER 0.00000 MCS (0) 0 (Qm 2 deltaMCS 0) NPRB 5 SNR 16.7 (+1.7) RSSI -41.3 CCE fail 203
UE 275b: LCID 1,2,4, goodput DL    0.00 UL    0.00 Mbps

[0m[NR_MAC] Frame.Slot 512.0
UE RNTI 275b CU-UE-ID 1 in-sync PH 45 dB PCMAX 20 dBm, average SINR 40.0 (32 meas)
UE 275b: dlsch_rounds 1843/0/0/0, dlsch_errors 0, pucch0_DTX 0 (SNR 20.8+0.8) RSSI -125.7, BLER 0.00000 MCS (0) 0 (Qm 2) CCE fail 12
UE 275b: ulsch_rounds 11174/5/0/0, ulsch_errors 0, ulsch_DTX 5, BLER 0.00000 MCS (0) 0 (Qm 2 deltaMCS 0) NPRB 5 SNR 16.4 (+1.4) RSSI -41.4 CCE fail 203
UE 275b: LCID 1,2,4, goodput DL    0.00 UL    0.00 Mbps

[0m[NR_MAC] Frame.Slot 640.0
UE RNTI 275b CU-UE-ID 1 in-sync PH 45 dB PCMAX 20 dBm, average SINR 40.0 (32 meas)
UE 275b: dlsch_rounds 1846/0/0/0, dlsch_errors 0, pucch0_DTX 0 (SNR 20.8+0.8) RSSI -125.7, BLER 0.00000 MCS (0) 0 (Qm 2) CCE fail 12
UE 275b: ulsch_rounds 11190/5/0/0, ulsch_errors 0, ulsch_DTX 5, BLER 0.00000 MCS (0) 0 (Qm 2 deltaMCS 0) NPRB 5 SNR 16.1 (+1.1) RSSI -41.3 CCE fail 203
UE 275b: LCID 1,2,4, goodput DL    0.00 UL    0.00 Mbps

[0m[NR_MAC] Frame.Slot 768.0
UE RNTI 275b CU-UE-ID 1 in-sync PH 45 dB PCMAX 20 dBm, average SINR 40.0 (32 meas)
UE 275b: dlsch_rounds 1849/0/0/0, dlsch_errors 0, pucch0_DTX 0 (SNR 20.8+0.8) RSSI -125.7, BLER 0.00000 MCS (0) 0 (Qm 2) CCE fail 12
UE 275b: ulsch_rounds 11204/5/0/0, ulsch_errors 0, ulsch_DTX 5, BLER 0.00000 MCS (0) 0 (Qm 2 deltaMCS 0) NPRB 5 SNR 17.7 (+2.7) RSSI -41.3 CCE fail 203
UE 275b: LCID 1,2,4, goodput DL    0.00 UL    0.00 Mbps

[0m[NR_MAC] Frame.Slot 896.0
UE RNTI 275b CU-UE-ID 1 in-sync PH 45 dB PCMAX 20 dBm, average SINR 40.0 (32 meas)
UE 275b: dlsch_rounds 1851/0/0/0, dlsch_errors 0, pucch0_DTX 0 (SNR 20.8+0.8) RSSI -125.7, BLER 0.00000 MCS (0) 0 (Qm 2) CCE fail 12
UE 275b: ulsch_rounds 11218/5/0/0, ulsch_errors 0, ulsch_DTX 5, BLER 0.00000 MCS (0) 0 (Qm 2 deltaMCS 0) NPRB 5 SNR 16.6 (+1.6) RSSI -41.3 CCE fail 203
UE 275b: LCID 1,2,4, goodput DL    0.00 UL    0.00 Mbps

[0m[NR_MAC] Frame.Slot 0.0
UE RNTI 275b CU-UE-ID 1 in-sync PH 45 dB PCMAX 20 dBm, average SINR 40.0 (32 meas)
UE 275b: dlsch_rounds 1853/0/0/0, dlsch_errors 0, pucch0_DTX 0 (SNR 20.8+0.8) RSSI -125.7, BLER 0.00000 MCS (0) 0 (Qm 2) CCE fail 12
UE 275b: ulsch_rounds 11233/5/0/0, ulsch_errors 0, ulsch_DTX 5, BLER 0.00000 MCS (0) 0 (Qm 2 deltaMCS 0) NPRB 5 SNR 16.4 (+1.4) RSSI -41.3 CCE fail 203
UE 275b: LCID 1,2,4, goodput DL    0.00 UL    0.00 Mbps

[0m[NR_MAC] Frame.Slot 128.0
UE RNTI 275b CU-UE-ID 1 in-sync PH 45 dB PCMAX 20 dBm, average SINR 40.0 (32 meas)
UE 275b: dlsch_rounds 1856/0/0/0, dlsch_errors 0, pucch0_DTX 0 (SNR 20.8+0.8) RSSI -125.7, BLER 0.00000 MCS (0) 0 (Qm 2) CCE fail 12
UE 275b: ulsch_rounds 11248/5/0/0, ulsch_errors 0, ulsch_DTX 5, BLER 0.00000 MCS (0) 0 (Qm 2 deltaMCS 0) NPRB 5 SNR 16.1 (+1.1) RSSI -41.3 CCE fail 203
UE 275b: LCID 1,2,4, goodput DL    0.00 UL    0.00 Mbps

[0m[NR_MAC] Frame.Slot 256.0
UE RNTI 275b CU-UE-ID 1 in-sync PH 45 dB PCMAX 20 dBm, average SINR 40.0 (32 meas)
UE 275b: dlsch_rounds 1859/0/0/0, dlsch_errors 0, pucch0_DTX 0 (SNR 20.8+0.8) RSSI -125.7, BLER 0.00000 MCS (0) 0 (Qm 2) CCE fail 12
UE 275b: ulsch_rounds 11263/5/0/0, ulsch_errors 0, ulsch_DTX 5, BLER 0.00000 MCS (0) 0 (Qm 2 deltaMCS 0) NPRB 5 SNR 17.0 (+2.0) RSSI -41.4 CCE fail 203
UE 275b: LCID 1,2,4, goodput DL    0.00 UL    0.00 Mbps

[0m[NR_MAC] Frame.Slot 384.0
UE RNTI 275b CU-UE-ID 1 in-sync PH 45 dB PCMAX 20 dBm, average SINR 40.0 (32 meas)
UE 275b: dlsch_rounds 1861/0/0/0, dlsch_errors 0, pucch0_DTX 0 (SNR 20.8+0.8) RSSI -125.7, BLER 0.00000 MCS (0) 0 (Qm 2) CCE fail 12
UE 275b: ulsch_rounds 11278/5/0/0, ulsch_errors 0, ulsch_DTX 5, BLER 0.00000 MCS (0) 0 (Qm 2 deltaMCS 0) NPRB 5 SNR 17.5 (+2.5) RSSI -41.3 CCE fail 203
UE 275b: LCID 1,2,4, goodput DL    0.00 UL    0.00 Mbps

[0m[NR_MAC] Frame.Slot 512.0
UE RNTI 275b CU-UE-ID 1 in-sync PH 45 dB PCMAX 20 dBm, average SINR 40.0 (32 meas)
UE 275b: dlsch_rounds 1863/0/0/0, dlsch_errors 0, pucch0_DTX 0 (SNR 20.8+0.8) RSSI -125.7, BLER 0.00000 MCS (0) 0 (Qm 2) CCE fail 12
UE 275b: ulsch_rounds 11293/5/0/0, ulsch_errors 0, ulsch_DTX 5, BLER 0.00000 MCS (0) 0 (Qm 2 deltaMCS 0) NPRB 5 SNR 17.2 (+2.2) RSSI -41.4 CCE fail 203
UE 275b: LCID 1,2,4, goodput DL    0.00 UL    0.00 Mbps

[0m[NR_MAC] Frame.Slot 640.0
UE RNTI 275b CU-UE-ID 1 in-sync PH 45 dB PCMAX 20 dBm, average SINR 40.0 (32 meas)
UE 275b: dlsch_rounds 1867/0/0/0, dlsch_errors 0, pucch0_DTX 0 (SNR 20.8+0.8) RSSI -125.7, BLER 0.00000 MCS (0) 0 (Qm 2) CCE fail 12
UE 275b: ulsch_rounds 11308/5/0/0, ulsch_errors 0, ulsch_DTX 5, BLER 0.00000 MCS (0) 0 (Qm 2 deltaMCS 0) NPRB 5 SNR 16.3 (+1.3) RSSI -41.3 CCE fail 203
UE 275b: LCID 1,2,4, goodput DL    0.00 UL    0.00 Mbps

[0m[NR_MAC] Frame.Slot 768.0
UE RNTI 275b CU-UE-ID 1 in-sync PH 45 dB PCMAX 20 dBm, average SINR 40.0 (32 meas)
UE 275b: dlsch_rounds 1869/0/0/0, dlsch_errors 0, pucch0_DTX 0 (SNR 20.8+0.8) RSSI -125.7, BLER 0.00000 MCS (0) 0 (Qm 2) CCE fail 12
UE 275b: ulsch_rounds 11323/5/0/0, ulsch_errors 0, ulsch_DTX 5, BLER 0.00000 MCS (0) 0 (Qm 2 deltaMCS 0) NPRB 5 SNR 16.0 (+1.0) RSSI -41.4 CCE fail 203
UE 275b: LCID 1,2,4, goodput DL    0.00 UL    0.00 Mbps

[0m[NR_MAC] Frame.Slot 896.0
UE RNTI 275b CU-UE-ID 1 in-sync PH 45 dB PCMAX 20 dBm, average SINR 40.0 (32 meas)
UE 275b: dlsch_rounds 1871/0/0/0, dlsch_errors 0, pucch0_DTX 0 (SNR 20.8+0.8) RSSI -125.7, BLER 0.00000 MCS (0) 0 (Qm 2) CCE fail 12
UE 275b: ulsch_rounds 11337/5/0/0, ulsch_errors 0, ulsch_DTX 5, BLER 0.00000 MCS (0) 0 (Qm 2 deltaMCS 0) NPRB 5 SNR 16.7 (+1.7) RSSI -41.3 CCE fail 203
UE 275b: LCID 1,2,4, goodput DL    0.00 UL    0.00 Mbps

[0m[NR_MAC] Frame.Slot 0.0
UE RNTI 275b CU-UE-ID 1 in-sync PH 45 dB PCMAX 20 dBm, average SINR 40.0 (32 meas)
UE 275b: dlsch_rounds 1873/0/0/0, dlsch_errors 0, pucch0_DTX 0 (SNR 20.8+0.8) RSSI -125.7, BLER 0.00000 MCS (0) 0 (Qm 2) CCE fail 12
UE 275b: ulsch_rounds 11351/5/0/0, ulsch_errors 0, ulsch_DTX 5, BLER 0.00000 MCS (0) 0 (Qm 2 deltaMCS 0) NPRB 5 SNR 16.7 (+1.7) RSSI -41.3 CCE fail 203
UE 275b: LCID 1,2,4, goodput DL    0.00 UL    0.00 Mbps

[0m[NR_MAC] Frame.Slot 128.0
UE RNTI 275b CU-UE-ID 1 in-sync PH 45 dB PCMAX 20 dBm, average SINR 40.0 (32 meas)
UE 275b: dlsch_rounds 1877/0/0/0, dlsch_errors 0, pucch0_DTX 0 (SNR 20.8+0.8) RSSI -125.7, BLER 0.00000 MCS (0) 0 (Qm 2) CCE fail 12
UE 275b: ulsch_rounds 11368/5/0/0, ulsch_errors 0, ulsch_DTX 5, BLER 0.00000 MCS (0) 0 (Qm 2 deltaMCS 0) NPRB 5 SNR 16.5 (+1.5) RSSI -41.4 CCE fail 203
UE 275b: LCID 1,2,4, goodput DL    0.00 UL    0.00 Mbps

[0m[NR_MAC] Frame.Slot 256.0
UE RNTI 275b CU-UE-ID 1 in-sync PH 45 dB PCMAX 20 dBm, average SINR 40.0 (32 meas)
UE 275b: dlsch_rounds 1879/0/0/0, dlsch_errors 0, pucch0_DTX 0 (SNR 20.8+0.8) RSSI -125.7, BLER 0.00000 MCS (0) 0 (Qm 2) CCE fail 12
UE 275b: ulsch_rounds 11382/5/0/0, ulsch_errors 0, ulsch_DTX 5, BLER 0.00000 MCS (0) 0 (Qm 2 deltaMCS 0) NPRB 5 SNR 16.4 (+1.4) RSSI -41.3 CCE fail 203
UE 275b: LCID 1,2,4, goodput DL    0.00 UL    0.00 Mbps

[0m[NR_MAC] Frame.Slot 384.0
UE RNTI 275b CU-UE-ID 1 in-sync PH 45 dB PCMAX 20 dBm, average SINR 40.0 (32 meas)
UE 275b: dlsch_rounds 1881/0/0/0, dlsch_errors 0, pucch0_DTX 0 (SNR 20.8+0.8) RSSI -125.7, BLER 0.00000 MCS (0) 0 (Qm 2) CCE fail 12
UE 275b: ulsch_rounds 11396/5/0/0, ulsch_errors 0, ulsch_DTX 5, BLER 0.00000 MCS (0) 0 (Qm 2 deltaMCS 0) NPRB 5 SNR 17.0 (+2.0) RSSI -41.3 CCE fail 203
UE 275b: LCID 1,2,4, goodput DL    0.00 UL    0.00 Mbps

[0m[NR_MAC] Frame.Slot 512.0
UE RNTI 275b CU-UE-ID 1 in-sync PH 45 dB PCMAX 20 dBm, average SINR 40.0 (32 meas)
UE 275b: dlsch_rounds 1883/0/0/0, dlsch_errors 0, pucch0_DTX 0 (SNR 20.8+0.8) RSSI -125.7, BLER 0.00000 MCS (0) 0 (Qm 2) CCE fail 12
UE 275b: ulsch_rounds 11411/5/0/0, ulsch_errors 0, ulsch_DTX 5, BLER 0.00000 MCS (0) 0 (Qm 2 deltaMCS 0) NPRB 5 SNR 17.6 (+2.6) RSSI -41.4 CCE fail 203
UE 275b: LCID 1,2,4, goodput DL    0.00 UL    0.00 Mbps

[0m[NR_MAC] Frame.Slot 640.0
UE RNTI 275b CU-UE-ID 1 in-sync PH 45 dB PCMAX 20 dBm, average SINR 40.0 (32 meas)
UE 275b: dlsch_rounds 1887/0/0/0, dlsch_errors 0, pucch0_DTX 0 (SNR 20.8+0.8) RSSI -125.7, BLER 0.00000 MCS (0) 0 (Qm 2) CCE fail 12
UE 275b: ulsch_rounds 11428/5/0/0, ulsch_errors 0, ulsch_DTX 5, BLER 0.00000 MCS (0) 0 (Qm 2 deltaMCS 0) NPRB 5 SNR 16.3 (+1.3) RSSI -41.3 CCE fail 203
UE 275b: LCID 1,2,4, goodput DL    0.00 UL    0.00 Mbps

[0m[NR_MAC] Frame.Slot 768.0
UE RNTI 275b CU-UE-ID 1 in-sync PH 45 dB PCMAX 20 dBm, average SINR 40.0 (32 meas)
UE 275b: dlsch_rounds 1889/0/0/0, dlsch_errors 0, pucch0_DTX 0 (SNR 20.8+0.8) RSSI -125.7, BLER 0.00000 MCS (0) 0 (Qm 2) CCE fail 12
UE 275b: ulsch_rounds 11442/5/0/0, ulsch_errors 0, ulsch_DTX 5, BLER 0.00000 MCS (0) 0 (Qm 2 deltaMCS 0) NPRB 5 SNR 16.0 (+1.0) RSSI -41.4 CCE fail 203
UE 275b: LCID 1,2,4, goodput DL    0.00 UL    0.00 Mbps

[0m[NR_MAC] Frame.Slot 896.0
UE RNTI 275b CU-UE-ID 1 in-sync PH 45 dB PCMAX 20 dBm, average SINR 40.0 (32 meas)
UE 275b: dlsch_rounds 1891/0/0/0, dlsch_errors 0, pucch0_DTX 0 (SNR 20.8+0.8) RSSI -125.7, BLER 0.00000 MCS (0) 0 (Qm 2) CCE fail 12
UE 275b: ulsch_rounds 11455/5/0/0, ulsch_errors 0, ulsch_DTX 5, BLER 0.00000 MCS (0) 0 (Qm 2 deltaMCS 0) NPRB 5 SNR 17.0 (+2.0) RSSI -41.3 CCE fail 203
UE 275b: LCID 1,2,4, goodput DL    0.00 UL    0.00 Mbps

[0m[NR_MAC] Frame.Slot 0.0
UE RNTI 275b CU-UE-ID 1 in-sync PH 45 dB PCMAX 20 dBm, average SINR 40.0 (32 meas)
UE 275b: dlsch_rounds 1894/0/0/0, dlsch_errors 0, pucch0_DTX 0 (SNR 20.8+0.8) RSSI -125.7, BLER 0.00000 MCS (0) 0 (Qm 2) CCE fail 12
UE 275b: ulsch_rounds 11470/5/0/0, ulsch_errors 0, ulsch_DTX 5, BLER 0.00000 MCS (0) 0 (Qm 2 deltaMCS 0) NPRB 5 SNR 17.8 (+2.8) RSSI -41.4 CCE fail 203
UE 275b: LCID 1,2,4, goodput DL    0.00 UL    0.00 Mbps

[0m[NR_MAC] Frame.Slot 128.0
UE RNTI 275b CU-UE-ID 1 in-sync PH 45 dB PCMAX 20 dBm, average SINR 40.0 (32 meas)
UE 275b: dlsch_rounds 1897/0/0/0, dlsch_errors 0, pucch0_DTX 0 (SNR 20.8+0.8) RSSI -125.7, BLER 0.00000 MCS (0) 0 (Qm 2) CCE fail 12
UE 275b: ulsch_rounds 11486/5/0/0, ulsch_errors 0, ulsch_DTX 5, BLER 0.00000 MCS (0) 0 (Qm 2 deltaMCS 0) NPRB 5 SNR 16.4 (+1.4) RSSI -41.3 CCE fail 203
UE 275b: LCID 1,2,4, goodput DL    0.00 UL    0.00 Mbps

[0m[NR_MAC] Frame.Slot 256.0
UE RNTI 275b CU-UE-ID 1 in-sync PH 45 dB PCMAX 20 dBm, average SINR 40.0 (32 meas)
UE 275b: dlsch_rounds 1899/0/0/0, dlsch_errors 0, pucch0_DTX 0 (SNR 20.8+0.8) RSSI -125.7, BLER 0.00000 MCS (0) 0 (Qm 2) CCE fail 12
UE 275b: ulsch_rounds 11501/5/0/0, ulsch_errors 0, ulsch_DTX 5, BLER 0.00000 MCS (0) 0 (Qm 2 deltaMCS 0) NPRB 5 SNR 16.3 (+1.3) RSSI -41.3 CCE fail 203
UE 275b: LCID 1,2,4, goodput DL    0.00 UL    0.00 Mbps

[0m[NR_MAC] Frame.Slot 384.0
UE RNTI 275b CU-UE-ID 1 in-sync PH 45 dB PCMAX 20 dBm, average SINR 40.0 (32 meas)
UE 275b: dlsch_rounds 1901/0/0/0, dlsch_errors 0, pucch0_DTX 0 (SNR 20.8+0.8) RSSI -125.7, BLER 0.00000 MCS (0) 0 (Qm 2) CCE fail 12
UE 275b: ulsch_rounds 11516/5/0/0, ulsch_errors 0, ulsch_DTX 5, BLER 0.00000 MCS (0) 0 (Qm 2 deltaMCS 0) NPRB 5 SNR 17.7 (+2.7) RSSI -41.3 CCE fail 203
UE 275b: LCID 1,2,4, goodput DL    0.00 UL    0.00 Mbps

[0m[NR_MAC] Frame.Slot 512.0
UE RNTI 275b CU-UE-ID 1 in-sync PH 45 dB PCMAX 20 dBm, average SINR 40.0 (32 meas)
UE 275b: dlsch_rounds 1904/0/0/0, dlsch_errors 0, pucch0_DTX 0 (SNR 20.8+0.8) RSSI -125.7, BLER 0.00000 MCS (0) 0 (Qm 2) CCE fail 12
UE 275b: ulsch_rounds 11530/5/0/0, ulsch_errors 0, ulsch_DTX 5, BLER 0.00000 MCS (0) 0 (Qm 2 deltaMCS 0) NPRB 5 SNR 17.6 (+2.6) RSSI -41.3 CCE fail 203
UE 275b: LCID 1,2,4, goodput DL    0.00 UL    0.00 Mbps

[0m[NR_MAC] Frame.Slot 640.0
UE RNTI 275b CU-UE-ID 1 in-sync PH 45 dB PCMAX 20 dBm, average SINR 40.0 (32 meas)
UE 275b: dlsch_rounds 1906/0/0/0, dlsch_errors 0, pucch0_DTX 0 (SNR 20.8+0.8) RSSI -125.7, BLER 0.00000 MCS (0) 0 (Qm 2) CCE fail 12
UE 275b: ulsch_rounds 11546/5/0/0, ulsch_errors 0, ulsch_DTX 5, BLER 0.00000 MCS (0) 0 (Qm 2 deltaMCS 0) NPRB 5 SNR 16.5 (+1.5) RSSI -41.3 CCE fail 203
UE 275b: LCID 1,2,4, goodput DL    0.00 UL    0.00 Mbps

[0m[NR_MAC] Frame.Slot 768.0
UE RNTI 275b CU-UE-ID 1 in-sync PH 52 dB PCMAX 20 dBm, average SINR 40.0 (32 meas)
UE 275b: dlsch_rounds 1911/0/0/0, dlsch_errors 0, pucch0_DTX 0 (SNR 20.8+0.8) RSSI -125.7, BLER 0.00000 MCS (0) 0 (Qm 2) CCE fail 12
UE 275b: ulsch_rounds 11571/5/0/0, ulsch_errors 0, ulsch_DTX 5, BLER 0.00000 MCS (0) 0 (Qm 2 deltaMCS 0) NPRB 5 SNR 20.9 (+5.9) RSSI -40.8 CCE fail 203
UE 275b: LCID 1,2,4, goodput DL    0.00 UL    0.01 Mbps

[0m[NR_MAC] Frame.Slot 896.0
UE RNTI 275b CU-UE-ID 1 in-sync PH 45 dB PCMAX 20 dBm, average SINR 40.0 (32 meas)
UE 275b: dlsch_rounds 1914/0/0/0, dlsch_errors 0, pucch0_DTX 0 (SNR 20.8+0.8) RSSI -125.7, BLER 0.00000 MCS (0) 0 (Qm 2) CCE fail 12
UE 275b: ulsch_rounds 11597/5/0/0, ulsch_errors 0, ulsch_DTX 5, BLER 0.00000 MCS (0) 1 (Qm 2 deltaMCS 0) NPRB 5 SNR 16.0 (+1.0) RSSI -40.7 CCE fail 203
UE 275b: LCID 1,2,4, goodput DL    0.00 UL    0.01 Mbps

[0m[NR_MAC] Frame.Slot 0.0
UE RNTI 275b CU-UE-ID 1 in-sync PH 45 dB PCMAX 20 dBm, average SINR 40.0 (32 meas)
UE 275b: dlsch_rounds 1918/0/0/0, dlsch_errors 0, pucch0_DTX 0 (SNR 20.8+0.8) RSSI -125.7, BLER 0.00000 MCS (0) 0 (Qm 2) CCE fail 12
UE 275b: ulsch_rounds 11611/5/0/0, ulsch_errors 0, ulsch_DTX 5, BLER 0.00000 MCS (0) 0 (Qm 2 deltaMCS 0) NPRB 5 SNR 21.9 (+6.9) RSSI -40.7 CCE fail 204
UE 275b: LCID 1,2,4, goodput DL    0.00 UL    0.00 Mbps

[0m[NR_MAC] Frame.Slot 128.0
UE RNTI 275b CU-UE-ID 1 in-sync PH 45 dB PCMAX 20 dBm, average SINR 40.0 (32 meas)
UE 275b: dlsch_rounds 1923/0/0/0, dlsch_errors 0, pucch0_DTX 0 (SNR 20.8+0.8) RSSI -125.7, BLER 0.00000 MCS (0) 0 (Qm 2) CCE fail 12
UE 275b: ulsch_rounds 11633/5/0/0, ulsch_errors 0, ulsch_DTX 5, BLER 0.00000 MCS (0) 0 (Qm 2 deltaMCS 0) NPRB 5 SNR 18.7 (+3.7) RSSI -40.4 CCE fail 204
UE 275b: LCID 1,2,4, goodput DL    0.00 UL    0.00 Mbps

[0m[NR_MAC] Frame.Slot 256.0
UE RNTI 275b CU-UE-ID 1 in-sync PH 52 dB PCMAX 20 dBm, average SINR 40.0 (32 meas)
UE 275b: dlsch_rounds 1928/0/0/0, dlsch_errors 0, pucch0_DTX 0 (SNR 20.8+0.8) RSSI -125.7, BLER 0.00000 MCS (0) 0 (Qm 2) CCE fail 12
UE 275b: ulsch_rounds 11656/5/0/0, ulsch_errors 0, ulsch_DTX 5, BLER 0.00000 MCS (0) 0 (Qm 2 deltaMCS 0) NPRB 5 SNR 20.2 (+5.2) RSSI -40.4 CCE fail 209
UE 275b: LCID 1,2,4, goodput DL    0.00 UL    0.01 Mbps

[0m[NR_MAC] Frame.Slot 384.0
UE RNTI 275b CU-UE-ID 1 in-sync PH 45 dB PCMAX 20 dBm, average SINR 40.0 (32 meas)
UE 275b: dlsch_rounds 1931/0/0/0, dlsch_errors 0, pucch0_DTX 0 (SNR 20.8+0.8) RSSI -125.7, BLER 0.00000 MCS (0) 0 (Qm 2) CCE fail 12
UE 275b: ulsch_rounds 11681/5/0/0, ulsch_errors 0, ulsch_DTX 5, BLER 0.00000 MCS (0) 1 (Qm 2 deltaMCS 0) NPRB 5 SNR 16.6 (+1.6) RSSI -40.2 CCE fail 209
UE 275b: LCID 1,2,4, goodput DL    0.00 UL    0.01 Mbps

[0m[NR_MAC] Frame.Slot 512.0
UE RNTI 275b CU-UE-ID 1 in-sync PH 45 dB PCMAX 20 dBm, average SINR 40.0 (32 meas)
UE 275b: dlsch_rounds 1935/0/0/0, dlsch_errors 0, pucch0_DTX 0 (SNR 20.8+0.8) RSSI -125.7, BLER 0.00000 MCS (0) 0 (Qm 2) CCE fail 12
UE 275b: ulsch_rounds 11695/5/0/0, ulsch_errors 0, ulsch_DTX 5, BLER 0.00000 MCS (0) 0 (Qm 2 deltaMCS 0) NPRB 5 SNR 21.9 (+6.9) RSSI -40.5 CCE fail 209
UE 275b: LCID 1,2,4, goodput DL    0.00 UL    0.00 Mbps

[0m[NR_MAC] Frame.Slot 640.0
UE RNTI 275b CU-UE-ID 1 in-sync PH 45 dB PCMAX 20 dBm, average SINR 40.0 (32 meas)
UE 275b: dlsch_rounds 1937/0/0/0, dlsch_errors 0, pucch0_DTX 0 (SNR 20.8+0.8) RSSI -125.7, BLER 0.00000 MCS (0) 0 (Qm 2) CCE fail 12
UE 275b: ulsch_rounds 11712/5/0/0, ulsch_errors 0, ulsch_DTX 5, BLER 0.00000 MCS (0) 0 (Qm 2 deltaMCS 0) NPRB 5 SNR 16.7 (+1.7) RSSI -40.7 CCE fail 209
UE 275b: LCID 1,2,4, goodput DL    0.00 UL    0.00 Mbps

[0m[NR_MAC] Frame.Slot 768.0
UE RNTI 275b CU-UE-ID 1 in-sync PH 45 dB PCMAX 20 dBm, average SINR 40.0 (32 meas)
UE 275b: dlsch_rounds 1941/0/0/0, dlsch_errors 0, pucch0_DTX 0 (SNR 20.8+0.8) RSSI -125.7, BLER 0.00000 MCS (0) 0 (Qm 2) CCE fail 12
UE 275b: ulsch_rounds 11726/5/0/0, ulsch_errors 0, ulsch_DTX 5, BLER 0.00000 MCS (0) 0 (Qm 2 deltaMCS 0) NPRB 5 SNR 16.5 (+1.5) RSSI -40.9 CCE fail 209
UE 275b: LCID 1,2,4, goodput DL    0.00 UL    0.00 Mbps

[0m[NR_MAC] Frame.Slot 896.0
UE RNTI 275b CU-UE-ID 1 in-sync PH 45 dB PCMAX 20 dBm, average SINR 40.0 (32 meas)
UE 275b: dlsch_rounds 1943/0/0/0, dlsch_errors 0, pucch0_DTX 0 (SNR 20.8+0.8) RSSI -125.7, BLER 0.00000 MCS (0) 0 (Qm 2) CCE fail 12
UE 275b: ulsch_rounds 11740/5/0/0, ulsch_errors 0, ulsch_DTX 5, BLER 0.00000 MCS (0) 0 (Qm 2 deltaMCS 0) NPRB 5 SNR 17.5 (+2.5) RSSI -41.0 CCE fail 209
UE 275b: LCID 1,2,4, goodput DL    0.00 UL    0.00 Mbps

[0m[NR_MAC] Frame.Slot 0.0
UE RNTI 275b CU-UE-ID 1 in-sync PH 45 dB PCMAX 20 dBm, average SINR 40.0 (32 meas)
UE 275b: dlsch_rounds 1945/0/0/0, dlsch_errors 0, pucch0_DTX 0 (SNR 20.8+0.8) RSSI -125.7, BLER 0.00000 MCS (0) 0 (Qm 2) CCE fail 12
UE 275b: ulsch_rounds 11755/5/0/0, ulsch_errors 0, ulsch_DTX 5, BLER 0.00000 MCS (0) 0 (Qm 2 deltaMCS 0) NPRB 5 SNR 17.9 (+2.9) RSSI -41.1 CCE fail 209
UE 275b: LCID 1,2,4, goodput DL    0.00 UL    0.00 Mbps

[0m[NR_MAC] Frame.Slot 128.0
UE RNTI 275b CU-UE-ID 1 in-sync PH 45 dB PCMAX 20 dBm, average SINR 40.0 (32 meas)
UE 275b: dlsch_rounds 1947/0/0/0, dlsch_errors 0, pucch0_DTX 0 (SNR 20.8+0.8) RSSI -125.7, BLER 0.00000 MCS (0) 0 (Qm 2) CCE fail 12
UE 275b: ulsch_rounds 11770/5/0/0, ulsch_errors 0, ulsch_DTX 5, BLER 0.00000 MCS (0) 0 (Qm 2 deltaMCS 0) NPRB 5 SNR 17.5 (+2.5) RSSI -41.2 CCE fail 210
UE 275b: LCID 1,2,4, goodput DL    0.00 UL    0.00 Mbps

[0m[NR_MAC] Frame.Slot 256.0
UE RNTI 275b CU-UE-ID 1 in-sync PH 45 dB PCMAX 20 dBm, average SINR 40.0 (32 meas)
UE 275b: dlsch_rounds 1951/0/0/0, dlsch_errors 0, pucch0_DTX 0 (SNR 20.8+0.8) RSSI -125.7, BLER 0.00000 MCS (0) 0 (Qm 2) CCE fail 12
UE 275b: ulsch_rounds 11786/5/0/0, ulsch_errors 0, ulsch_DTX 5, BLER 0.00000 MCS (0) 0 (Qm 2 deltaMCS 0) NPRB 5 SNR 16.5 (+1.5) RSSI -41.2 CCE fail 210
UE 275b: LCID 1,2,4, goodput DL    0.00 UL    0.00 Mbps

[0m[NR_MAC] Frame.Slot 384.0
UE RNTI 275b CU-UE-ID 1 in-sync PH 45 dB PCMAX 20 dBm, average SINR 40.0 (32 meas)
UE 275b: dlsch_rounds 1953/0/0/0, dlsch_errors 0, pucch0_DTX 0 (SNR 20.8+0.8) RSSI -125.7, BLER 0.00000 MCS (0) 0 (Qm 2) CCE fail 12
UE 275b: ulsch_rounds 11801/5/0/0, ulsch_errors 0, ulsch_DTX 5, BLER 0.00000 MCS (0) 0 (Qm 2 deltaMCS 0) NPRB 5 SNR 17.9 (+2.9) RSSI -41.2 CCE fail 210
UE 275b: LCID 1,2,4, goodput DL    0.00 UL    0.00 Mbps

[0m[NR_MAC] Frame.Slot 512.0
UE RNTI 275b CU-UE-ID 1 in-sync PH 45 dB PCMAX 20 dBm, average SINR 40.0 (32 meas)
UE 275b: dlsch_rounds 1955/0/0/0, dlsch_errors 0, pucch0_DTX 0 (SNR 20.8+0.8) RSSI -125.7, BLER 0.00000 MCS (0) 0 (Qm 2) CCE fail 12
UE 275b: ulsch_rounds 11814/5/0/0, ulsch_errors 0, ulsch_DTX 5, BLER 0.00000 MCS (0) 0 (Qm 2 deltaMCS 0) NPRB 5 SNR 16.9 (+1.9) RSSI -41.2 CCE fail 210
UE 275b: LCID 1,2,4, goodput DL    0.00 UL    0.00 Mbps

[0m[NR_MAC] Frame.Slot 640.0
UE RNTI 275b CU-UE-ID 1 in-sync PH 45 dB PCMAX 20 dBm, average SINR 40.0 (32 meas)
UE 275b: dlsch_rounds 1957/0/0/0, dlsch_errors 0, pucch0_DTX 0 (SNR 20.8+0.8) RSSI -125.7, BLER 0.00000 MCS (0) 0 (Qm 2) CCE fail 12
UE 275b: ulsch_rounds 11829/5/0/0, ulsch_errors 0, ulsch_DTX 5, BLER 0.00000 MCS (0) 0 (Qm 2 deltaMCS 0) NPRB 5 SNR 16.9 (+1.9) RSSI -41.4 CCE fail 211
UE 275b: LCID 1,2,4, goodput DL    0.00 UL    0.00 Mbps

[0m[NR_MAC] Frame.Slot 768.0
UE RNTI 275b CU-UE-ID 1 in-sync PH 45 dB PCMAX 20 dBm, average SINR 40.0 (32 meas)
UE 275b: dlsch_rounds 1961/0/0/0, dlsch_errors 0, pucch0_DTX 0 (SNR 20.8+0.8) RSSI -125.7, BLER 0.00000 MCS (0) 0 (Qm 2) CCE fail 12
UE 275b: ulsch_rounds 11845/5/0/0, ulsch_errors 0, ulsch_DTX 5, BLER 0.00000 MCS (0) 0 (Qm 2 deltaMCS 0) NPRB 5 SNR 16.7 (+1.7) RSSI -41.4 CCE fail 211
UE 275b: LCID 1,2,4, goodput DL    0.00 UL    0.00 Mbps

[0m[NR_MAC] Frame.Slot 896.0
UE RNTI 275b CU-UE-ID 1 in-sync PH 45 dB PCMAX 20 dBm, average SINR 40.0 (32 meas)
UE 275b: dlsch_rounds 1963/0/0/0, dlsch_errors 0, pucch0_DTX 0 (SNR 20.8+0.8) RSSI -125.7, BLER 0.00000 MCS (0) 0 (Qm 2) CCE fail 12
UE 275b: ulsch_rounds 11860/5/0/0, ulsch_errors 0, ulsch_DTX 5, BLER 0.00000 MCS (0) 0 (Qm 2 deltaMCS 0) NPRB 5 SNR 17.3 (+2.3) RSSI -41.5 CCE fail 212
UE 275b: LCID 1,2,4, goodput DL    0.00 UL    0.00 Mbps

[0m[NR_MAC] Frame.Slot 0.0
UE RNTI 275b CU-UE-ID 1 in-sync PH 45 dB PCMAX 20 dBm, average SINR 40.0 (32 meas)
UE 275b: dlsch_rounds 1965/0/0/0, dlsch_errors 0, pucch0_DTX 0 (SNR 20.8+0.8) RSSI -125.7, BLER 0.00000 MCS (0) 0 (Qm 2) CCE fail 12
UE 275b: ulsch_rounds 11874/5/0/0, ulsch_errors 0, ulsch_DTX 5, BLER 0.00000 MCS (0) 0 (Qm 2 deltaMCS 0) NPRB 5 SNR 16.9 (+1.9) RSSI -41.4 CCE fail 212
UE 275b: LCID 1,2,4, goodput DL    0.00 UL    0.00 Mbps

[0m[NR_MAC] Frame.Slot 128.0
UE RNTI 275b CU-UE-ID 1 in-sync PH 45 dB PCMAX 20 dBm, average SINR 40.0 (32 meas)
UE 275b: dlsch_rounds 1968/0/0/0, dlsch_errors 0, pucch0_DTX 0 (SNR 20.8+0.8) RSSI -125.7, BLER 0.00000 MCS (0) 0 (Qm 2) CCE fail 12
UE 275b: ulsch_rounds 11888/5/0/0, ulsch_errors 0, ulsch_DTX 5, BLER 0.00000 MCS (0) 0 (Qm 2 deltaMCS 0) NPRB 5 SNR 17.7 (+2.7) RSSI -41.5 CCE fail 212
UE 275b: LCID 1,2,4, goodput DL    0.00 UL    0.00 Mbps

[0m[NR_MAC] Frame.Slot 256.0
UE RNTI 275b CU-UE-ID 1 in-sync PH 45 dB PCMAX 20 dBm, average SINR 40.0 (32 meas)
UE 275b: dlsch_rounds 1971/0/0/0, dlsch_errors 0, pucch0_DTX 0 (SNR 20.8+0.8) RSSI -125.7, BLER 0.00000 MCS (0) 0 (Qm 2) CCE fail 12
UE 275b: ulsch_rounds 11905/5/0/0, ulsch_errors 0, ulsch_DTX 5, BLER 0.00000 MCS (0) 0 (Qm 2 deltaMCS 0) NPRB 5 SNR 16.4 (+1.4) RSSI -41.3 CCE fail 212
UE 275b: LCID 1,2,4, goodput DL    0.00 UL    0.00 Mbps

[0m[NR_MAC] Frame.Slot 384.0
UE RNTI 275b CU-UE-ID 1 in-sync PH 45 dB PCMAX 20 dBm, average SINR 40.0 (32 meas)
UE 275b: dlsch_rounds 1973/0/0/0, dlsch_errors 0, pucch0_DTX 0 (SNR 20.8+0.8) RSSI -125.7, BLER 0.00000 MCS (0) 0 (Qm 2) CCE fail 12
UE 275b: ulsch_rounds 11919/5/0/0, ulsch_errors 0, ulsch_DTX 5, BLER 0.00000 MCS (0) 0 (Qm 2 deltaMCS 0) NPRB 5 SNR 16.2 (+1.2) RSSI -41.3 CCE fail 212
UE 275b: LCID 1,2,4, goodput DL    0.00 UL    0.00 Mbps

[0m[NR_MAC] Frame.Slot 512.0
UE RNTI 275b CU-UE-ID 1 in-sync PH 45 dB PCMAX 20 dBm, average SINR 40.0 (32 meas)
UE 275b: dlsch_rounds 1975/0/0/0, dlsch_errors 0, pucch0_DTX 0 (SNR 20.8+0.8) RSSI -125.7, BLER 0.00000 MCS (0) 0 (Qm 2) CCE fail 12
UE 275b: ulsch_rounds 11933/5/0/0, ulsch_errors 0, ulsch_DTX 5, BLER 0.00000 MCS (0) 0 (Qm 2 deltaMCS 0) NPRB 5 SNR 17.1 (+2.1) RSSI -41.4 CCE fail 212
UE 275b: LCID 1,2,4, goodput DL    0.00 UL    0.00 Mbps

[0m[NR_MAC] Frame.Slot 640.0
UE RNTI 275b CU-UE-ID 1 in-sync PH 45 dB PCMAX 20 dBm, average SINR 40.0 (32 meas)
UE 275b: dlsch_rounds 1978/0/0/0, dlsch_errors 0, pucch0_DTX 0 (SNR 20.8+0.8) RSSI -125.7, BLER 0.00000 MCS (0) 0 (Qm 2) CCE fail 12
UE 275b: ulsch_rounds 11948/5/0/0, ulsch_errors 0, ulsch_DTX 5, BLER 0.00000 MCS (0) 0 (Qm 2 deltaMCS 0) NPRB 5 SNR 17.7 (+2.7) RSSI -41.4 CCE fail 212
UE 275b: LCID 1,2,4, goodput DL    0.00 UL    0.00 Mbps

[0m[NR_MAC] Frame.Slot 768.0
UE RNTI 275b CU-UE-ID 1 in-sync PH 45 dB PCMAX 20 dBm, average SINR 40.0 (32 meas)
UE 275b: dlsch_rounds 1981/0/0/0, dlsch_errors 0, pucch0_DTX 0 (SNR 20.8+0.8) RSSI -125.7, BLER 0.00000 MCS (0) 0 (Qm 2) CCE fail 12
UE 275b: ulsch_rounds 11963/5/0/0, ulsch_errors 0, ulsch_DTX 5, BLER 0.00000 MCS (0) 0 (Qm 2 deltaMCS 0) NPRB 5 SNR 16.7 (+1.7) RSSI -41.2 CCE fail 212
UE 275b: LCID 1,2,4, goodput DL    0.00 UL    0.00 Mbps

[0m[NR_MAC] Frame.Slot 896.0
UE RNTI 275b CU-UE-ID 1 in-sync PH 45 dB PCMAX 20 dBm, average SINR 40.0 (32 meas)
UE 275b: dlsch_rounds 1983/0/0/0, dlsch_errors 0, pucch0_DTX 0 (SNR 20.8+0.8) RSSI -125.7, BLER 0.00000 MCS (0) 0 (Qm 2) CCE fail 12
UE 275b: ulsch_rounds 11978/5/0/0, ulsch_errors 0, ulsch_DTX 5, BLER 0.00000 MCS (0) 0 (Qm 2 deltaMCS 0) NPRB 5 SNR 16.7 (+1.7) RSSI -41.3 CCE fail 212
UE 275b: LCID 1,2,4, goodput DL    0.00 UL    0.00 Mbps

[0m[NR_MAC] Frame.Slot 0.0
UE RNTI 275b CU-UE-ID 1 in-sync PH 45 dB PCMAX 20 dBm, average SINR 40.0 (32 meas)
UE 275b: dlsch_rounds 1986/0/0/0, dlsch_errors 0, pucch0_DTX 0 (SNR 20.8+0.8) RSSI -125.7, BLER 0.00000 MCS (0) 0 (Qm 2) CCE fail 12
UE 275b: ulsch_rounds 11993/5/0/0, ulsch_errors 0, ulsch_DTX 5, BLER 0.00000 MCS (0) 0 (Qm 2 deltaMCS 0) NPRB 5 SNR 18.1 (+3.1) RSSI -41.3 CCE fail 212
UE 275b: LCID 1,2,4, goodput DL    0.00 UL    0.00 Mbps

[0m[NR_MAC] Frame.Slot 128.0
UE RNTI 275b CU-UE-ID 1 in-sync PH 45 dB PCMAX 20 dBm, average SINR 40.0 (32 meas)
UE 275b: dlsch_rounds 1988/0/0/0, dlsch_errors 0, pucch0_DTX 0 (SNR 20.8+0.8) RSSI -125.7, BLER 0.00000 MCS (0) 0 (Qm 2) CCE fail 12
UE 275b: ulsch_rounds 12008/5/0/0, ulsch_errors 0, ulsch_DTX 5, BLER 0.00000 MCS (0) 0 (Qm 2 deltaMCS 0) NPRB 5 SNR 17.7 (+2.7) RSSI -41.4 CCE fail 212
UE 275b: LCID 1,2,4, goodput DL    0.00 UL    0.00 Mbps

[0m[NR_MAC] Frame.Slot 256.0
UE RNTI 275b CU-UE-ID 1 in-sync PH 45 dB PCMAX 20 dBm, average SINR 40.0 (32 meas)
UE 275b: dlsch_rounds 1991/0/0/0, dlsch_errors 0, pucch0_DTX 0 (SNR 20.8+0.8) RSSI -125.7, BLER 0.00000 MCS (0) 0 (Qm 2) CCE fail 12
UE 275b: ulsch_rounds 12024/5/0/0, ulsch_errors 0, ulsch_DTX 5, BLER 0.00000 MCS (0) 0 (Qm 2 deltaMCS 0) NPRB 5 SNR 16.6 (+1.6) RSSI -41.3 CCE fail 212
UE 275b: LCID 1,2,4, goodput DL    0.00 UL    0.00 Mbps

[0m[NR_MAC] Frame.Slot 384.0
UE RNTI 275b CU-UE-ID 1 in-sync PH 45 dB PCMAX 20 dBm, average SINR 40.0 (32 meas)
UE 275b: dlsch_rounds 1993/0/0/0, dlsch_errors 0, pucch0_DTX 0 (SNR 20.8+0.8) RSSI -125.7, BLER 0.00000 MCS (0) 0 (Qm 2) CCE fail 12
UE 275b: ulsch_rounds 12038/5/0/0, ulsch_errors 0, ulsch_DTX 5, BLER 0.00000 MCS (0) 0 (Qm 2 deltaMCS 0) NPRB 5 SNR 16.5 (+1.5) RSSI -41.3 CCE fail 212
UE 275b: LCID 1,2,4, goodput DL    0.00 UL    0.00 Mbps

[0m[NR_MAC] Frame.Slot 512.0
UE RNTI 275b CU-UE-ID 1 in-sync PH 45 dB PCMAX 20 dBm, average SINR 40.0 (32 meas)
UE 275b: dlsch_rounds 1996/0/0/0, dlsch_errors 0, pucch0_DTX 0 (SNR 20.8+0.8) RSSI -125.7, BLER 0.00000 MCS (0) 0 (Qm 2) CCE fail 12
UE 275b: ulsch_rounds 12052/5/0/0, ulsch_errors 0, ulsch_DTX 5, BLER 0.00000 MCS (0) 0 (Qm 2 deltaMCS 0) NPRB 5 SNR 17.1 (+2.1) RSSI -41.3 CCE fail 212
UE 275b: LCID 1,2,4, goodput DL    0.00 UL    0.00 Mbps

[0m[NR_MAC] Frame.Slot 640.0
UE RNTI 275b CU-UE-ID 1 in-sync PH 45 dB PCMAX 20 dBm, average SINR 40.0 (32 meas)
UE 275b: dlsch_rounds 1998/0/0/0, dlsch_errors 0, pucch0_DTX 0 (SNR 20.8+0.8) RSSI -125.7, BLER 0.00000 MCS (0) 0 (Qm 2) CCE fail 12
UE 275b: ulsch_rounds 12066/5/0/0, ulsch_errors 0, ulsch_DTX 5, BLER 0.00000 MCS (0) 0 (Qm 2 deltaMCS 0) NPRB 5 SNR 17.0 (+2.0) RSSI -41.3 CCE fail 213
UE 275b: LCID 1,2,4, goodput DL    0.00 UL    0.00 Mbps

[0m[NR_MAC] Frame.Slot 768.0
UE RNTI 275b CU-UE-ID 1 in-sync PH 45 dB PCMAX 20 dBm, average SINR 40.0 (32 meas)
UE 275b: dlsch_rounds 2001/0/0/0, dlsch_errors 0, pucch0_DTX 0 (SNR 20.8+0.8) RSSI -125.7, BLER 0.00000 MCS (0) 0 (Qm 2) CCE fail 12
UE 275b: ulsch_rounds 12083/5/0/0, ulsch_errors 0, ulsch_DTX 5, BLER 0.00000 MCS (0) 0 (Qm 2 deltaMCS 0) NPRB 5 SNR 16.8 (+1.8) RSSI -41.2 CCE fail 213
UE 275b: LCID 1,2,4, goodput DL    0.00 UL    0.00 Mbps

[0m[NR_MAC] Frame.Slot 896.0
UE RNTI 275b CU-UE-ID 1 in-sync PH 45 dB PCMAX 20 dBm, average SINR 40.0 (32 meas)
UE 275b: dlsch_rounds 2004/0/0/0, dlsch_errors 0, pucch0_DTX 0 (SNR 20.8+0.8) RSSI -125.7, BLER 0.00000 MCS (0) 0 (Qm 2) CCE fail 12
UE 275b: ulsch_rounds 12098/5/0/0, ulsch_errors 0, ulsch_DTX 5, BLER 0.00000 MCS (0) 0 (Qm 2 deltaMCS 0) NPRB 5 SNR 16.5 (+1.5) RSSI -41.3 CCE fail 213
UE 275b: LCID 1,2,4, goodput DL    0.00 UL    0.00 Mbps

[0m[NR_MAC] Frame.Slot 0.0
UE RNTI 275b CU-UE-ID 1 in-sync PH 45 dB PCMAX 20 dBm, average SINR 40.0 (32 meas)
UE 275b: dlsch_rounds 2006/0/0/0, dlsch_errors 0, pucch0_DTX 0 (SNR 20.8+0.8) RSSI -125.7, BLER 0.00000 MCS (0) 0 (Qm 2) CCE fail 12
UE 275b: ulsch_rounds 12111/5/0/0, ulsch_errors 0, ulsch_DTX 5, BLER 0.00000 MCS (0) 0 (Qm 2 deltaMCS 0) NPRB 5 SNR 17.2 (+2.2) RSSI -41.3 CCE fail 213
UE 275b: LCID 1,2,4, goodput DL    0.00 UL    0.00 Mbps

[0m[NR_MAC] Frame.Slot 128.0
UE RNTI 275b CU-UE-ID 1 in-sync PH 45 dB PCMAX 20 dBm, average SINR 40.0 (32 meas)
UE 275b: dlsch_rounds 2008/0/0/0, dlsch_errors 0, pucch0_DTX 0 (SNR 20.8+0.8) RSSI -125.7, BLER 0.00000 MCS (0) 0 (Qm 2) CCE fail 12
UE 275b: ulsch_rounds 12126/5/0/0, ulsch_errors 0, ulsch_DTX 5, BLER 0.00000 MCS (0) 0 (Qm 2 deltaMCS 0) NPRB 5 SNR 17.9 (+2.9) RSSI -41.4 CCE fail 213
UE 275b: LCID 1,2,4, goodput DL    0.00 UL    0.00 Mbps

[0m[NR_MAC] Frame.Slot 256.0
UE RNTI 275b CU-UE-ID 1 in-sync PH 45 dB PCMAX 20 dBm, average SINR 40.0 (32 meas)
UE 275b: dlsch_rounds 2010/0/0/0, dlsch_errors 0, pucch0_DTX 0 (SNR 20.8+0.8) RSSI -125.7, BLER 0.00000 MCS (0) 0 (Qm 2) CCE fail 12
UE 275b: ulsch_rounds 12143/5/0/0, ulsch_errors 0, ulsch_DTX 5, BLER 0.00000 MCS (0) 0 (Qm 2 deltaMCS 0) NPRB 5 SNR 16.5 (+1.5) RSSI -41.3 CCE fail 213
UE 275b: LCID 1,2,4, goodput DL    0.00 UL    0.00 Mbps

[0m[NR_MAC] Frame.Slot 384.0
UE RNTI 275b CU-UE-ID 1 in-sync PH 45 dB PCMAX 20 dBm, average SINR 40.0 (32 meas)
UE 275b: dlsch_rounds 2014/0/0/0, dlsch_errors 0, pucch0_DTX 0 (SNR 20.8+0.8) RSSI -125.7, BLER 0.00000 MCS (0) 0 (Qm 2) CCE fail 12
UE 275b: ulsch_rounds 12157/5/0/0, ulsch_errors 0, ulsch_DTX 5, BLER 0.00000 MCS (0) 0 (Qm 2 deltaMCS 0) NPRB 5 SNR 16.4 (+1.4) RSSI -41.4 CCE fail 213
UE 275b: LCID 1,2,4, goodput DL    0.00 UL    0.00 Mbps

[0m[NR_MAC] Frame.Slot 512.0
UE RNTI 275b CU-UE-ID 1 in-sync PH 45 dB PCMAX 20 dBm, average SINR 40.0 (32 meas)
UE 275b: dlsch_rounds 2016/0/0/0, dlsch_errors 0, pucch0_DTX 0 (SNR 20.8+0.8) RSSI -125.7, BLER 0.00000 MCS (0) 0 (Qm 2) CCE fail 12
UE 275b: ulsch_rounds 12171/5/0/0, ulsch_errors 0, ulsch_DTX 5, BLER 0.00000 MCS (0) 0 (Qm 2 deltaMCS 0) NPRB 5 SNR 17.2 (+2.2) RSSI -41.3 CCE fail 213
UE 275b: LCID 1,2,4, goodput DL    0.00 UL    0.00 Mbps

[0m[NR_MAC] Frame.Slot 640.0
UE RNTI 275b CU-UE-ID 1 in-sync PH 45 dB PCMAX 20 dBm, average SINR 40.0 (32 meas)
UE 275b: dlsch_rounds 2018/0/0/0, dlsch_errors 0, pucch0_DTX 0 (SNR 20.8+0.8) RSSI -125.7, BLER 0.00000 MCS (0) 0 (Qm 2) CCE fail 12
UE 275b: ulsch_rounds 12185/5/0/0, ulsch_errors 0, ulsch_DTX 5, BLER 0.00000 MCS (0) 0 (Qm 2 deltaMCS 0) NPRB 5 SNR 18.1 (+3.1) RSSI -41.4 CCE fail 213
UE 275b: LCID 1,2,4, goodput DL    0.00 UL    0.00 Mbps

[0m[NR_MAC] Frame.Slot 768.0
UE RNTI 275b CU-UE-ID 1 in-sync PH 45 dB PCMAX 20 dBm, average SINR 40.0 (32 meas)
UE 275b: dlsch_rounds 2020/0/0/0, dlsch_errors 0, pucch0_DTX 0 (SNR 20.8+0.8) RSSI -125.7, BLER 0.00000 MCS (0) 0 (Qm 2) CCE fail 12
UE 275b: ulsch_rounds 12201/5/0/0, ulsch_errors 0, ulsch_DTX 5, BLER 0.00000 MCS (0) 0 (Qm 2 deltaMCS 0) NPRB 5 SNR 16.8 (+1.8) RSSI -41.4 CCE fail 213
UE 275b: LCID 1,2,4, goodput DL    0.00 UL    0.00 Mbps

[0m[NR_MAC] Frame.Slot 896.0
UE RNTI 275b CU-UE-ID 1 in-sync PH 45 dB PCMAX 20 dBm, average SINR 40.0 (32 meas)
UE 275b: dlsch_rounds 2024/0/0/0, dlsch_errors 0, pucch0_DTX 0 (SNR 20.8+0.8) RSSI -125.7, BLER 0.00000 MCS (0) 0 (Qm 2) CCE fail 12
UE 275b: ulsch_rounds 12216/5/0/0, ulsch_errors 0, ulsch_DTX 5, BLER 0.00000 MCS (0) 0 (Qm 2 deltaMCS 0) NPRB 5 SNR 16.9 (+1.9) RSSI -41.4 CCE fail 215
UE 275b: LCID 1,2,4, goodput DL    0.00 UL    0.00 Mbps

[0m[NR_MAC] Frame.Slot 0.0
UE RNTI 275b CU-UE-ID 1 in-sync PH 45 dB PCMAX 20 dBm, average SINR 40.0 (32 meas)
UE 275b: dlsch_rounds 2026/0/0/0, dlsch_errors 0, pucch0_DTX 0 (SNR 20.8+0.8) RSSI -125.7, BLER 0.00000 MCS (0) 0 (Qm 2) CCE fail 12
UE 275b: ulsch_rounds 12231/5/0/0, ulsch_errors 0, ulsch_DTX 5, BLER 0.00000 MCS (0) 0 (Qm 2 deltaMCS 0) NPRB 5 SNR 18.3 (+3.3) RSSI -41.3 CCE fail 216
UE 275b: LCID 1,2,4, goodput DL    0.00 UL    0.00 Mbps

[0m[NR_MAC] Frame.Slot 128.0
UE RNTI 275b CU-UE-ID 1 in-sync PH 45 dB PCMAX 20 dBm, average SINR 40.0 (32 meas)
UE 275b: dlsch_rounds 2028/0/0/0, dlsch_errors 0, pucch0_DTX 0 (SNR 20.8+0.8) RSSI -125.7, BLER 0.00000 MCS (0) 0 (Qm 2) CCE fail 12
UE 275b: ulsch_rounds 12246/5/0/0, ulsch_errors 0, ulsch_DTX 5, BLER 0.00000 MCS (0) 0 (Qm 2 deltaMCS 0) NPRB 5 SNR 17.8 (+2.8) RSSI -41.4 CCE fail 216
UE 275b: LCID 1,2,4, goodput DL    0.00 UL    0.00 Mbps

[0m[NR_MAC] Frame.Slot 256.0
UE RNTI 275b CU-UE-ID 1 in-sync PH 45 dB PCMAX 20 dBm, average SINR 40.0 (32 meas)
UE 275b: dlsch_rounds 2031/0/0/0, dlsch_errors 0, pucch0_DTX 0 (SNR 20.8+0.8) RSSI -125.7, BLER 0.00000 MCS (0) 0 (Qm 2) CCE fail 12
UE 275b: ulsch_rounds 12260/6/0/0, ulsch_errors 0, ulsch_DTX 6, BLER 0.03874 MCS (0) 0 (Qm 2 deltaMCS 0) NPRB 5 SNR 35.3 (+20.3) RSSI -41.3 CCE fail 216
UE 275b: LCID 1,2,4, goodput DL    0.00 UL    0.00 Mbps

[0m[NR_MAC] Frame.Slot 384.0
UE RNTI 275b CU-UE-ID 1 in-sync PH 45 dB PCMAX 20 dBm, average SINR 40.0 (32 meas)
UE 275b: dlsch_rounds 2034/0/0/0, dlsch_errors 0, pucch0_DTX 0 (SNR 20.8+0.8) RSSI -125.7, BLER 0.00000 MCS (0) 0 (Qm 2) CCE fail 12
UE 275b: ulsch_rounds 12276/6/0/0, ulsch_errors 0, ulsch_DTX 6, BLER 0.00985 MCS (0) 0 (Qm 2 deltaMCS 0) NPRB 5 SNR 26.7 (+11.7) RSSI -41.2 CCE fail 216
UE 275b: LCID 1,2,4, goodput DL    0.00 UL    0.00 Mbps

[0m[NR_MAC] Frame.Slot 512.0
UE RNTI 275b CU-UE-ID 1 in-sync PH 45 dB PCMAX 20 dBm, average SINR 40.0 (32 meas)
UE 275b: dlsch_rounds 2036/0/0/0, dlsch_errors 0, pucch0_DTX 0 (SNR 20.8+0.8) RSSI -125.7, BLER 0.00000 MCS (0) 0 (Qm 2) CCE fail 12
UE 275b: ulsch_rounds 12290/6/0/0, ulsch_errors 0, ulsch_DTX 6, BLER 0.00250 MCS (0) 0 (Qm 2 deltaMCS 0) NPRB 5 SNR 23.0 (+8.0) RSSI -41.3 CCE fail 216
UE 275b: LCID 1,2,4, goodput DL    0.00 UL    0.00 Mbps

[0m[NR_MAC] Frame.Slot 640.0
UE RNTI 275b CU-UE-ID 1 in-sync PH 45 dB PCMAX 20 dBm, average SINR 40.0 (32 meas)
UE 275b: dlsch_rounds 2038/0/0/0, dlsch_errors 0, pucch0_DTX 0 (SNR 20.8+0.8) RSSI -125.7, BLER 0.00000 MCS (0) 0 (Qm 2) CCE fail 12
UE 275b: ulsch_rounds 12304/6/0/0, ulsch_errors 0, ulsch_DTX 6, BLER 0.00071 MCS (0) 0 (Qm 2 deltaMCS 0) NPRB 5 SNR 19.5 (+4.5) RSSI -41.3 CCE fail 216
UE 275b: LCID 1,2,4, goodput DL    0.00 UL    0.00 Mbps

[0m[NR_MAC] Frame.Slot 768.0
UE RNTI 275b CU-UE-ID 1 in-sync PH 45 dB PCMAX 20 dBm, average SINR 40.0 (32 meas)
UE 275b: dlsch_rounds 2041/0/0/0, dlsch_errors 0, pucch0_DTX 0 (SNR 20.8+0.8) RSSI -125.7, BLER 0.00000 MCS (0) 0 (Qm 2) CCE fail 12
UE 275b: ulsch_rounds 12321/6/0/0, ulsch_errors 0, ulsch_DTX 6, BLER 0.00018 MCS (0) 0 (Qm 2 deltaMCS 0) NPRB 5 SNR 16.1 (+1.1) RSSI -41.3 CCE fail 216
UE 275b: LCID 1,2,4, goodput DL    0.00 UL    0.00 Mbps

[0m[NR_MAC] Frame.Slot 896.0
UE RNTI 275b CU-UE-ID 1 in-sync PH 45 dB PCMAX 20 dBm, average SINR 40.0 (32 meas)
UE 275b: dlsch_rounds 2044/0/0/0, dlsch_errors 0, pucch0_DTX 0 (SNR 20.8+0.8) RSSI -125.7, BLER 0.00000 MCS (0) 0 (Qm 2) CCE fail 12
UE 275b: ulsch_rounds 12335/6/0/0, ulsch_errors 0, ulsch_DTX 6, BLER 0.00005 MCS (0) 0 (Qm 2 deltaMCS 0) NPRB 5 SNR 17.0 (+2.0) RSSI -41.2 CCE fail 216
UE 275b: LCID 1,2,4, goodput DL    0.00 UL    0.00 Mbps

[0m[NR_MAC] Frame.Slot 0.0
UE RNTI 275b CU-UE-ID 1 in-sync PH 45 dB PCMAX 20 dBm, average SINR 40.0 (32 meas)
UE 275b: dlsch_rounds 2046/0/0/0, dlsch_errors 0, pucch0_DTX 0 (SNR 20.8+0.8) RSSI -125.7, BLER 0.00000 MCS (0) 0 (Qm 2) CCE fail 12
UE 275b: ulsch_rounds 12349/6/0/0, ulsch_errors 0, ulsch_DTX 6, BLER 0.00001 MCS (0) 0 (Qm 2 deltaMCS 0) NPRB 5 SNR 16.7 (+1.7) RSSI -41.2 CCE fail 216
UE 275b: LCID 1,2,4, goodput DL    0.00 UL    0.00 Mbps

[0m[NR_MAC] Frame.Slot 128.0
UE RNTI 275b CU-UE-ID 1 in-sync PH 45 dB PCMAX 20 dBm, average SINR 40.0 (32 meas)
UE 275b: dlsch_rounds 2049/0/0/0, dlsch_errors 0, pucch0_DTX 0 (SNR 20.8+0.8) RSSI -125.7, BLER 0.00000 MCS (0) 0 (Qm 2) CCE fail 12
UE 275b: ulsch_rounds 12364/6/0/0, ulsch_errors 0, ulsch_DTX 6, BLER 0.00000 MCS (0) 0 (Qm 2 deltaMCS 0) NPRB 5 SNR 17.3 (+2.3) RSSI -41.3 CCE fail 216
UE 275b: LCID 1,2,4, goodput DL    0.00 UL    0.00 Mbps

[0m[NR_MAC] Frame.Slot 256.0
UE RNTI 275b CU-UE-ID 1 in-sync PH 45 dB PCMAX 20 dBm, average SINR 40.0 (32 meas)
UE 275b: dlsch_rounds 2051/0/0/0, dlsch_errors 0, pucch0_DTX 0 (SNR 20.8+0.8) RSSI -125.7, BLER 0.00000 MCS (0) 0 (Qm 2) CCE fail 12
UE 275b: ulsch_rounds 12379/6/0/0, ulsch_errors 0, ulsch_DTX 6, BLER 0.00000 MCS (0) 0 (Qm 2 deltaMCS 0) NPRB 5 SNR 17.0 (+2.0) RSSI -41.3 CCE fail 216
UE 275b: LCID 1,2,4, goodput DL    0.00 UL    0.00 Mbps

[0m[NR_MAC] Frame.Slot 384.0
UE RNTI 275b CU-UE-ID 1 in-sync PH 45 dB PCMAX 20 dBm, average SINR 40.0 (32 meas)
UE 275b: dlsch_rounds 2054/0/0/0, dlsch_errors 0, pucch0_DTX 0 (SNR 20.8+0.8) RSSI -125.7, BLER 0.00000 MCS (0) 0 (Qm 2) CCE fail 12
UE 275b: ulsch_rounds 12395/6/0/0, ulsch_errors 0, ulsch_DTX 6, BLER 0.00000 MCS (0) 0 (Qm 2 deltaMCS 0) NPRB 5 SNR 16.8 (+1.8) RSSI -41.2 CCE fail 217
UE 275b: LCID 1,2,4, goodput DL    0.00 UL    0.00 Mbps

[0m[NR_MAC] Frame.Slot 512.0
UE RNTI 275b CU-UE-ID 1 in-sync PH 45 dB PCMAX 20 dBm, average SINR 40.0 (32 meas)
UE 275b: dlsch_rounds 2056/0/0/0, dlsch_errors 0, pucch0_DTX 0 (SNR 20.8+0.8) RSSI -125.7, BLER 0.00000 MCS (0) 0 (Qm 2) CCE fail 12
UE 275b: ulsch_rounds 12408/6/0/0, ulsch_errors 0, ulsch_DTX 6, BLER 0.00000 MCS (0) 0 (Qm 2 deltaMCS 0) NPRB 5 SNR 16.9 (+1.9) RSSI -41.3 CCE fail 217
UE 275b: LCID 1,2,4, goodput DL    0.00 UL    0.00 Mbps

[0m[NR_MAC] Frame.Slot 640.0
UE RNTI 275b CU-UE-ID 1 in-sync PH 45 dB PCMAX 20 dBm, average SINR 40.0 (32 meas)
UE 275b: dlsch_rounds 2059/0/0/0, dlsch_errors 0, pucch0_DTX 0 (SNR 20.8+0.8) RSSI -125.7, BLER 0.00000 MCS (0) 0 (Qm 2) CCE fail 12
UE 275b: ulsch_rounds 12423/6/0/0, ulsch_errors 0, ulsch_DTX 6, BLER 0.00000 MCS (0) 0 (Qm 2 deltaMCS 0) NPRB 5 SNR 17.5 (+2.5) RSSI -41.4 CCE fail 217
UE 275b: LCID 1,2,4, goodput DL    0.00 UL    0.00 Mbps

[0m[NR_MAC] Frame.Slot 768.0
UE RNTI 275b CU-UE-ID 1 in-sync PH 45 dB PCMAX 20 dBm, average SINR 40.0 (32 meas)
UE 275b: dlsch_rounds 2061/0/0/0, dlsch_errors 0, pucch0_DTX 0 (SNR 20.8+0.8) RSSI -125.7, BLER 0.00000 MCS (0) 0 (Qm 2) CCE fail 12
UE 275b: ulsch_rounds 12438/6/0/0, ulsch_errors 0, ulsch_DTX 6, BLER 0.00000 MCS (0) 0 (Qm 2 deltaMCS 0) NPRB 5 SNR 17.2 (+2.2) RSSI -41.4 CCE fail 217
UE 275b: LCID 1,2,4, goodput DL    0.00 UL    0.00 Mbps

[0m[NR_MAC] Frame.Slot 896.0
UE RNTI 275b CU-UE-ID 1 in-sync PH 45 dB PCMAX 20 dBm, average SINR 40.0 (32 meas)
UE 275b: dlsch_rounds 2064/0/0/0, dlsch_errors 0, pucch0_DTX 0 (SNR 20.8+0.8) RSSI -125.7, BLER 0.00000 MCS (0) 0 (Qm 2) CCE fail 12
UE 275b: ulsch_rounds 12454/6/0/0, ulsch_errors 0, ulsch_DTX 6, BLER 0.00000 MCS (0) 0 (Qm 2 deltaMCS 0) NPRB 5 SNR 16.2 (+1.2) RSSI -41.4 CCE fail 217
UE 275b: LCID 1,2,4, goodput DL    0.00 UL    0.00 Mbps

[0m[NR_MAC] Frame.Slot 0.0
UE RNTI 275b CU-UE-ID 1 in-sync PH 45 dB PCMAX 20 dBm, average SINR 40.0 (32 meas)
UE 275b: dlsch_rounds 2067/0/0/0, dlsch_errors 0, pucch0_DTX 0 (SNR 20.8+0.8) RSSI -125.7, BLER 0.00000 MCS (0) 0 (Qm 2) CCE fail 12
UE 275b: ulsch_rounds 12468/6/0/0, ulsch_errors 0, ulsch_DTX 6, BLER 0.00000 MCS (0) 0 (Qm 2 deltaMCS 0) NPRB 5 SNR 16.9 (+1.9) RSSI -41.4 CCE fail 217
UE 275b: LCID 1,2,4, goodput DL    0.00 UL    0.00 Mbps

[0m[NR_MAC] Frame.Slot 128.0
UE RNTI 275b CU-UE-ID 1 in-sync PH 45 dB PCMAX 20 dBm, average SINR 40.0 (32 meas)
UE 275b: dlsch_rounds 2069/0/0/0, dlsch_errors 0, pucch0_DTX 0 (SNR 20.8+0.8) RSSI -125.7, BLER 0.00000 MCS (0) 0 (Qm 2) CCE fail 12
UE 275b: ulsch_rounds 12483/6/0/0, ulsch_errors 0, ulsch_DTX 6, BLER 0.00000 MCS (0) 0 (Qm 2 deltaMCS 0) NPRB 5 SNR 17.4 (+2.4) RSSI -41.3 CCE fail 218
UE 275b: LCID 1,2,4, goodput DL    0.00 UL    0.00 Mbps

[0m[NR_MAC] Frame.Slot 256.0
UE RNTI 275b CU-UE-ID 1 in-sync PH 45 dB PCMAX 20 dBm, average SINR 40.0 (32 meas)
UE 275b: dlsch_rounds 2071/0/0/0, dlsch_errors 0, pucch0_DTX 0 (SNR 20.8+0.8) RSSI -125.7, BLER 0.00000 MCS (0) 0 (Qm 2) CCE fail 12
UE 275b: ulsch_rounds 12497/6/0/0, ulsch_errors 0, ulsch_DTX 6, BLER 0.00000 MCS (0) 0 (Qm 2 deltaMCS 0) NPRB 5 SNR 16.4 (+1.4) RSSI -41.3 CCE fail 218
UE 275b: LCID 1,2,4, goodput DL    0.00 UL    0.00 Mbps

[0m[NR_MAC] Frame.Slot 384.0
UE RNTI 275b CU-UE-ID 1 in-sync PH 45 dB PCMAX 20 dBm, average SINR 40.0 (32 meas)
UE 275b: dlsch_rounds 2074/0/0/0, dlsch_errors 0, pucch0_DTX 0 (SNR 20.8+0.8) RSSI -125.7, BLER 0.00000 MCS (0) 0 (Qm 2) CCE fail 12
UE 275b: ulsch_rounds 12514/6/0/0, ulsch_errors 0, ulsch_DTX 6, BLER 0.00000 MCS (0) 0 (Qm 2 deltaMCS 0) NPRB 5 SNR 16.2 (+1.2) RSSI -41.4 CCE fail 218
UE 275b: LCID 1,2,4, goodput DL    0.00 UL    0.00 Mbps

[0m[NR_MAC] Frame.Slot 512.0
UE RNTI 275b CU-UE-ID 1 in-sync PH 45 dB PCMAX 20 dBm, average SINR 40.0 (32 meas)
UE 275b: dlsch_rounds 2077/0/0/0, dlsch_errors 0, pucch0_DTX 0 (SNR 20.8+0.8) RSSI -125.7, BLER 0.00000 MCS (0) 0 (Qm 2) CCE fail 12
UE 275b: ulsch_rounds 12528/6/0/0, ulsch_errors 0, ulsch_DTX 6, BLER 0.00000 MCS (0) 0 (Qm 2 deltaMCS 0) NPRB 5 SNR 16.9 (+1.9) RSSI -41.4 CCE fail 218
UE 275b: LCID 1,2,4, goodput DL    0.00 UL    0.00 Mbps

[0m[NR_MAC] Frame.Slot 640.0
UE RNTI 275b CU-UE-ID 1 in-sync PH 45 dB PCMAX 20 dBm, average SINR 40.0 (32 meas)
UE 275b: dlsch_rounds 2079/0/0/0, dlsch_errors 0, pucch0_DTX 0 (SNR 20.8+0.8) RSSI -125.7, BLER 0.00000 MCS (0) 0 (Qm 2) CCE fail 12
UE 275b: ulsch_rounds 12542/6/0/0, ulsch_errors 0, ulsch_DTX 6, BLER 0.00000 MCS (0) 0 (Qm 2 deltaMCS 0) NPRB 5 SNR 16.7 (+1.7) RSSI -41.3 CCE fail 218
UE 275b: LCID 1,2,4, goodput DL    0.00 UL    0.00 Mbps

[0m[NR_MAC] Frame.Slot 768.0
UE RNTI 275b CU-UE-ID 1 in-sync PH 45 dB PCMAX 20 dBm, average SINR 40.0 (32 meas)
UE 275b: dlsch_rounds 2081/0/0/0, dlsch_errors 0, pucch0_DTX 0 (SNR 20.8+0.8) RSSI -125.7, BLER 0.00000 MCS (0) 0 (Qm 2) CCE fail 12
UE 275b: ulsch_rounds 12556/6/0/0, ulsch_errors 0, ulsch_DTX 6, BLER 0.00000 MCS (0) 0 (Qm 2 deltaMCS 0) NPRB 5 SNR 17.6 (+2.6) RSSI -41.4 CCE fail 218
UE 275b: LCID 1,2,4, goodput DL    0.00 UL    0.00 Mbps

[0m[NR_MAC] Frame.Slot 896.0
UE RNTI 275b CU-UE-ID 1 in-sync PH 45 dB PCMAX 20 dBm, average SINR 40.0 (32 meas)
UE 275b: dlsch_rounds 2083/0/0/0, dlsch_errors 0, pucch0_DTX 0 (SNR 20.8+0.8) RSSI -125.7, BLER 0.00000 MCS (0) 0 (Qm 2) CCE fail 12
UE 275b: ulsch_rounds 12573/6/0/0, ulsch_errors 0, ulsch_DTX 6, BLER 0.00000 MCS (0) 0 (Qm 2 deltaMCS 0) NPRB 5 SNR 16.2 (+1.2) RSSI -41.3 CCE fail 218
UE 275b: LCID 1,2,4, goodput DL    0.00 UL    0.00 Mbps

[0m[NR_MAC] Frame.Slot 0.0
UE RNTI 275b CU-UE-ID 1 in-sync PH 45 dB PCMAX 20 dBm, average SINR 40.0 (32 meas)
UE 275b: dlsch_rounds 2087/0/0/0, dlsch_errors 0, pucch0_DTX 0 (SNR 20.8+0.8) RSSI -125.7, BLER 0.00000 MCS (0) 0 (Qm 2) CCE fail 12
UE 275b: ulsch_rounds 12587/6/0/0, ulsch_errors 0, ulsch_DTX 6, BLER 0.00000 MCS (0) 0 (Qm 2 deltaMCS 0) NPRB 5 SNR 17.0 (+2.0) RSSI -41.3 CCE fail 218
UE 275b: LCID 1,2,4, goodput DL    0.00 UL    0.00 Mbps

[0m[NR_MAC] Frame.Slot 128.0
UE RNTI 275b CU-UE-ID 1 in-sync PH 45 dB PCMAX 20 dBm, average SINR 40.0 (32 meas)
UE 275b: dlsch_rounds 2089/0/0/0, dlsch_errors 0, pucch0_DTX 0 (SNR 20.8+0.8) RSSI -125.7, BLER 0.00000 MCS (0) 0 (Qm 2) CCE fail 12
UE 275b: ulsch_rounds 12602/6/0/0, ulsch_errors 0, ulsch_DTX 6, BLER 0.00000 MCS (0) 0 (Qm 2 deltaMCS 0) NPRB 5 SNR 17.5 (+2.5) RSSI -41.3 CCE fail 218
UE 275b: LCID 1,2,4, goodput DL    0.00 UL    0.00 Mbps

[0m[NR_MAC] Frame.Slot 256.0
UE RNTI 275b CU-UE-ID 1 in-sync PH 45 dB PCMAX 20 dBm, average SINR 40.0 (32 meas)
UE 275b: dlsch_rounds 2091/0/0/0, dlsch_errors 0, pucch0_DTX 0 (SNR 20.8+0.8) RSSI -125.7, BLER 0.00000 MCS (0) 0 (Qm 2) CCE fail 12
UE 275b: ulsch_rounds 12617/6/0/0, ulsch_errors 0, ulsch_DTX 6, BLER 0.00000 MCS (0) 0 (Qm 2 deltaMCS 0) NPRB 5 SNR 17.3 (+2.3) RSSI -41.3 CCE fail 218
UE 275b: LCID 1,2,4, goodput DL    0.00 UL    0.00 Mbps

[0m[NR_MAC] Frame.Slot 384.0
UE RNTI 275b CU-UE-ID 1 in-sync PH 45 dB PCMAX 20 dBm, average SINR 40.0 (32 meas)
UE 275b: dlsch_rounds 2094/0/0/0, dlsch_errors 0, pucch0_DTX 0 (SNR 20.8+0.8) RSSI -125.7, BLER 0.00000 MCS (0) 0 (Qm 2) CCE fail 12
UE 275b: ulsch_rounds 12632/6/0/0, ulsch_errors 0, ulsch_DTX 6, BLER 0.00000 MCS (0) 0 (Qm 2 deltaMCS 0) NPRB 5 SNR 16.1 (+1.1) RSSI -41.3 CCE fail 218
UE 275b: LCID 1,2,4, goodput DL    0.00 UL    0.00 Mbps

[0m[NR_MAC] Frame.Slot 512.0
UE RNTI 275b CU-UE-ID 1 in-sync PH 45 dB PCMAX 20 dBm, average SINR 40.0 (32 meas)
UE 275b: dlsch_rounds 2097/0/0/0, dlsch_errors 0, pucch0_DTX 0 (SNR 20.8+0.8) RSSI -125.7, BLER 0.00000 MCS (0) 0 (Qm 2) CCE fail 12
UE 275b: ulsch_rounds 12646/6/0/0, ulsch_errors 0, ulsch_DTX 6, BLER 0.00000 MCS (0) 0 (Qm 2 deltaMCS 0) NPRB 5 SNR 16.1 (+1.1) RSSI -41.3 CCE fail 218
UE 275b: LCID 1,2,4, goodput DL    0.00 UL    0.00 Mbps

[0m[NR_MAC] Frame.Slot 640.0
UE RNTI 275b CU-UE-ID 1 in-sync PH 45 dB PCMAX 20 dBm, average SINR 40.0 (32 meas)
UE 275b: dlsch_rounds 2099/0/0/0, dlsch_errors 0, pucch0_DTX 0 (SNR 20.8+0.8) RSSI -125.7, BLER 0.00000 MCS (0) 0 (Qm 2) CCE fail 12
UE 275b: ulsch_rounds 12661/6/0/0, ulsch_errors 0, ulsch_DTX 6, BLER 0.00000 MCS (0) 0 (Qm 2 deltaMCS 0) NPRB 5 SNR 17.7 (+2.7) RSSI -41.3 CCE fail 218
UE 275b: LCID 1,2,4, goodput DL    0.00 UL    0.00 Mbps

[0m[NR_MAC] Frame.Slot 768.0
UE RNTI 275b CU-UE-ID 1 in-sync PH 45 dB PCMAX 20 dBm, average SINR 40.0 (32 meas)
UE 275b: dlsch_rounds 2101/0/0/0, dlsch_errors 0, pucch0_DTX 0 (SNR 20.8+0.8) RSSI -125.7, BLER 0.00000 MCS (0) 0 (Qm 2) CCE fail 12
UE 275b: ulsch_rounds 12676/6/0/0, ulsch_errors 0, ulsch_DTX 6, BLER 0.00000 MCS (0) 0 (Qm 2 deltaMCS 0) NPRB 5 SNR 17.4 (+2.4) RSSI -41.3 CCE fail 218
UE 275b: LCID 1,2,4, goodput DL    0.00 UL    0.00 Mbps

[0m[NR_MAC] Frame.Slot 896.0
UE RNTI 275b CU-UE-ID 1 in-sync PH 45 dB PCMAX 20 dBm, average SINR 40.0 (32 meas)
UE 275b: dlsch_rounds 2104/0/0/0, dlsch_errors 0, pucch0_DTX 0 (SNR 20.8+0.8) RSSI -125.7, BLER 0.00000 MCS (0) 0 (Qm 2) CCE fail 12
UE 275b: ulsch_rounds 12692/6/0/0, ulsch_errors 0, ulsch_DTX 6, BLER 0.00000 MCS (0) 0 (Qm 2 deltaMCS 0) NPRB 5 SNR 16.3 (+1.3) RSSI -41.3 CCE fail 219
UE 275b: LCID 1,2,4, goodput DL    0.00 UL    0.00 Mbps

[0m[NR_MAC] Frame.Slot 0.0
UE RNTI 275b CU-UE-ID 1 in-sync PH 45 dB PCMAX 20 dBm, average SINR 40.0 (32 meas)
UE 275b: dlsch_rounds 2107/0/0/0, dlsch_errors 0, pucch0_DTX 0 (SNR 20.8+0.8) RSSI -125.7, BLER 0.00000 MCS (0) 0 (Qm 2) CCE fail 12
UE 275b: ulsch_rounds 12706/6/0/0, ulsch_errors 0, ulsch_DTX 6, BLER 0.00000 MCS (0) 0 (Qm 2 deltaMCS 0) NPRB 5 SNR 16.2 (+1.2) RSSI -41.2 CCE fail 219
UE 275b: LCID 1,2,4, goodput DL    0.00 UL    0.00 Mbps

[0m[NR_MAC] Frame.Slot 128.0
UE RNTI 275b CU-UE-ID 1 in-sync PH 45 dB PCMAX 20 dBm, average SINR 40.0 (32 meas)
UE 275b: dlsch_rounds 2109/0/0/0, dlsch_errors 0, pucch0_DTX 0 (SNR 20.8+0.8) RSSI -125.7, BLER 0.00000 MCS (0) 0 (Qm 2) CCE fail 12
UE 275b: ulsch_rounds 12721/6/0/0, ulsch_errors 0, ulsch_DTX 6, BLER 0.00000 MCS (0) 0 (Qm 2 deltaMCS 0) NPRB 5 SNR 17.6 (+2.6) RSSI -41.2 CCE fail 219
UE 275b: LCID 1,2,4, goodput DL    0.00 UL    0.00 Mbps

[0m[NR_MAC] Frame.Slot 256.0
UE RNTI 275b CU-UE-ID 1 in-sync PH 45 dB PCMAX 20 dBm, average SINR 40.0 (32 meas)
UE 275b: dlsch_rounds 2112/0/0/0, dlsch_errors 0, pucch0_DTX 0 (SNR 20.8+0.8) RSSI -125.7, BLER 0.00000 MCS (0) 0 (Qm 2) CCE fail 12
UE 275b: ulsch_rounds 12735/6/0/0, ulsch_errors 0, ulsch_DTX 6, BLER 0.00000 MCS (0) 0 (Qm 2 deltaMCS 0) NPRB 5 SNR 16.6 (+1.6) RSSI -41.3 CCE fail 219
UE 275b: LCID 1,2,4, goodput DL    0.00 UL    0.00 Mbps

[0m[NR_MAC] Frame.Slot 384.0
UE RNTI 275b CU-UE-ID 1 in-sync PH 45 dB PCMAX 20 dBm, average SINR 40.0 (32 meas)
UE 275b: dlsch_rounds 2114/0/0/0, dlsch_errors 0, pucch0_DTX 0 (SNR 20.8+0.8) RSSI -125.7, BLER 0.00000 MCS (0) 0 (Qm 2) CCE fail 12
UE 275b: ulsch_rounds 12752/6/0/0, ulsch_errors 0, ulsch_DTX 6, BLER 0.00000 MCS (0) 0 (Qm 2 deltaMCS 0) NPRB 5 SNR 16.3 (+1.3) RSSI -41.3 CCE fail 219
UE 275b: LCID 1,2,4, goodput DL    0.00 UL    0.00 Mbps

[0m[NR_MAC] Frame.Slot 512.0
UE RNTI 275b CU-UE-ID 1 in-sync PH 45 dB PCMAX 20 dBm, average SINR 40.0 (32 meas)
UE 275b: dlsch_rounds 2117/0/0/0, dlsch_errors 0, pucch0_DTX 0 (SNR 20.8+0.8) RSSI -125.7, BLER 0.00000 MCS (0) 0 (Qm 2) CCE fail 12
UE 275b: ulsch_rounds 12765/6/0/0, ulsch_errors 0, ulsch_DTX 6, BLER 0.00000 MCS (0) 0 (Qm 2 deltaMCS 0) NPRB 5 SNR 17.0 (+2.0) RSSI -41.3 CCE fail 219
UE 275b: LCID 1,2,4, goodput DL    0.00 UL    0.00 Mbps

[0m[NR_MAC] Frame.Slot 640.0
UE RNTI 275b CU-UE-ID 1 in-sync PH 45 dB PCMAX 20 dBm, average SINR 40.0 (32 meas)
UE 275b: dlsch_rounds 2119/0/0/0, dlsch_errors 0, pucch0_DTX 0 (SNR 20.8+0.8) RSSI -125.7, BLER 0.00000 MCS (0) 0 (Qm 2) CCE fail 12
UE 275b: ulsch_rounds 12779/6/0/0, ulsch_errors 0, ulsch_DTX 6, BLER 0.00000 MCS (0) 0 (Qm 2 deltaMCS 0) NPRB 5 SNR 16.1 (+1.1) RSSI -41.3 CCE fail 220
UE 275b: LCID 1,2,4, goodput DL    0.00 UL    0.00 Mbps

[0m[NR_MAC] Frame.Slot 768.0
UE RNTI 275b CU-UE-ID 1 in-sync PH 45 dB PCMAX 20 dBm, average SINR 40.0 (32 meas)
UE 275b: dlsch_rounds 2122/0/0/0, dlsch_errors 0, pucch0_DTX 0 (SNR 20.8+0.8) RSSI -125.7, BLER 0.00000 MCS (0) 0 (Qm 2) CCE fail 12
UE 275b: ulsch_rounds 12794/6/0/0, ulsch_errors 0, ulsch_DTX 6, BLER 0.00000 MCS (0) 0 (Qm 2 deltaMCS 0) NPRB 5 SNR 17.7 (+2.7) RSSI -41.3 CCE fail 221
UE 275b: LCID 1,2,4, goodput DL    0.00 UL    0.00 Mbps

[0m[NR_MAC] Frame.Slot 896.0
UE RNTI 275b CU-UE-ID 1 in-sync PH 45 dB PCMAX 20 dBm, average SINR 40.0 (32 meas)
UE 275b: dlsch_rounds 2124/0/0/0, dlsch_errors 0, pucch0_DTX 0 (SNR 20.8+0.8) RSSI -125.7, BLER 0.00000 MCS (0) 0 (Qm 2) CCE fail 12
UE 275b: ulsch_rounds 12810/6/0/0, ulsch_errors 0, ulsch_DTX 6, BLER 0.00000 MCS (0) 0 (Qm 2 deltaMCS 0) NPRB 5 SNR 16.4 (+1.4) RSSI -41.4 CCE fail 221
UE 275b: LCID 1,2,4, goodput DL    0.00 UL    0.00 Mbps

[0m[NR_MAC] Frame.Slot 0.0
UE RNTI 275b CU-UE-ID 1 in-sync PH 45 dB PCMAX 20 dBm, average SINR 40.0 (32 meas)
UE 275b: dlsch_rounds 2127/0/0/0, dlsch_errors 0, pucch0_DTX 0 (SNR 20.8+0.8) RSSI -125.7, BLER 0.00000 MCS (0) 0 (Qm 2) CCE fail 12
UE 275b: ulsch_rounds 12825/6/0/0, ulsch_errors 0, ulsch_DTX 6, BLER 0.00000 MCS (0) 0 (Qm 2 deltaMCS 0) NPRB 5 SNR 16.1 (+1.1) RSSI -41.3 CCE fail 221
UE 275b: LCID 1,2,4, goodput DL    0.00 UL    0.00 Mbps

[0m[NR_MAC] Frame.Slot 128.0
UE RNTI 275b CU-UE-ID 1 in-sync PH 45 dB PCMAX 20 dBm, average SINR 40.0 (32 meas)
UE 275b: dlsch_rounds 2130/0/0/0, dlsch_errors 0, pucch0_DTX 0 (SNR 20.8+0.8) RSSI -125.7, BLER 0.00000 MCS (0) 0 (Qm 2) CCE fail 12
UE 275b: ulsch_rounds 12840/6/0/0, ulsch_errors 0, ulsch_DTX 6, BLER 0.00000 MCS (0) 0 (Qm 2 deltaMCS 0) NPRB 5 SNR 17.7 (+2.7) RSSI -41.3 CCE fail 221
UE 275b: LCID 1,2,4, goodput DL    0.00 UL    0.00 Mbps

[0m[NR_MAC] Frame.Slot 256.0
UE RNTI 275b CU-UE-ID 1 in-sync PH 45 dB PCMAX 20 dBm, average SINR 40.0 (32 meas)
UE 275b: dlsch_rounds 2132/0/0/0, dlsch_errors 0, pucch0_DTX 0 (SNR 20.8+0.8) RSSI -125.7, BLER 0.00000 MCS (0) 0 (Qm 2) CCE fail 12
UE 275b: ulsch_rounds 12854/6/0/0, ulsch_errors 0, ulsch_DTX 6, BLER 0.00000 MCS (0) 0 (Qm 2 deltaMCS 0) NPRB 5 SNR 17.6 (+2.6) RSSI -41.3 CCE fail 222
UE 275b: LCID 1,2,4, goodput DL    0.00 UL    0.00 Mbps

[0m[NR_MAC] Frame.Slot 384.0
UE RNTI 275b CU-UE-ID 1 in-sync PH 45 dB PCMAX 20 dBm, average SINR 40.0 (32 meas)
UE 275b: dlsch_rounds 2134/0/0/0, dlsch_errors 0, pucch0_DTX 0 (SNR 20.8+0.8) RSSI -125.7, BLER 0.00000 MCS (0) 0 (Qm 2) CCE fail 12
UE 275b: ulsch_rounds 12869/6/0/0, ulsch_errors 0, ulsch_DTX 6, BLER 0.00000 MCS (0) 0 (Qm 2 deltaMCS 0) NPRB 5 SNR 17.3 (+2.3) RSSI -41.4 CCE fail 222
UE 275b: LCID 1,2,4, goodput DL    0.00 UL    0.00 Mbps

[0m[NR_MAC] Frame.Slot 512.0
UE RNTI 275b CU-UE-ID 1 in-sync PH 45 dB PCMAX 20 dBm, average SINR 40.0 (32 meas)
UE 275b: dlsch_rounds 2137/0/0/0, dlsch_errors 0, pucch0_DTX 0 (SNR 20.8+0.8) RSSI -125.7, BLER 0.00000 MCS (0) 0 (Qm 2) CCE fail 12
UE 275b: ulsch_rounds 12884/6/0/0, ulsch_errors 0, ulsch_DTX 6, BLER 0.00000 MCS (0) 0 (Qm 2 deltaMCS 0) NPRB 5 SNR 16.2 (+1.2) RSSI -41.3 CCE fail 222
UE 275b: LCID 1,2,4, goodput DL    0.00 UL    0.00 Mbps

[0m[NR_MAC] Frame.Slot 640.0
UE RNTI 275b CU-UE-ID 1 in-sync PH 45 dB PCMAX 20 dBm, average SINR 40.0 (32 meas)
UE 275b: dlsch_rounds 2140/0/0/0, dlsch_errors 0, pucch0_DTX 0 (SNR 20.8+0.8) RSSI -125.7, BLER 0.00000 MCS (0) 0 (Qm 2) CCE fail 12
UE 275b: ulsch_rounds 12899/6/0/0, ulsch_errors 0, ulsch_DTX 6, BLER 0.00000 MCS (0) 0 (Qm 2 deltaMCS 0) NPRB 5 SNR 16.2 (+1.2) RSSI -41.3 CCE fail 222
UE 275b: LCID 1,2,4, goodput DL    0.00 UL    0.00 Mbps

[0m[NR_MAC] Frame.Slot 768.0
UE RNTI 275b CU-UE-ID 1 in-sync PH 45 dB PCMAX 20 dBm, average SINR 40.0 (32 meas)
UE 275b: dlsch_rounds 2142/0/0/0, dlsch_errors 0, pucch0_DTX 0 (SNR 20.8+0.8) RSSI -125.7, BLER 0.00000 MCS (0) 0 (Qm 2) CCE fail 12
UE 275b: ulsch_rounds 12914/6/0/0, ulsch_errors 0, ulsch_DTX 6, BLER 0.00000 MCS (0) 0 (Qm 2 deltaMCS 0) NPRB 5 SNR 17.6 (+2.6) RSSI -41.3 CCE fail 222
UE 275b: LCID 1,2,4, goodput DL    0.00 UL    0.00 Mbps

[0m[NR_MAC] Frame.Slot 896.0
UE RNTI 275b CU-UE-ID 1 in-sync PH 45 dB PCMAX 20 dBm, average SINR 40.0 (32 meas)
UE 275b: dlsch_rounds 2144/0/0/0, dlsch_errors 0, pucch0_DTX 0 (SNR 20.8+0.8) RSSI -125.7, BLER 0.00000 MCS (0) 0 (Qm 2) CCE fail 12
UE 275b: ulsch_rounds 12927/6/0/0, ulsch_errors 0, ulsch_DTX 6, BLER 0.00000 MCS (0) 0 (Qm 2 deltaMCS 0) NPRB 5 SNR 16.6 (+1.6) RSSI -41.3 CCE fail 222
UE 275b: LCID 1,2,4, goodput DL    0.00 UL    0.00 Mbps

[0m[NR_MAC] Frame.Slot 0.0
UE RNTI 275b CU-UE-ID 1 in-sync PH 45 dB PCMAX 20 dBm, average SINR 40.0 (32 meas)
UE 275b: dlsch_rounds 2147/0/0/0, dlsch_errors 0, pucch0_DTX 0 (SNR 20.8+0.8) RSSI -125.7, BLER 0.00000 MCS (0) 0 (Qm 2) CCE fail 12
UE 275b: ulsch_rounds 12944/6/0/0, ulsch_errors 0, ulsch_DTX 6, BLER 0.00000 MCS (0) 0 (Qm 2 deltaMCS 0) NPRB 5 SNR 16.3 (+1.3) RSSI -41.3 CCE fail 222
UE 275b: LCID 1,2,4, goodput DL    0.00 UL    0.00 Mbps

[0m[NR_MAC] Frame.Slot 128.0
UE RNTI 275b CU-UE-ID 1 in-sync PH 45 dB PCMAX 20 dBm, average SINR 40.0 (32 meas)
UE 275b: dlsch_rounds 2150/0/0/0, dlsch_errors 0, pucch0_DTX 0 (SNR 20.8+0.8) RSSI -125.7, BLER 0.00000 MCS (0) 0 (Qm 2) CCE fail 12
UE 275b: ulsch_rounds 12959/6/0/0, ulsch_errors 0, ulsch_DTX 6, BLER 0.00000 MCS (0) 0 (Qm 2 deltaMCS 0) NPRB 5 SNR 16.0 (+1.0) RSSI -41.3 CCE fail 222
UE 275b: LCID 1,2,4, goodput DL    0.00 UL    0.00 Mbps

[0m[NR_MAC] Frame.Slot 256.0
UE RNTI 275b CU-UE-ID 1 in-sync PH 45 dB PCMAX 20 dBm, average SINR 40.0 (32 meas)
UE 275b: dlsch_rounds 2152/0/0/0, dlsch_errors 0, pucch0_DTX 0 (SNR 20.8+0.8) RSSI -125.7, BLER 0.00000 MCS (0) 0 (Qm 2) CCE fail 12
UE 275b: ulsch_rounds 12973/6/0/0, ulsch_errors 0, ulsch_DTX 6, BLER 0.00000 MCS (0) 0 (Qm 2 deltaMCS 0) NPRB 5 SNR 16.7 (+1.7) RSSI -41.4 CCE fail 222
UE 275b: LCID 1,2,4, goodput DL    0.00 UL    0.00 Mbps

[0m[NR_MAC] Frame.Slot 384.0
UE RNTI 275b CU-UE-ID 1 in-sync PH 45 dB PCMAX 20 dBm, average SINR 40.0 (32 meas)
UE 275b: dlsch_rounds 2154/0/0/0, dlsch_errors 0, pucch0_DTX 0 (SNR 20.8+0.8) RSSI -125.7, BLER 0.00000 MCS (0) 0 (Qm 2) CCE fail 12
UE 275b: ulsch_rounds 12988/6/0/0, ulsch_errors 0, ulsch_DTX 6, BLER 0.00000 MCS (0) 0 (Qm 2 deltaMCS 0) NPRB 5 SNR 17.4 (+2.4) RSSI -41.4 CCE fail 222
UE 275b: LCID 1,2,4, goodput DL    0.00 UL    0.00 Mbps

[0m[NR_MAC] Frame.Slot 512.0
UE RNTI 275b CU-UE-ID 1 in-sync PH 45 dB PCMAX 20 dBm, average SINR 40.0 (32 meas)
UE 275b: dlsch_rounds 2157/0/0/0, dlsch_errors 0, pucch0_DTX 0 (SNR 20.8+0.8) RSSI -125.7, BLER 0.00000 MCS (0) 0 (Qm 2) CCE fail 12
UE 275b: ulsch_rounds 13003/6/0/0, ulsch_errors 0, ulsch_DTX 6, BLER 0.00000 MCS (0) 0 (Qm 2 deltaMCS 0) NPRB 5 SNR 16.2 (+1.2) RSSI -41.5 CCE fail 222
UE 275b: LCID 1,2,4, goodput DL    0.00 UL    0.00 Mbps

[0m[NR_MAC] Frame.Slot 640.0
UE RNTI 275b CU-UE-ID 1 in-sync PH 45 dB PCMAX 20 dBm, average SINR 40.0 (32 meas)
UE 275b: dlsch_rounds 2160/0/0/0, dlsch_errors 0, pucch0_DTX 0 (SNR 20.8+0.8) RSSI -125.7, BLER 0.00000 MCS (0) 0 (Qm 2) CCE fail 12
UE 275b: ulsch_rounds 13017/6/0/0, ulsch_errors 0, ulsch_DTX 6, BLER 0.00000 MCS (0) 0 (Qm 2 deltaMCS 0) NPRB 5 SNR 16.2 (+1.2) RSSI -41.4 CCE fail 222
UE 275b: LCID 1,2,4, goodput DL    0.00 UL    0.00 Mbps

[0m[NR_MAC] Frame.Slot 768.0
UE RNTI 275b CU-UE-ID 1 in-sync PH 45 dB PCMAX 20 dBm, average SINR 40.0 (32 meas)
UE 275b: dlsch_rounds 2162/0/0/0, dlsch_errors 0, pucch0_DTX 0 (SNR 20.8+0.8) RSSI -125.7, BLER 0.00000 MCS (0) 0 (Qm 2) CCE fail 12
UE 275b: ulsch_rounds 13032/6/0/0, ulsch_errors 0, ulsch_DTX 6, BLER 0.00000 MCS (0) 0 (Qm 2 deltaMCS 0) NPRB 5 SNR 17.9 (+2.9) RSSI -41.3 CCE fail 222
UE 275b: LCID 1,2,4, goodput DL    0.00 UL    0.00 Mbps

[0m[NR_MAC] Frame.Slot 896.0
UE RNTI 275b CU-UE-ID 1 in-sync PH 45 dB PCMAX 20 dBm, average SINR 40.0 (32 meas)
UE 275b: dlsch_rounds 2164/0/0/0, dlsch_errors 0, pucch0_DTX 0 (SNR 20.8+0.8) RSSI -125.7, BLER 0.00000 MCS (0) 0 (Qm 2) CCE fail 12
UE 275b: ulsch_rounds 13047/6/0/0, ulsch_errors 0, ulsch_DTX 6, BLER 0.00000 MCS (0) 0 (Qm 2 deltaMCS 0) NPRB 5 SNR 17.5 (+2.5) RSSI -41.5 CCE fail 222
UE 275b: LCID 1,2,4, goodput DL    0.00 UL    0.00 Mbps

[0m[NR_MAC] Frame.Slot 0.0
UE RNTI 275b CU-UE-ID 1 in-sync PH 45 dB PCMAX 20 dBm, average SINR 40.0 (32 meas)
UE 275b: dlsch_rounds 2168/0/0/0, dlsch_errors 0, pucch0_DTX 0 (SNR 20.8+0.8) RSSI -125.7, BLER 0.00000 MCS (0) 0 (Qm 2) CCE fail 12
UE 275b: ulsch_rounds 13063/6/0/0, ulsch_errors 0, ulsch_DTX 6, BLER 0.00000 MCS (0) 0 (Qm 2 deltaMCS 0) NPRB 5 SNR 16.2 (+1.2) RSSI -41.4 CCE fail 222
UE 275b: LCID 1,2,4, goodput DL    0.00 UL    0.00 Mbps

[0m[NR_MAC] Frame.Slot 128.0
UE RNTI 275b CU-UE-ID 1 in-sync PH 45 dB PCMAX 20 dBm, average SINR 40.0 (32 meas)
UE 275b: dlsch_rounds 2170/0/0/0, dlsch_errors 0, pucch0_DTX 0 (SNR 20.8+0.8) RSSI -125.7, BLER 0.00000 MCS (0) 0 (Qm 2) CCE fail 12
UE 275b: ulsch_rounds 13077/6/0/0, ulsch_errors 0, ulsch_DTX 6, BLER 0.00000 MCS (0) 0 (Qm 2 deltaMCS 0) NPRB 5 SNR 16.3 (+1.3) RSSI -41.4 CCE fail 222
UE 275b: LCID 1,2,4, goodput DL    0.00 UL    0.00 Mbps

[0m[NR_MAC] Frame.Slot 256.0
UE RNTI 275b CU-UE-ID 1 in-sync PH 45 dB PCMAX 20 dBm, average SINR 40.0 (32 meas)
UE 275b: dlsch_rounds 2172/0/0/0, dlsch_errors 0, pucch0_DTX 0 (SNR 20.8+0.8) RSSI -125.7, BLER 0.00000 MCS (0) 0 (Qm 2) CCE fail 12
UE 275b: ulsch_rounds 13092/6/0/0, ulsch_errors 0, ulsch_DTX 6, BLER 0.00000 MCS (0) 0 (Qm 2 deltaMCS 0) NPRB 5 SNR 17.7 (+2.7) RSSI -41.4 CCE fail 222
UE 275b: LCID 1,2,4, goodput DL    0.00 UL    0.00 Mbps

[0m[NR_MAC] Frame.Slot 384.0
UE RNTI 275b CU-UE-ID 1 in-sync PH 45 dB PCMAX 20 dBm, average SINR 40.0 (32 meas)
UE 275b: dlsch_rounds 2175/0/0/0, dlsch_errors 0, pucch0_DTX 0 (SNR 20.8+0.8) RSSI -125.7, BLER 0.00000 MCS (0) 0 (Qm 2) CCE fail 12
UE 275b: ulsch_rounds 13107/6/0/0, ulsch_errors 0, ulsch_DTX 6, BLER 0.00000 MCS (0) 0 (Qm 2 deltaMCS 0) NPRB 5 SNR 17.4 (+2.4) RSSI -41.5 CCE fail 222
UE 275b: LCID 1,2,4, goodput DL    0.00 UL    0.00 Mbps

[0m[NR_MAC] Frame.Slot 512.0
UE RNTI 275b CU-UE-ID 1 in-sync PH 45 dB PCMAX 20 dBm, average SINR 40.0 (32 meas)
UE 275b: dlsch_rounds 2178/0/0/0, dlsch_errors 0, pucch0_DTX 0 (SNR 20.8+0.8) RSSI -125.7, BLER 0.00000 MCS (0) 0 (Qm 2) CCE fail 12
UE 275b: ulsch_rounds 13122/6/0/0, ulsch_errors 0, ulsch_DTX 6, BLER 0.00000 MCS (0) 0 (Qm 2 deltaMCS 0) NPRB 5 SNR 16.4 (+1.4) RSSI -41.4 CCE fail 222
UE 275b: LCID 1,2,4, goodput DL    0.00 UL    0.00 Mbps

[0m[NR_MAC] Frame.Slot 640.0
UE RNTI 275b CU-UE-ID 1 in-sync PH 45 dB PCMAX 20 dBm, average SINR 40.0 (32 meas)
UE 275b: dlsch_rounds 2180/0/0/0, dlsch_errors 0, pucch0_DTX 0 (SNR 20.8+0.8) RSSI -125.7, BLER 0.00000 MCS (0) 0 (Qm 2) CCE fail 12
UE 275b: ulsch_rounds 13137/6/0/0, ulsch_errors 0, ulsch_DTX 6, BLER 0.00000 MCS (0) 0 (Qm 2 deltaMCS 0) NPRB 5 SNR 16.3 (+1.3) RSSI -41.4 CCE fail 222
UE 275b: LCID 1,2,4, goodput DL    0.00 UL    0.00 Mbps

[0m[NR_MAC] Frame.Slot 768.0
UE RNTI 275b CU-UE-ID 1 in-sync PH 45 dB PCMAX 20 dBm, average SINR 40.0 (32 meas)
UE 275b: dlsch_rounds 2182/0/0/0, dlsch_errors 0, pucch0_DTX 0 (SNR 20.8+0.8) RSSI -125.7, BLER 0.00000 MCS (0) 0 (Qm 2) CCE fail 12
UE 275b: ulsch_rounds 13151/6/0/0, ulsch_errors 0, ulsch_DTX 6, BLER 0.00000 MCS (0) 0 (Qm 2 deltaMCS 0) NPRB 5 SNR 17.9 (+2.9) RSSI -41.3 CCE fail 222
UE 275b: LCID 1,2,4, goodput DL    0.00 UL    0.00 Mbps

[0m[NR_MAC] Frame.Slot 896.0
UE RNTI 275b CU-UE-ID 1 in-sync PH 45 dB PCMAX 20 dBm, average SINR 40.0 (32 meas)
UE 275b: dlsch_rounds 2185/0/0/0, dlsch_errors 0, pucch0_DTX 0 (SNR 20.8+0.8) RSSI -125.7, BLER 0.00000 MCS (0) 0 (Qm 2) CCE fail 12
UE 275b: ulsch_rounds 13165/6/0/0, ulsch_errors 0, ulsch_DTX 6, BLER 0.00000 MCS (0) 0 (Qm 2 deltaMCS 0) NPRB 5 SNR 16.8 (+1.8) RSSI -41.3 CCE fail 222
UE 275b: LCID 1,2,4, goodput DL    0.00 UL    0.00 Mbps

[0m[NR_MAC] Frame.Slot 0.0
UE RNTI 275b CU-UE-ID 1 in-sync PH 45 dB PCMAX 20 dBm, average SINR 40.0 (32 meas)
UE 275b: dlsch_rounds 2187/0/0/0, dlsch_errors 0, pucch0_DTX 0 (SNR 20.8+0.8) RSSI -125.7, BLER 0.00000 MCS (0) 0 (Qm 2) CCE fail 12
UE 275b: ulsch_rounds 13182/6/0/0, ulsch_errors 0, ulsch_DTX 6, BLER 0.00000 MCS (0) 0 (Qm 2 deltaMCS 0) NPRB 5 SNR 16.5 (+1.5) RSSI -41.3 CCE fail 222
UE 275b: LCID 1,2,4, goodput DL    0.00 UL    0.00 Mbps

[0m[NR_MAC] Frame.Slot 128.0
UE RNTI 275b CU-UE-ID 1 in-sync PH 45 dB PCMAX 20 dBm, average SINR 40.0 (32 meas)
UE 275b: dlsch_rounds 2190/0/0/0, dlsch_errors 0, pucch0_DTX 0 (SNR 20.8+0.8) RSSI -125.7, BLER 0.00000 MCS (0) 0 (Qm 2) CCE fail 12
UE 275b: ulsch_rounds 13197/6/0/0, ulsch_errors 0, ulsch_DTX 6, BLER 0.00000 MCS (0) 0 (Qm 2 deltaMCS 0) NPRB 5 SNR 16.2 (+1.2) RSSI -41.3 CCE fail 222
UE 275b: LCID 1,2,4, goodput DL    0.00 UL    0.00 Mbps

[0m[NR_MAC] Frame.Slot 256.0
UE RNTI 275b CU-UE-ID 1 in-sync PH 45 dB PCMAX 20 dBm, average SINR 40.0 (32 meas)
UE 275b: dlsch_rounds 2193/0/0/0, dlsch_errors 0, pucch0_DTX 0 (SNR 20.8+0.8) RSSI -125.7, BLER 0.00000 MCS (0) 0 (Qm 2) CCE fail 12
UE 275b: ulsch_rounds 13211/6/0/0, ulsch_errors 0, ulsch_DTX 6, BLER 0.00000 MCS (0) 0 (Qm 2 deltaMCS 0) NPRB 5 SNR 16.8 (+1.8) RSSI -41.4 CCE fail 222
UE 275b: LCID 1,2,4, goodput DL    0.00 UL    0.00 Mbps

[0m[NR_MAC] Frame.Slot 384.0
UE RNTI 275b CU-UE-ID 1 in-sync PH 45 dB PCMAX 20 dBm, average SINR 40.0 (32 meas)
UE 275b: dlsch_rounds 2195/0/0/0, dlsch_errors 0, pucch0_DTX 0 (SNR 20.8+0.8) RSSI -125.7, BLER 0.00000 MCS (0) 0 (Qm 2) CCE fail 12
UE 275b: ulsch_rounds 13225/6/0/0, ulsch_errors 0, ulsch_DTX 6, BLER 0.00000 MCS (0) 0 (Qm 2 deltaMCS 0) NPRB 5 SNR 17.8 (+2.8) RSSI -41.4 CCE fail 222
UE 275b: LCID 1,2,4, goodput DL    0.00 UL    0.00 Mbps

[0m[NR_MAC] Frame.Slot 512.0
UE RNTI 275b CU-UE-ID 1 in-sync PH 45 dB PCMAX 20 dBm, average SINR 40.0 (32 meas)
UE 275b: dlsch_rounds 2197/0/0/0, dlsch_errors 0, pucch0_DTX 0 (SNR 20.8+0.8) RSSI -125.7, BLER 0.00000 MCS (0) 0 (Qm 2) CCE fail 12
UE 275b: ulsch_rounds 13241/6/0/0, ulsch_errors 0, ulsch_DTX 6, BLER 0.00000 MCS (0) 0 (Qm 2 deltaMCS 0) NPRB 5 SNR 16.4 (+1.4) RSSI -41.3 CCE fail 222
UE 275b: LCID 1,2,4, goodput DL    0.00 UL    0.00 Mbps

[0m[NR_MAC] Frame.Slot 640.0
UE RNTI 275b CU-UE-ID 1 in-sync PH 45 dB PCMAX 20 dBm, average SINR 40.0 (32 meas)
UE 275b: dlsch_rounds 2200/0/0/0, dlsch_errors 0, pucch0_DTX 0 (SNR 20.8+0.8) RSSI -125.7, BLER 0.00000 MCS (0) 0 (Qm 2) CCE fail 12
UE 275b: ulsch_rounds 13255/6/0/0, ulsch_errors 0, ulsch_DTX 6, BLER 0.00000 MCS (0) 0 (Qm 2 deltaMCS 0) NPRB 5 SNR 16.4 (+1.4) RSSI -41.3 CCE fail 222
UE 275b: LCID 1,2,4, goodput DL    0.00 UL    0.00 Mbps

[0m[NR_MAC] Frame.Slot 768.0
UE RNTI 275b CU-UE-ID 1 in-sync PH 45 dB PCMAX 20 dBm, average SINR 40.0 (32 meas)
UE 275b: dlsch_rounds 2203/0/0/0, dlsch_errors 0, pucch0_DTX 0 (SNR 20.8+0.8) RSSI -125.7, BLER 0.00000 MCS (0) 0 (Qm 2) CCE fail 12
UE 275b: ulsch_rounds 13270/6/0/0, ulsch_errors 0, ulsch_DTX 6, BLER 0.00000 MCS (0) 0 (Qm 2 deltaMCS 0) NPRB 5 SNR 18.1 (+3.1) RSSI -41.3 CCE fail 222
UE 275b: LCID 1,2,4, goodput DL    0.00 UL    0.00 Mbps

[0m[NR_MAC] Frame.Slot 896.0
UE RNTI 275b CU-UE-ID 1 in-sync PH 45 dB PCMAX 20 dBm, average SINR 40.0 (32 meas)
UE 275b: dlsch_rounds 2205/0/0/0, dlsch_errors 0, pucch0_DTX 0 (SNR 20.8+0.8) RSSI -125.7, BLER 0.00000 MCS (0) 0 (Qm 2) CCE fail 12
UE 275b: ulsch_rounds 13285/6/0/0, ulsch_errors 0, ulsch_DTX 6, BLER 0.00000 MCS (0) 0 (Qm 2 deltaMCS 0) NPRB 5 SNR 17.7 (+2.7) RSSI -41.4 CCE fail 222
UE 275b: LCID 1,2,4, goodput DL    0.00 UL    0.00 Mbps

[0m[NR_MAC] Frame.Slot 0.0
UE RNTI 275b CU-UE-ID 1 in-sync PH 45 dB PCMAX 20 dBm, average SINR 40.0 (32 meas)
UE 275b: dlsch_rounds 2207/0/0/0, dlsch_errors 0, pucch0_DTX 0 (SNR 20.8+0.8) RSSI -125.7, BLER 0.00000 MCS (0) 0 (Qm 2) CCE fail 12
UE 275b: ulsch_rounds 13299/6/0/0, ulsch_errors 0, ulsch_DTX 6, BLER 0.00000 MCS (0) 0 (Qm 2 deltaMCS 0) NPRB 5 SNR 17.5 (+2.5) RSSI -41.4 CCE fail 222
UE 275b: LCID 1,2,4, goodput DL    0.00 UL    0.00 Mbps

[0m[NR_MAC] Frame.Slot 128.0
UE RNTI 275b CU-UE-ID 1 in-sync PH 45 dB PCMAX 20 dBm, average SINR 40.0 (32 meas)
UE 275b: dlsch_rounds 2210/0/0/0, dlsch_errors 0, pucch0_DTX 0 (SNR 20.8+0.8) RSSI -125.7, BLER 0.00000 MCS (0) 0 (Qm 2) CCE fail 12
UE 275b: ulsch_rounds 13315/6/0/0, ulsch_errors 0, ulsch_DTX 6, BLER 0.00000 MCS (0) 0 (Qm 2 deltaMCS 0) NPRB 5 SNR 16.4 (+1.4) RSSI -41.2 CCE fail 223
UE 275b: LCID 1,2,4, goodput DL    0.00 UL    0.00 Mbps

[0m[NR_MAC] Frame.Slot 256.0
UE RNTI 275b CU-UE-ID 1 in-sync PH 45 dB PCMAX 20 dBm, average SINR 40.0 (32 meas)
UE 275b: dlsch_rounds 2213/0/0/0, dlsch_errors 0, pucch0_DTX 0 (SNR 20.8+0.8) RSSI -125.7, BLER 0.00000 MCS (0) 0 (Qm 2) CCE fail 12
UE 275b: ulsch_rounds 13330/6/0/0, ulsch_errors 0, ulsch_DTX 6, BLER 0.00000 MCS (0) 0 (Qm 2 deltaMCS 0) NPRB 5 SNR 17.1 (+2.1) RSSI -41.3 CCE fail 223
UE 275b: LCID 1,2,4, goodput DL    0.00 UL    0.00 Mbps

[0m[NR_MAC] Frame.Slot 384.0
UE RNTI 275b CU-UE-ID 1 in-sync PH 45 dB PCMAX 20 dBm, average SINR 40.0 (32 meas)
UE 275b: dlsch_rounds 2215/0/0/0, dlsch_errors 0, pucch0_DTX 0 (SNR 20.8+0.8) RSSI -125.7, BLER 0.00000 MCS (0) 0 (Qm 2) CCE fail 12
UE 275b: ulsch_rounds 13345/6/0/0, ulsch_errors 0, ulsch_DTX 6, BLER 0.00000 MCS (0) 0 (Qm 2 deltaMCS 0) NPRB 5 SNR 17.6 (+2.6) RSSI -41.3 CCE fail 223
UE 275b: LCID 1,2,4, goodput DL    0.00 UL    0.00 Mbps

[0m[NR_MAC] Frame.Slot 512.0
UE RNTI 275b CU-UE-ID 1 in-sync PH 45 dB PCMAX 20 dBm, average SINR 40.0 (32 meas)
UE 275b: dlsch_rounds 2217/0/0/0, dlsch_errors 0, pucch0_DTX 0 (SNR 20.8+0.8) RSSI -125.7, BLER 0.00000 MCS (0) 0 (Qm 2) CCE fail 12
UE 275b: ulsch_rounds 13360/6/0/0, ulsch_errors 0, ulsch_DTX 6, BLER 0.00000 MCS (0) 0 (Qm 2 deltaMCS 0) NPRB 5 SNR 16.5 (+1.5) RSSI -41.3 CCE fail 223
UE 275b: LCID 1,2,4, goodput DL    0.00 UL    0.00 Mbps

[0m[NR_MAC] Frame.Slot 640.0
UE RNTI 275b CU-UE-ID 1 in-sync PH 45 dB PCMAX 20 dBm, average SINR 40.0 (32 meas)
UE 275b: dlsch_rounds 2221/0/0/0, dlsch_errors 0, pucch0_DTX 0 (SNR 20.8+0.8) RSSI -125.7, BLER 0.00000 MCS (0) 0 (Qm 2) CCE fail 12
UE 275b: ulsch_rounds 13374/6/0/0, ulsch_errors 0, ulsch_DTX 6, BLER 0.00000 MCS (0) 0 (Qm 2 deltaMCS 0) NPRB 5 SNR 16.6 (+1.6) RSSI -41.2 CCE fail 223
UE 275b: LCID 1,2,4, goodput DL    0.00 UL    0.00 Mbps

[0m[NR_MAC] Frame.Slot 768.0
UE RNTI 275b CU-UE-ID 1 in-sync PH 45 dB PCMAX 20 dBm, average SINR 40.0 (32 meas)
UE 275b: dlsch_rounds 2223/0/0/0, dlsch_errors 0, pucch0_DTX 0 (SNR 20.8+0.8) RSSI -125.7, BLER 0.00000 MCS (0) 0 (Qm 2) CCE fail 12
UE 275b: ulsch_rounds 13389/6/0/0, ulsch_errors 0, ulsch_DTX 6, BLER 0.00000 MCS (0) 0 (Qm 2 deltaMCS 0) NPRB 5 SNR 17.2 (+2.2) RSSI -41.3 CCE fail 223
UE 275b: LCID 1,2,4, goodput DL    0.00 UL    0.00 Mbps

[0m[NR_MAC] Frame.Slot 896.0
UE RNTI 275b CU-UE-ID 1 in-sync PH 45 dB PCMAX 20 dBm, average SINR 40.0 (32 meas)
UE 275b: dlsch_rounds 2225/0/0/0, dlsch_errors 0, pucch0_DTX 0 (SNR 20.8+0.8) RSSI -125.7, BLER 0.00000 MCS (0) 0 (Qm 2) CCE fail 12
UE 275b: ulsch_rounds 13403/6/0/0, ulsch_errors 0, ulsch_DTX 6, BLER 0.00000 MCS (0) 0 (Qm 2 deltaMCS 0) NPRB 5 SNR 16.9 (+1.9) RSSI -41.3 CCE fail 223
UE 275b: LCID 1,2,4, goodput DL    0.00 UL    0.00 Mbps

[0m[NR_MAC] Frame.Slot 0.0
UE RNTI 275b CU-UE-ID 1 in-sync PH 45 dB PCMAX 20 dBm, average SINR 40.0 (32 meas)
UE 275b: dlsch_rounds 2227/0/0/0, dlsch_errors 0, pucch0_DTX 0 (SNR 20.8+0.8) RSSI -125.7, BLER 0.00000 MCS (0) 0 (Qm 2) CCE fail 12
UE 275b: ulsch_rounds 13418/6/0/0, ulsch_errors 0, ulsch_DTX 6, BLER 0.00000 MCS (0) 0 (Qm 2 deltaMCS 0) NPRB 5 SNR 17.6 (+2.6) RSSI -41.4 CCE fail 223
UE 275b: LCID 1,2,4, goodput DL    0.00 UL    0.00 Mbps

[0m[NR_MAC] Frame.Slot 128.0
UE RNTI 275b CU-UE-ID 1 in-sync PH 45 dB PCMAX 20 dBm, average SINR 40.0 (32 meas)
UE 275b: dlsch_rounds 2231/0/0/0, dlsch_errors 0, pucch0_DTX 0 (SNR 20.8+0.8) RSSI -125.7, BLER 0.00000 MCS (0) 0 (Qm 2) CCE fail 12
UE 275b: ulsch_rounds 13435/6/0/0, ulsch_errors 0, ulsch_DTX 6, BLER 0.00000 MCS (0) 0 (Qm 2 deltaMCS 0) NPRB 5 SNR 16.3 (+1.3) RSSI -41.3 CCE fail 223
UE 275b: LCID 1,2,4, goodput DL    0.00 UL    0.00 Mbps

[0m[NR_MAC] Frame.Slot 256.0
UE RNTI 275b CU-UE-ID 1 in-sync PH 45 dB PCMAX 20 dBm, average SINR 40.0 (32 meas)
UE 275b: dlsch_rounds 2233/0/0/0, dlsch_errors 0, pucch0_DTX 0 (SNR 20.8+0.8) RSSI -125.7, BLER 0.00000 MCS (0) 0 (Qm 2) CCE fail 12
UE 275b: ulsch_rounds 13448/6/0/0, ulsch_errors 0, ulsch_DTX 6, BLER 0.00000 MCS (0) 0 (Qm 2 deltaMCS 0) NPRB 5 SNR 16.2 (+1.2) RSSI -41.3 CCE fail 223
UE 275b: LCID 1,2,4, goodput DL    0.00 UL    0.00 Mbps

[0m[NR_MAC] Frame.Slot 384.0
UE RNTI 275b CU-UE-ID 1 in-sync PH 45 dB PCMAX 20 dBm, average SINR 40.0 (32 meas)
UE 275b: dlsch_rounds 2235/0/0/0, dlsch_errors 0, pucch0_DTX 0 (SNR 20.8+0.8) RSSI -125.7, BLER 0.00000 MCS (0) 0 (Qm 2) CCE fail 12
UE 275b: ulsch_rounds 13463/6/0/0, ulsch_errors 0, ulsch_DTX 6, BLER 0.00000 MCS (0) 0 (Qm 2 deltaMCS 0) NPRB 5 SNR 17.9 (+2.9) RSSI -41.3 CCE fail 223
UE 275b: LCID 1,2,4, goodput DL    0.00 UL    0.00 Mbps

[0m[NR_MAC] Frame.Slot 512.0
UE RNTI 275b CU-UE-ID 1 in-sync PH 45 dB PCMAX 20 dBm, average SINR 40.0 (32 meas)
UE 275b: dlsch_rounds 2238/0/0/0, dlsch_errors 0, pucch0_DTX 0 (SNR 20.8+0.8) RSSI -125.7, BLER 0.00000 MCS (0) 0 (Qm 2) CCE fail 12
UE 275b: ulsch_rounds 13478/6/0/0, ulsch_errors 0, ulsch_DTX 6, BLER 0.00000 MCS (0) 0 (Qm 2 deltaMCS 0) NPRB 5 SNR 17.6 (+2.6) RSSI -41.4 CCE fail 223
UE 275b: LCID 1,2,4, goodput DL    0.00 UL    0.00 Mbps

[0m[NR_MAC] Frame.Slot 640.0
UE RNTI 275b CU-UE-ID 1 in-sync PH 45 dB PCMAX 20 dBm, average SINR 40.0 (32 meas)
UE 275b: dlsch_rounds 2241/0/0/0, dlsch_errors 0, pucch0_DTX 0 (SNR 20.8+0.8) RSSI -125.7, BLER 0.00000 MCS (0) 0 (Qm 2) CCE fail 12
UE 275b: ulsch_rounds 13493/6/0/0, ulsch_errors 0, ulsch_DTX 6, BLER 0.00000 MCS (0) 0 (Qm 2 deltaMCS 0) NPRB 5 SNR 16.5 (+1.5) RSSI -41.2 CCE fail 223
UE 275b: LCID 1,2,4, goodput DL    0.00 UL    0.00 Mbps

[0m[NR_MAC] Frame.Slot 768.0
UE RNTI 275b CU-UE-ID 1 in-sync PH 45 dB PCMAX 20 dBm, average SINR 40.0 (32 meas)
UE 275b: dlsch_rounds 2243/0/0/0, dlsch_errors 0, pucch0_DTX 0 (SNR 20.8+0.8) RSSI -125.7, BLER 0.00000 MCS (0) 0 (Qm 2) CCE fail 12
UE 275b: ulsch_rounds 13508/6/0/0, ulsch_errors 0, ulsch_DTX 6, BLER 0.00000 MCS (0) 0 (Qm 2 deltaMCS 0) NPRB 5 SNR 16.6 (+1.6) RSSI -41.3 CCE fail 224
UE 275b: LCID 1,2,4, goodput DL    0.00 UL    0.00 Mbps

[0m[NR_MAC] Frame.Slot 896.0
UE RNTI 275b CU-UE-ID 1 in-sync PH 45 dB PCMAX 20 dBm, average SINR 40.0 (32 meas)
UE 275b: dlsch_rounds 2245/0/0/0, dlsch_errors 0, pucch0_DTX 0 (SNR 20.8+0.8) RSSI -125.7, BLER 0.00000 MCS (0) 0 (Qm 2) CCE fail 12
UE 275b: ulsch_rounds 13522/6/0/0, ulsch_errors 0, ulsch_DTX 6, BLER 0.00000 MCS (0) 0 (Qm 2 deltaMCS 0) NPRB 5 SNR 18.1 (+3.1) RSSI -41.2 CCE fail 224
UE 275b: LCID 1,2,4, goodput DL    0.00 UL    0.00 Mbps

[0m[NR_MAC] Frame.Slot 0.0
UE RNTI 275b CU-UE-ID 1 in-sync PH 45 dB PCMAX 20 dBm, average SINR 40.0 (32 meas)
UE 275b: dlsch_rounds 2248/0/0/0, dlsch_errors 0, pucch0_DTX 0 (SNR 20.8+0.8) RSSI -125.7, BLER 0.00000 MCS (0) 0 (Qm 2) CCE fail 12
UE 275b: ulsch_rounds 13537/6/0/0, ulsch_errors 0, ulsch_DTX 6, BLER 0.00000 MCS (0) 0 (Qm 2 deltaMCS 0) NPRB 5 SNR 17.7 (+2.7) RSSI -41.3 CCE fail 224
UE 275b: LCID 1,2,4, goodput DL    0.00 UL    0.00 Mbps

[0m[NR_MAC] Frame.Slot 128.0
UE RNTI 275b CU-UE-ID 1 in-sync PH 45 dB PCMAX 20 dBm, average SINR 40.0 (32 meas)
UE 275b: dlsch_rounds 2251/0/0/0, dlsch_errors 0, pucch0_DTX 0 (SNR 20.8+0.8) RSSI -125.7, BLER 0.00000 MCS (0) 0 (Qm 2) CCE fail 12
UE 275b: ulsch_rounds 13553/6/0/0, ulsch_errors 0, ulsch_DTX 6, BLER 0.00000 MCS (0) 0 (Qm 2 deltaMCS 0) NPRB 5 SNR 16.6 (+1.6) RSSI -41.2 CCE fail 224
UE 275b: LCID 1,2,4, goodput DL    0.00 UL    0.00 Mbps

[0m[NR_MAC] Frame.Slot 256.0
UE RNTI 275b CU-UE-ID 1 in-sync PH 45 dB PCMAX 20 dBm, average SINR 40.0 (32 meas)
UE 275b: dlsch_rounds 2253/0/0/0, dlsch_errors 0, pucch0_DTX 0 (SNR 20.8+0.8) RSSI -125.7, BLER 0.00000 MCS (0) 0 (Qm 2) CCE fail 12
UE 275b: ulsch_rounds 13568/6/0/0, ulsch_errors 0, ulsch_DTX 6, BLER 0.00000 MCS (0) 0 (Qm 2 deltaMCS 0) NPRB 5 SNR 16.3 (+1.3) RSSI -41.3 CCE fail 224
UE 275b: LCID 1,2,4, goodput DL    0.00 UL    0.00 Mbps

[0m[NR_MAC] Frame.Slot 384.0
UE RNTI 275b CU-UE-ID 1 in-sync PH 45 dB PCMAX 20 dBm, average SINR 40.0 (32 meas)
UE 275b: dlsch_rounds 2256/0/0/0, dlsch_errors 0, pucch0_DTX 0 (SNR 20.8+0.8) RSSI -125.7, BLER 0.00000 MCS (0) 0 (Qm 2) CCE fail 12
UE 275b: ulsch_rounds 13583/6/0/0, ulsch_errors 0, ulsch_DTX 6, BLER 0.00000 MCS (0) 0 (Qm 2 deltaMCS 0) NPRB 5 SNR 17.8 (+2.8) RSSI -41.4 CCE fail 224
UE 275b: LCID 1,2,4, goodput DL    0.00 UL    0.00 Mbps

[0m[NR_MAC] Frame.Slot 512.0
UE RNTI 275b CU-UE-ID 1 in-sync PH 45 dB PCMAX 20 dBm, average SINR 40.0 (32 meas)
UE 275b: dlsch_rounds 2258/0/0/0, dlsch_errors 0, pucch0_DTX 0 (SNR 20.8+0.8) RSSI -125.7, BLER 0.00000 MCS (0) 0 (Qm 2) CCE fail 12
UE 275b: ulsch_rounds 13596/6/0/0, ulsch_errors 0, ulsch_DTX 6, BLER 0.00000 MCS (0) 0 (Qm 2 deltaMCS 0) NPRB 5 SNR 16.8 (+1.8) RSSI -41.4 CCE fail 224
UE 275b: LCID 1,2,4, goodput DL    0.00 UL    0.00 Mbps

[0m[NR_MAC] Frame.Slot 640.0
UE RNTI 275b CU-UE-ID 1 in-sync PH 45 dB PCMAX 20 dBm, average SINR 40.0 (32 meas)
UE 275b: dlsch_rounds 2260/0/0/0, dlsch_errors 0, pucch0_DTX 0 (SNR 20.8+0.8) RSSI -125.7, BLER 0.00000 MCS (0) 0 (Qm 2) CCE fail 12
UE 275b: ulsch_rounds 13612/6/0/0, ulsch_errors 0, ulsch_DTX 6, BLER 0.00000 MCS (0) 0 (Qm 2 deltaMCS 0) NPRB 5 SNR 16.7 (+1.7) RSSI -41.4 CCE fail 224
UE 275b: LCID 1,2,4, goodput DL    0.00 UL    0.00 Mbps

[0m[NR_MAC] Frame.Slot 768.0
UE RNTI 275b CU-UE-ID 1 in-sync PH 45 dB PCMAX 20 dBm, average SINR 40.0 (32 meas)
UE 275b: dlsch_rounds 2263/0/0/0, dlsch_errors 0, pucch0_DTX 0 (SNR 20.8+0.8) RSSI -125.7, BLER 0.00000 MCS (0) 0 (Qm 2) CCE fail 12
UE 275b: ulsch_rounds 13627/6/0/0, ulsch_errors 0, ulsch_DTX 6, BLER 0.00000 MCS (0) 0 (Qm 2 deltaMCS 0) NPRB 5 SNR 16.5 (+1.5) RSSI -41.4 CCE fail 224
UE 275b: LCID 1,2,4, goodput DL    0.00 UL    0.00 Mbps

[0m[NR_MAC] Frame.Slot 896.0
UE RNTI 275b CU-UE-ID 1 in-sync PH 45 dB PCMAX 20 dBm, average SINR 40.0 (32 meas)
UE 275b: dlsch_rounds 2266/0/0/0, dlsch_errors 0, pucch0_DTX 0 (SNR 20.8+0.8) RSSI -125.7, BLER 0.00000 MCS (0) 0 (Qm 2) CCE fail 12
UE 275b: ulsch_rounds 13641/6/0/0, ulsch_errors 0, ulsch_DTX 6, BLER 0.00000 MCS (0) 0 (Qm 2 deltaMCS 0) NPRB 5 SNR 17.1 (+2.1) RSSI -41.3 CCE fail 224
UE 275b: LCID 1,2,4, goodput DL    0.00 UL    0.00 Mbps

[0m[NR_MAC] Frame.Slot 0.0
UE RNTI 275b CU-UE-ID 1 in-sync PH 45 dB PCMAX 20 dBm, average SINR 40.0 (32 meas)
UE 275b: dlsch_rounds 2268/0/0/0, dlsch_errors 0, pucch0_DTX 0 (SNR 20.8+0.8) RSSI -125.7, BLER 0.00000 MCS (0) 0 (Qm 2) CCE fail 12
UE 275b: ulsch_rounds 13656/6/0/0, ulsch_errors 0, ulsch_DTX 6, BLER 0.00000 MCS (0) 0 (Qm 2 deltaMCS 0) NPRB 5 SNR 17.8 (+2.8) RSSI -41.4 CCE fail 224
UE 275b: LCID 1,2,4, goodput DL    0.00 UL    0.00 Mbps

[0m[NR_MAC] Frame.Slot 128.0
UE RNTI 275b CU-UE-ID 1 in-sync PH 45 dB PCMAX 20 dBm, average SINR 40.0 (32 meas)
UE 275b: dlsch_rounds 2270/0/0/0, dlsch_errors 0, pucch0_DTX 0 (SNR 20.8+0.8) RSSI -125.7, BLER 0.00000 MCS (0) 0 (Qm 2) CCE fail 12
UE 275b: ulsch_rounds 13672/6/0/0, ulsch_errors 0, ulsch_DTX 6, BLER 0.00000 MCS (0) 0 (Qm 2 deltaMCS 0) NPRB 5 SNR 16.6 (+1.6) RSSI -41.3 CCE fail 224
UE 275b: LCID 1,2,4, goodput DL    0.00 UL    0.00 Mbps

[0m[NR_MAC] Frame.Slot 256.0
UE RNTI 275b CU-UE-ID 1 in-sync PH 45 dB PCMAX 20 dBm, average SINR 40.0 (32 meas)
UE 275b: dlsch_rounds 2273/0/0/0, dlsch_errors 0, pucch0_DTX 0 (SNR 20.8+0.8) RSSI -125.7, BLER 0.00000 MCS (0) 0 (Qm 2) CCE fail 12
UE 275b: ulsch_rounds 13686/6/0/0, ulsch_errors 0, ulsch_DTX 6, BLER 0.00000 MCS (0) 0 (Qm 2 deltaMCS 0) NPRB 5 SNR 16.4 (+1.4) RSSI -41.3 CCE fail 224
UE 275b: LCID 1,2,4, goodput DL    0.00 UL    0.00 Mbps

[0m[NR_MAC] Frame.Slot 384.0
UE RNTI 275b CU-UE-ID 1 in-sync PH 45 dB PCMAX 20 dBm, average SINR 40.0 (32 meas)
UE 275b: dlsch_rounds 2276/0/0/0, dlsch_errors 0, pucch0_DTX 0 (SNR 20.8+0.8) RSSI -125.7, BLER 0.00000 MCS (0) 0 (Qm 2) CCE fail 12
UE 275b: ulsch_rounds 13701/6/0/0, ulsch_errors 0, ulsch_DTX 6, BLER 0.00000 MCS (0) 0 (Qm 2 deltaMCS 0) NPRB 5 SNR 18.1 (+3.1) RSSI -41.4 CCE fail 224
UE 275b: LCID 1,2,4, goodput DL    0.00 UL    0.00 Mbps

[0m[NR_MAC] Frame.Slot 512.0
UE RNTI 275b CU-UE-ID 1 in-sync PH 45 dB PCMAX 20 dBm, average SINR 40.0 (32 meas)
UE 275b: dlsch_rounds 2278/0/0/0, dlsch_errors 0, pucch0_DTX 0 (SNR 20.8+0.8) RSSI -125.7, BLER 0.00000 MCS (0) 0 (Qm 2) CCE fail 12
UE 275b: ulsch_rounds 13716/6/0/0, ulsch_errors 0, ulsch_DTX 6, BLER 0.00000 MCS (0) 0 (Qm 2 deltaMCS 0) NPRB 5 SNR 17.7 (+2.7) RSSI -41.4 CCE fail 224
UE 275b: LCID 1,2,4, goodput DL    0.00 UL    0.00 Mbps

[0m[NR_MAC] Frame.Slot 640.0
UE RNTI 275b CU-UE-ID 1 in-sync PH 45 dB PCMAX 20 dBm, average SINR 40.0 (32 meas)
UE 275b: dlsch_rounds 2280/0/0/0, dlsch_errors 0, pucch0_DTX 0 (SNR 20.8+0.8) RSSI -125.7, BLER 0.00000 MCS (0) 0 (Qm 2) CCE fail 12
UE 275b: ulsch_rounds 13732/6/0/0, ulsch_errors 0, ulsch_DTX 6, BLER 0.00000 MCS (0) 0 (Qm 2 deltaMCS 0) NPRB 5 SNR 16.4 (+1.4) RSSI -41.3 CCE fail 224
UE 275b: LCID 1,2,4, goodput DL    0.00 UL    0.00 Mbps

[0m[NR_MAC] Frame.Slot 768.0
UE RNTI 275b CU-UE-ID 1 in-sync PH 45 dB PCMAX 20 dBm, average SINR 40.0 (32 meas)
UE 275b: dlsch_rounds 2284/0/0/0, dlsch_errors 0, pucch0_DTX 0 (SNR 20.8+0.8) RSSI -125.7, BLER 0.00000 MCS (0) 0 (Qm 2) CCE fail 12
UE 275b: ulsch_rounds 13746/6/0/0, ulsch_errors 0, ulsch_DTX 6, BLER 0.00000 MCS (0) 0 (Qm 2 deltaMCS 0) NPRB 5 SNR 16.4 (+1.4) RSSI -41.2 CCE fail 224
UE 275b: LCID 1,2,4, goodput DL    0.00 UL    0.00 Mbps

[0m[NR_MAC] Frame.Slot 896.0
UE RNTI 275b CU-UE-ID 1 in-sync PH 45 dB PCMAX 20 dBm, average SINR 40.0 (32 meas)
UE 275b: dlsch_rounds 2286/0/0/0, dlsch_errors 0, pucch0_DTX 0 (SNR 20.8+0.8) RSSI -125.7, BLER 0.00000 MCS (0) 0 (Qm 2) CCE fail 12
UE 275b: ulsch_rounds 13761/6/0/0, ulsch_errors 0, ulsch_DTX 6, BLER 0.00000 MCS (0) 0 (Qm 2 deltaMCS 0) NPRB 5 SNR 17.9 (+2.9) RSSI -41.2 CCE fail 224
UE 275b: LCID 1,2,4, goodput DL    0.00 UL    0.00 Mbps

[0m[NR_MAC] Frame.Slot 0.0
UE RNTI 275b CU-UE-ID 1 in-sync PH 45 dB PCMAX 20 dBm, average SINR 40.0 (32 meas)
UE 275b: dlsch_rounds 2288/0/0/0, dlsch_errors 0, pucch0_DTX 0 (SNR 20.8+0.8) RSSI -125.7, BLER 0.00000 MCS (0) 0 (Qm 2) CCE fail 12
UE 275b: ulsch_rounds 13776/6/0/0, ulsch_errors 0, ulsch_DTX 6, BLER 0.00000 MCS (0) 0 (Qm 2 deltaMCS 0) NPRB 5 SNR 17.6 (+2.6) RSSI -41.3 CCE fail 224
UE 275b: LCID 1,2,4, goodput DL    0.00 UL    0.00 Mbps

[0m[NR_MAC] Frame.Slot 128.0
UE RNTI 275b CU-UE-ID 1 in-sync PH 45 dB PCMAX 20 dBm, average SINR 40.0 (32 meas)
UE 275b: dlsch_rounds 2290/0/0/0, dlsch_errors 0, pucch0_DTX 0 (SNR 20.8+0.8) RSSI -125.7, BLER 0.00000 MCS (0) 0 (Qm 2) CCE fail 12
UE 275b: ulsch_rounds 13792/6/0/0, ulsch_errors 0, ulsch_DTX 6, BLER 0.00000 MCS (0) 0 (Qm 2 deltaMCS 0) NPRB 5 SNR 16.5 (+1.5) RSSI -41.2 CCE fail 224
UE 275b: LCID 1,2,4, goodput DL    0.00 UL    0.00 Mbps

[0m[NR_MAC] Frame.Slot 256.0
UE RNTI 275b CU-UE-ID 1 in-sync PH 45 dB PCMAX 20 dBm, average SINR 40.0 (32 meas)
UE 275b: dlsch_rounds 2294/0/0/0, dlsch_errors 0, pucch0_DTX 0 (SNR 20.8+0.8) RSSI -125.7, BLER 0.00000 MCS (0) 0 (Qm 2) CCE fail 12
UE 275b: ulsch_rounds 13807/6/0/0, ulsch_errors 0, ulsch_DTX 6, BLER 0.00000 MCS (0) 0 (Qm 2 deltaMCS 0) NPRB 5 SNR 16.2 (+1.2) RSSI -41.2 CCE fail 224
UE 275b: LCID 1,2,4, goodput DL    0.00 UL    0.00 Mbps

[0m[NR_MAC] Frame.Slot 384.0
UE RNTI 275b CU-UE-ID 1 in-sync PH 45 dB PCMAX 20 dBm, average SINR 40.0 (32 meas)
UE 275b: dlsch_rounds 2296/0/0/0, dlsch_errors 0, pucch0_DTX 0 (SNR 20.8+0.8) RSSI -125.7, BLER 0.00000 MCS (0) 0 (Qm 2) CCE fail 12
UE 275b: ulsch_rounds 13821/6/0/0, ulsch_errors 0, ulsch_DTX 6, BLER 0.00000 MCS (0) 0 (Qm 2 deltaMCS 0) NPRB 5 SNR 16.9 (+1.9) RSSI -41.3 CCE fail 224
UE 275b: LCID 1,2,4, goodput DL    0.00 UL    0.00 Mbps

[0m[NR_MAC] Frame.Slot 512.0
UE RNTI 275b CU-UE-ID 1 in-sync PH 45 dB PCMAX 20 dBm, average SINR 40.0 (32 meas)
UE 275b: dlsch_rounds 2298/0/0/0, dlsch_errors 0, pucch0_DTX 0 (SNR 20.8+0.8) RSSI -125.7, BLER 0.00000 MCS (0) 0 (Qm 2) CCE fail 12
UE 275b: ulsch_rounds 13835/6/0/0, ulsch_errors 0, ulsch_DTX 6, BLER 0.00000 MCS (0) 0 (Qm 2 deltaMCS 0) NPRB 5 SNR 16.7 (+1.7) RSSI -41.3 CCE fail 224
UE 275b: LCID 1,2,4, goodput DL    0.00 UL    0.00 Mbps

[0m[NR_MAC] Frame.Slot 640.0
UE RNTI 275b CU-UE-ID 1 in-sync PH 45 dB PCMAX 20 dBm, average SINR 40.0 (32 meas)
UE 275b: dlsch_rounds 2301/0/0/0, dlsch_errors 0, pucch0_DTX 0 (SNR 20.8+0.8) RSSI -125.7, BLER 0.00000 MCS (0) 0 (Qm 2) CCE fail 12
UE 275b: ulsch_rounds 13850/6/0/0, ulsch_errors 0, ulsch_DTX 6, BLER 0.00000 MCS (0) 0 (Qm 2 deltaMCS 0) NPRB 5 SNR 16.6 (+1.6) RSSI -41.3 CCE fail 224
UE 275b: LCID 1,2,4, goodput DL    0.00 UL    0.00 Mbps

[0m[NR_MAC] Frame.Slot 768.0
UE RNTI 275b CU-UE-ID 1 in-sync PH 45 dB PCMAX 20 dBm, average SINR 40.0 (32 meas)
UE 275b: dlsch_rounds 2304/0/0/0, dlsch_errors 0, pucch0_DTX 0 (SNR 20.8+0.8) RSSI -125.7, BLER 0.00000 MCS (0) 0 (Qm 2) CCE fail 12
UE 275b: ulsch_rounds 13866/6/0/0, ulsch_errors 0, ulsch_DTX 6, BLER 0.00000 MCS (0) 0 (Qm 2 deltaMCS 0) NPRB 5 SNR 16.3 (+1.3) RSSI -41.3 CCE fail 224
UE 275b: LCID 1,2,4, goodput DL    0.00 UL    0.00 Mbps

[0m[NR_MAC] Frame.Slot 896.0
UE RNTI 275b CU-UE-ID 1 in-sync PH 45 dB PCMAX 20 dBm, average SINR 40.0 (32 meas)
UE 275b: dlsch_rounds 2306/0/0/0, dlsch_errors 0, pucch0_DTX 0 (SNR 20.8+0.8) RSSI -125.7, BLER 0.00000 MCS (0) 0 (Qm 2) CCE fail 12
UE 275b: ulsch_rounds 13880/6/0/0, ulsch_errors 0, ulsch_DTX 6, BLER 0.00000 MCS (0) 0 (Qm 2 deltaMCS 0) NPRB 5 SNR 17.0 (+2.0) RSSI -41.3 CCE fail 224
UE 275b: LCID 1,2,4, goodput DL    0.00 UL    0.00 Mbps

[0m[NR_MAC] Frame.Slot 0.0
UE RNTI 275b CU-UE-ID 1 in-sync PH 45 dB PCMAX 20 dBm, average SINR 40.0 (32 meas)
UE 275b: dlsch_rounds 2308/0/0/0, dlsch_errors 0, pucch0_DTX 0 (SNR 20.8+0.8) RSSI -125.7, BLER 0.00000 MCS (0) 0 (Qm 2) CCE fail 12
UE 275b: ulsch_rounds 13894/6/0/0, ulsch_errors 0, ulsch_DTX 6, BLER 0.00000 MCS (0) 0 (Qm 2 deltaMCS 0) NPRB 5 SNR 17.9 (+2.9) RSSI -41.3 CCE fail 224
UE 275b: LCID 1,2,4, goodput DL    0.00 UL    0.00 Mbps

[0m[NR_MAC] Frame.Slot 128.0
UE RNTI 275b CU-UE-ID 1 in-sync PH 45 dB PCMAX 20 dBm, average SINR 40.0 (32 meas)
UE 275b: dlsch_rounds 2311/0/0/0, dlsch_errors 0, pucch0_DTX 0 (SNR 20.8+0.8) RSSI -125.7, BLER 0.00000 MCS (0) 0 (Qm 2) CCE fail 12
UE 275b: ulsch_rounds 13909/6/0/0, ulsch_errors 0, ulsch_DTX 6, BLER 0.00000 MCS (0) 0 (Qm 2 deltaMCS 0) NPRB 5 SNR 17.6 (+2.6) RSSI -41.4 CCE fail 224
UE 275b: LCID 1,2,4, goodput DL    0.00 UL    0.00 Mbps

[0m[NR_MAC] Frame.Slot 256.0
UE RNTI 275b CU-UE-ID 1 in-sync PH 45 dB PCMAX 20 dBm, average SINR 40.0 (32 meas)
UE 275b: dlsch_rounds 2314/0/0/0, dlsch_errors 0, pucch0_DTX 0 (SNR 20.8+0.8) RSSI -125.7, BLER 0.00000 MCS (0) 0 (Qm 2) CCE fail 12
UE 275b: ulsch_rounds 13925/6/0/0, ulsch_errors 0, ulsch_DTX 6, BLER 0.00000 MCS (0) 0 (Qm 2 deltaMCS 0) NPRB 5 SNR 16.2 (+1.2) RSSI -41.5 CCE fail 224
UE 275b: LCID 1,2,4, goodput DL    0.00 UL    0.00 Mbps

[0m[NR_MAC] Frame.Slot 384.0
UE RNTI 275b CU-UE-ID 1 in-sync PH 45 dB PCMAX 20 dBm, average SINR 40.0 (32 meas)
UE 275b: dlsch_rounds 2316/0/0/0, dlsch_errors 0, pucch0_DTX 0 (SNR 20.8+0.8) RSSI -125.7, BLER 0.00000 MCS (0) 0 (Qm 2) CCE fail 12
UE 275b: ulsch_rounds 13940/6/0/0, ulsch_errors 0, ulsch_DTX 6, BLER 0.00000 MCS (0) 0 (Qm 2 deltaMCS 0) NPRB 5 SNR 16.2 (+1.2) RSSI -41.4 CCE fail 224
UE 275b: LCID 1,2,4, goodput DL    0.00 UL    0.00 Mbps

[0m[NR_MAC] Frame.Slot 512.0
UE RNTI 275b CU-UE-ID 1 in-sync PH 45 dB PCMAX 20 dBm, average SINR 40.0 (32 meas)
UE 275b: dlsch_rounds 2319/0/0/0, dlsch_errors 0, pucch0_DTX 0 (SNR 20.8+0.8) RSSI -125.7, BLER 0.00000 MCS (0) 0 (Qm 2) CCE fail 12
UE 275b: ulsch_rounds 13954/6/0/0, ulsch_errors 0, ulsch_DTX 6, BLER 0.00000 MCS (0) 0 (Qm 2 deltaMCS 0) NPRB 5 SNR 18.6 (+3.6) RSSI -41.5 CCE fail 224
UE 275b: LCID 1,2,4, goodput DL    0.00 UL    0.00 Mbps

[0m[NR_MAC] Frame.Slot 640.0
UE RNTI 275b CU-UE-ID 1 in-sync PH 45 dB PCMAX 20 dBm, average SINR 40.0 (32 meas)
UE 275b: dlsch_rounds 2321/0/0/0, dlsch_errors 0, pucch0_DTX 0 (SNR 20.8+0.8) RSSI -125.7, BLER 0.00000 MCS (0) 0 (Qm 2) CCE fail 12
UE 275b: ulsch_rounds 13968/6/0/0, ulsch_errors 0, ulsch_DTX 6, BLER 0.00000 MCS (0) 0 (Qm 2 deltaMCS 0) NPRB 5 SNR 16.6 (+1.6) RSSI -41.5 CCE fail 224
UE 275b: LCID 1,2,4, goodput DL    0.00 UL    0.00 Mbps

[0m[NR_MAC] Frame.Slot 768.0
UE RNTI 275b CU-UE-ID 1 in-sync PH 45 dB PCMAX 20 dBm, average SINR 40.0 (32 meas)
UE 275b: dlsch_rounds 2324/0/0/0, dlsch_errors 0, pucch0_DTX 0 (SNR 20.8+0.8) RSSI -125.7, BLER 0.00000 MCS (0) 0 (Qm 2) CCE fail 12
UE 275b: ulsch_rounds 13984/6/0/0, ulsch_errors 0, ulsch_DTX 6, BLER 0.00000 MCS (0) 0 (Qm 2 deltaMCS 0) NPRB 5 SNR 16.6 (+1.6) RSSI -41.4 CCE fail 224
UE 275b: LCID 1,2,4, goodput DL    0.00 UL    0.00 Mbps

[0m[NR_MAC] Frame.Slot 896.0
UE RNTI 275b CU-UE-ID 1 in-sync PH 45 dB PCMAX 20 dBm, average SINR 40.0 (32 meas)
UE 275b: dlsch_rounds 2326/0/0/0, dlsch_errors 0, pucch0_DTX 0 (SNR 20.8+0.8) RSSI -125.7, BLER 0.00000 MCS (0) 0 (Qm 2) CCE fail 12
UE 275b: ulsch_rounds 13999/6/0/0, ulsch_errors 0, ulsch_DTX 6, BLER 0.00000 MCS (0) 0 (Qm 2 deltaMCS 0) NPRB 5 SNR 16.4 (+1.4) RSSI -41.4 CCE fail 224
UE 275b: LCID 1,2,4, goodput DL    0.00 UL    0.00 Mbps

[0m[NR_MAC] Frame.Slot 0.0
UE RNTI 275b CU-UE-ID 1 in-sync PH 45 dB PCMAX 20 dBm, average SINR 40.0 (32 meas)
UE 275b: dlsch_rounds 2329/0/0/0, dlsch_errors 0, pucch0_DTX 0 (SNR 20.8+0.8) RSSI -125.7, BLER 0.00000 MCS (0) 0 (Qm 2) CCE fail 12
UE 275b: ulsch_rounds 14014/6/0/0, ulsch_errors 0, ulsch_DTX 6, BLER 0.00000 MCS (0) 0 (Qm 2 deltaMCS 0) NPRB 5 SNR 17.7 (+2.7) RSSI -41.4 CCE fail 224
UE 275b: LCID 1,2,4, goodput DL    0.00 UL    0.00 Mbps

[0m[NR_MAC] Frame.Slot 128.0
UE RNTI 275b CU-UE-ID 1 in-sync PH 45 dB PCMAX 20 dBm, average SINR 40.0 (32 meas)
UE 275b: dlsch_rounds 2331/0/0/0, dlsch_errors 0, pucch0_DTX 0 (SNR 20.8+0.8) RSSI -125.7, BLER 0.00000 MCS (0) 0 (Qm 2) CCE fail 12
UE 275b: ulsch_rounds 14028/6/0/0, ulsch_errors 0, ulsch_DTX 6, BLER 0.00000 MCS (0) 0 (Qm 2 deltaMCS 0) NPRB 5 SNR 16.6 (+1.6) RSSI -41.4 CCE fail 224
UE 275b: LCID 1,2,4, goodput DL    0.00 UL    0.00 Mbps

[0m[NR_MAC] Frame.Slot 256.0
UE RNTI 275b CU-UE-ID 1 in-sync PH 45 dB PCMAX 20 dBm, average SINR 40.0 (32 meas)
UE 275b: dlsch_rounds 2333/0/0/0, dlsch_errors 0, pucch0_DTX 0 (SNR 20.8+0.8) RSSI -125.7, BLER 0.00000 MCS (0) 0 (Qm 2) CCE fail 12
UE 275b: ulsch_rounds 14044/6/0/0, ulsch_errors 0, ulsch_DTX 6, BLER 0.00000 MCS (0) 0 (Qm 2 deltaMCS 0) NPRB 5 SNR 16.4 (+1.4) RSSI -41.3 CCE fail 224
UE 275b: LCID 1,2,4, goodput DL    0.00 UL    0.00 Mbps

[0m[NR_MAC] Frame.Slot 384.0
UE RNTI 275b CU-UE-ID 1 in-sync PH 45 dB PCMAX 20 dBm, average SINR 40.0 (32 meas)
UE 275b: dlsch_rounds 2336/0/0/0, dlsch_errors 0, pucch0_DTX 0 (SNR 20.8+0.8) RSSI -125.7, BLER 0.00000 MCS (0) 0 (Qm 2) CCE fail 12
UE 275b: ulsch_rounds 14059/6/0/0, ulsch_errors 0, ulsch_DTX 6, BLER 0.00000 MCS (0) 0 (Qm 2 deltaMCS 0) NPRB 5 SNR 16.1 (+1.1) RSSI -41.3 CCE fail 224
UE 275b: LCID 1,2,4, goodput DL    0.00 UL    0.00 Mbps

[0m[NR_MAC] Frame.Slot 512.0
UE RNTI 275b CU-UE-ID 1 in-sync PH 45 dB PCMAX 20 dBm, average SINR 40.0 (32 meas)
UE 275b: dlsch_rounds 2339/0/0/0, dlsch_errors 0, pucch0_DTX 0 (SNR 20.8+0.8) RSSI -125.7, BLER 0.00000 MCS (0) 0 (Qm 2) CCE fail 12
UE 275b: ulsch_rounds 14073/6/0/0, ulsch_errors 0, ulsch_DTX 6, BLER 0.00000 MCS (0) 0 (Qm 2 deltaMCS 0) NPRB 5 SNR 16.8 (+1.8) RSSI -41.4 CCE fail 224
UE 275b: LCID 1,2,4, goodput DL    0.00 UL    0.00 Mbps

[0m[NR_MAC] Frame.Slot 640.0
UE RNTI 275b CU-UE-ID 1 in-sync PH 45 dB PCMAX 20 dBm, average SINR 40.0 (32 meas)
UE 275b: dlsch_rounds 2341/0/0/0, dlsch_errors 0, pucch0_DTX 0 (SNR 20.8+0.8) RSSI -125.7, BLER 0.00000 MCS (0) 0 (Qm 2) CCE fail 12
UE 275b: ulsch_rounds 14087/6/0/0, ulsch_errors 0, ulsch_DTX 6, BLER 0.00000 MCS (0) 0 (Qm 2 deltaMCS 0) NPRB 5 SNR 16.8 (+1.8) RSSI -41.4 CCE fail 224
UE 275b: LCID 1,2,4, goodput DL    0.00 UL    0.00 Mbps

[0m[NR_MAC] Frame.Slot 768.0
UE RNTI 275b CU-UE-ID 1 in-sync PH 45 dB PCMAX 20 dBm, average SINR 40.0 (32 meas)
UE 275b: dlsch_rounds 2344/0/0/0, dlsch_errors 0, pucch0_DTX 0 (SNR 20.8+0.8) RSSI -125.7, BLER 0.00000 MCS (0) 0 (Qm 2) CCE fail 12
UE 275b: ulsch_rounds 14104/6/0/0, ulsch_errors 0, ulsch_DTX 6, BLER 0.00000 MCS (0) 1 (Qm 2 deltaMCS 0) NPRB 5 SNR 16.4 (+1.4) RSSI -41.2 CCE fail 225
UE 275b: LCID 1,2,4, goodput DL    0.00 UL    0.00 Mbps

[0m[NR_MAC] Frame.Slot 896.0
UE RNTI 275b CU-UE-ID 1 in-sync PH 45 dB PCMAX 20 dBm, average SINR 40.0 (32 meas)
UE 275b: dlsch_rounds 2347/0/0/0, dlsch_errors 0, pucch0_DTX 0 (SNR 20.8+0.8) RSSI -125.7, BLER 0.00000 MCS (0) 0 (Qm 2) CCE fail 12
UE 275b: ulsch_rounds 14117/6/0/0, ulsch_errors 0, ulsch_DTX 6, BLER 0.00000 MCS (0) 0 (Qm 2 deltaMCS 0) NPRB 5 SNR 16.4 (+1.4) RSSI -41.3 CCE fail 225
UE 275b: LCID 1,2,4, goodput DL    0.00 UL    0.00 Mbps

[0m[NR_MAC] Frame.Slot 0.0
UE RNTI 275b CU-UE-ID 1 in-sync PH 45 dB PCMAX 20 dBm, average SINR 40.0 (32 meas)
UE 275b: dlsch_rounds 2349/0/0/0, dlsch_errors 0, pucch0_DTX 0 (SNR 20.8+0.8) RSSI -125.7, BLER 0.00000 MCS (0) 0 (Qm 2) CCE fail 12
UE 275b: ulsch_rounds 14132/6/0/0, ulsch_errors 0, ulsch_DTX 6, BLER 0.00000 MCS (0) 0 (Qm 2 deltaMCS 0) NPRB 5 SNR 18.1 (+3.1) RSSI -41.3 CCE fail 225
UE 275b: LCID 1,2,4, goodput DL    0.00 UL    0.00 Mbps

[0m[NR_MAC] Frame.Slot 128.0
UE RNTI 275b CU-UE-ID 1 in-sync PH 45 dB PCMAX 20 dBm, average SINR 40.0 (32 meas)
UE 275b: dlsch_rounds 2351/0/0/0, dlsch_errors 0, pucch0_DTX 0 (SNR 20.8+0.8) RSSI -125.7, BLER 0.00000 MCS (0) 0 (Qm 2) CCE fail 12
UE 275b: ulsch_rounds 14147/6/0/0, ulsch_errors 0, ulsch_DTX 6, BLER 0.00000 MCS (0) 0 (Qm 2 deltaMCS 0) NPRB 5 SNR 17.7 (+2.7) RSSI -41.3 CCE fail 225
UE 275b: LCID 1,2,4, goodput DL    0.00 UL    0.00 Mbps

[0m[NR_MAC] Frame.Slot 256.0
UE RNTI 275b CU-UE-ID 1 in-sync PH 45 dB PCMAX 20 dBm, average SINR 40.0 (32 meas)
UE 275b: dlsch_rounds 2353/0/0/0, dlsch_errors 0, pucch0_DTX 0 (SNR 20.8+0.8) RSSI -125.7, BLER 0.00000 MCS (0) 0 (Qm 2) CCE fail 12
UE 275b: ulsch_rounds 14163/6/0/0, ulsch_errors 0, ulsch_DTX 6, BLER 0.00000 MCS (0) 0 (Qm 2 deltaMCS 0) NPRB 5 SNR 16.3 (+1.3) RSSI -41.4 CCE fail 226
UE 275b: LCID 1,2,4, goodput DL    0.00 UL    0.00 Mbps

[0m[NR_MAC] Frame.Slot 384.0
UE RNTI 275b CU-UE-ID 1 in-sync PH 45 dB PCMAX 20 dBm, average SINR 40.0 (32 meas)
UE 275b: dlsch_rounds 2357/0/0/0, dlsch_errors 0, pucch0_DTX 0 (SNR 20.8+0.8) RSSI -125.7, BLER 0.00000 MCS (0) 0 (Qm 2) CCE fail 12
UE 275b: ulsch_rounds 14178/6/0/0, ulsch_errors 0, ulsch_DTX 6, BLER 0.00000 MCS (0) 0 (Qm 2 deltaMCS 0) NPRB 5 SNR 16.3 (+1.3) RSSI -41.3 CCE fail 226
UE 275b: LCID 1,2,4, goodput DL    0.00 UL    0.00 Mbps

[0m[NR_MAC] Frame.Slot 512.0
UE RNTI 275b CU-UE-ID 1 in-sync PH 45 dB PCMAX 20 dBm, average SINR 40.0 (32 meas)
UE 275b: dlsch_rounds 2359/0/0/0, dlsch_errors 0, pucch0_DTX 0 (SNR 20.8+0.8) RSSI -125.7, BLER 0.00000 MCS (0) 0 (Qm 2) CCE fail 12
UE 275b: ulsch_rounds 14192/6/0/0, ulsch_errors 0, ulsch_DTX 6, BLER 0.00000 MCS (0) 0 (Qm 2 deltaMCS 0) NPRB 5 SNR 17.9 (+2.9) RSSI -41.3 CCE fail 226
UE 275b: LCID 1,2,4, goodput DL    0.00 UL    0.00 Mbps

[0m[NR_MAC] Frame.Slot 640.0
UE RNTI 275b CU-UE-ID 1 in-sync PH 45 dB PCMAX 20 dBm, average SINR 40.0 (32 meas)
UE 275b: dlsch_rounds 2361/0/0/0, dlsch_errors 0, pucch0_DTX 0 (SNR 20.8+0.8) RSSI -125.7, BLER 0.00000 MCS (0) 0 (Qm 2) CCE fail 12
UE 275b: ulsch_rounds 14206/6/0/0, ulsch_errors 0, ulsch_DTX 6, BLER 0.00000 MCS (0) 0 (Qm 2 deltaMCS 0) NPRB 5 SNR 16.8 (+1.8) RSSI -41.3 CCE fail 226
UE 275b: LCID 1,2,4, goodput DL    0.00 UL    0.00 Mbps

[0m[NR_MAC] Frame.Slot 768.0
UE RNTI 275b CU-UE-ID 1 in-sync PH 45 dB PCMAX 20 dBm, average SINR 40.0 (32 meas)
UE 275b: dlsch_rounds 2364/0/0/0, dlsch_errors 0, pucch0_DTX 0 (SNR 20.8+0.8) RSSI -125.7, BLER 0.00000 MCS (0) 0 (Qm 2) CCE fail 12
UE 275b: ulsch_rounds 14222/6/0/0, ulsch_errors 0, ulsch_DTX 6, BLER 0.00000 MCS (0) 0 (Qm 2 deltaMCS 0) NPRB 5 SNR 16.7 (+1.7) RSSI -41.3 CCE fail 226
UE 275b: LCID 1,2,4, goodput DL    0.00 UL    0.00 Mbps

[0m[NR_MAC] Frame.Slot 896.0
UE RNTI 275b CU-UE-ID 1 in-sync PH 45 dB PCMAX 20 dBm, average SINR 40.0 (32 meas)
UE 275b: dlsch_rounds 2367/0/0/0, dlsch_errors 0, pucch0_DTX 0 (SNR 20.8+0.8) RSSI -125.7, BLER 0.00000 MCS (0) 0 (Qm 2) CCE fail 12
UE 275b: ulsch_rounds 14237/6/0/0, ulsch_errors 0, ulsch_DTX 6, BLER 0.00000 MCS (0) 0 (Qm 2 deltaMCS 0) NPRB 5 SNR 16.5 (+1.5) RSSI -41.3 CCE fail 226
UE 275b: LCID 1,2,4, goodput DL    0.00 UL    0.00 Mbps

[0m[NR_MAC] Frame.Slot 0.0
UE RNTI 275b CU-UE-ID 1 in-sync PH 45 dB PCMAX 20 dBm, average SINR 40.0 (32 meas)
UE 275b: dlsch_rounds 2369/0/0/0, dlsch_errors 0, pucch0_DTX 0 (SNR 20.8+0.8) RSSI -125.7, BLER 0.00000 MCS (0) 0 (Qm 2) CCE fail 12
UE 275b: ulsch_rounds 14252/6/0/0, ulsch_errors 0, ulsch_DTX 6, BLER 0.00000 MCS (0) 0 (Qm 2 deltaMCS 0) NPRB 5 SNR 17.9 (+2.9) RSSI -41.3 CCE fail 226
UE 275b: LCID 1,2,4, goodput DL    0.00 UL    0.00 Mbps

[0m[NR_MAC] Frame.Slot 128.0
UE RNTI 275b CU-UE-ID 1 in-sync PH 45 dB PCMAX 20 dBm, average SINR 40.0 (32 meas)
UE 275b: dlsch_rounds 2371/0/0/0, dlsch_errors 0, pucch0_DTX 0 (SNR 20.8+0.8) RSSI -125.7, BLER 0.00000 MCS (0) 0 (Qm 2) CCE fail 12
UE 275b: ulsch_rounds 14265/6/0/0, ulsch_errors 0, ulsch_DTX 6, BLER 0.00000 MCS (0) 0 (Qm 2 deltaMCS 0) NPRB 5 SNR 16.9 (+1.9) RSSI -41.3 CCE fail 226
UE 275b: LCID 1,2,4, goodput DL    0.00 UL    0.00 Mbps

[0m[NR_MAC] Frame.Slot 256.0
UE RNTI 275b CU-UE-ID 1 in-sync PH 45 dB PCMAX 20 dBm, average SINR 40.0 (32 meas)
UE 275b: dlsch_rounds 2374/0/0/0, dlsch_errors 0, pucch0_DTX 0 (SNR 20.8+0.8) RSSI -125.7, BLER 0.00000 MCS (0) 0 (Qm 2) CCE fail 12
UE 275b: ulsch_rounds 14281/6/0/0, ulsch_errors 0, ulsch_DTX 6, BLER 0.00000 MCS (0) 0 (Qm 2 deltaMCS 0) NPRB 5 SNR 16.6 (+1.6) RSSI -41.3 CCE fail 226
UE 275b: LCID 1,2,4, goodput DL    0.00 UL    0.00 Mbps

[0m[NR_MAC] Frame.Slot 384.0
UE RNTI 275b CU-UE-ID 1 in-sync PH 45 dB PCMAX 20 dBm, average SINR 40.0 (32 meas)
UE 275b: dlsch_rounds 2377/0/0/0, dlsch_errors 0, pucch0_DTX 0 (SNR 20.8+0.8) RSSI -125.7, BLER 0.00000 MCS (0) 0 (Qm 2) CCE fail 13
UE 275b: ulsch_rounds 14297/6/0/0, ulsch_errors 0, ulsch_DTX 6, BLER 0.00000 MCS (0) 0 (Qm 2 deltaMCS 0) NPRB 5 SNR 16.3 (+1.3) RSSI -41.2 CCE fail 226
UE 275b: LCID 1,2,4, goodput DL    0.00 UL    0.00 Mbps

[0m[NR_MAC] Frame.Slot 512.0
UE RNTI 275b CU-UE-ID 1 in-sync PH 45 dB PCMAX 20 dBm, average SINR 40.0 (32 meas)
UE 275b: dlsch_rounds 2379/0/0/0, dlsch_errors 0, pucch0_DTX 0 (SNR 20.8+0.8) RSSI -125.7, BLER 0.00000 MCS (0) 0 (Qm 2) CCE fail 13
UE 275b: ulsch_rounds 14311/6/0/0, ulsch_errors 0, ulsch_DTX 6, BLER 0.00000 MCS (0) 0 (Qm 2 deltaMCS 0) NPRB 5 SNR 16.9 (+1.9) RSSI -41.2 CCE fail 226
UE 275b: LCID 1,2,4, goodput DL    0.00 UL    0.00 Mbps

[0m[NR_MAC] Frame.Slot 640.0
UE RNTI 275b CU-UE-ID 1 in-sync PH 45 dB PCMAX 20 dBm, average SINR 40.0 (32 meas)
UE 275b: dlsch_rounds 2382/0/0/0, dlsch_errors 0, pucch0_DTX 0 (SNR 20.8+0.8) RSSI -125.7, BLER 0.00000 MCS (0) 0 (Qm 2) CCE fail 13
UE 275b: ulsch_rounds 14325/6/0/0, ulsch_errors 0, ulsch_DTX 6, BLER 0.00000 MCS (0) 0 (Qm 2 deltaMCS 0) NPRB 5 SNR 16.9 (+1.9) RSSI -41.3 CCE fail 226
UE 275b: LCID 1,2,4, goodput DL    0.00 UL    0.00 Mbps

[0m[NR_MAC] Frame.Slot 768.0
UE RNTI 275b CU-UE-ID 1 in-sync PH 45 dB PCMAX 20 dBm, average SINR 40.0 (32 meas)
UE 275b: dlsch_rounds 2384/0/0/0, dlsch_errors 0, pucch0_DTX 0 (SNR 20.8+0.8) RSSI -125.7, BLER 0.00000 MCS (0) 0 (Qm 2) CCE fail 13
UE 275b: ulsch_rounds 14340/6/0/0, ulsch_errors 0, ulsch_DTX 6, BLER 0.00000 MCS (0) 0 (Qm 2 deltaMCS 0) NPRB 5 SNR 16.7 (+1.7) RSSI -41.3 CCE fail 226
UE 275b: LCID 1,2,4, goodput DL    0.00 UL    0.00 Mbps

[0m[NR_MAC] Frame.Slot 896.0
UE RNTI 275b CU-UE-ID 1 in-sync PH 45 dB PCMAX 20 dBm, average SINR 40.0 (32 meas)
UE 275b: dlsch_rounds 2387/0/0/0, dlsch_errors 0, pucch0_DTX 0 (SNR 20.8+0.8) RSSI -125.7, BLER 0.00000 MCS (0) 0 (Qm 2) CCE fail 13
UE 275b: ulsch_rounds 14355/6/0/0, ulsch_errors 0, ulsch_DTX 6, BLER 0.00000 MCS (0) 0 (Qm 2 deltaMCS 0) NPRB 5 SNR 16.5 (+1.5) RSSI -41.2 CCE fail 226
UE 275b: LCID 1,2,4, goodput DL    0.00 UL    0.00 Mbps

[0m[NR_MAC] Frame.Slot 0.0
UE RNTI 275b CU-UE-ID 1 in-sync PH 45 dB PCMAX 20 dBm, average SINR 40.0 (32 meas)
UE 275b: dlsch_rounds 2389/0/0/0, dlsch_errors 0, pucch0_DTX 0 (SNR 20.8+0.8) RSSI -125.7, BLER 0.00000 MCS (0) 0 (Qm 2) CCE fail 13
UE 275b: ulsch_rounds 14370/6/0/0, ulsch_errors 0, ulsch_DTX 6, BLER 0.00000 MCS (0) 0 (Qm 2 deltaMCS 0) NPRB 5 SNR 17.4 (+2.4) RSSI -41.3 CCE fail 226
UE 275b: LCID 1,2,4, goodput DL    0.00 UL    0.00 Mbps

[0m[NR_MAC] Frame.Slot 128.0
UE RNTI 275b CU-UE-ID 1 in-sync PH 45 dB PCMAX 20 dBm, average SINR 40.0 (32 meas)
UE 275b: dlsch_rounds 2392/0/0/0, dlsch_errors 0, pucch0_DTX 0 (SNR 20.8+0.8) RSSI -125.7, BLER 0.00000 MCS (0) 0 (Qm 2) CCE fail 13
UE 275b: ulsch_rounds 14385/6/0/0, ulsch_errors 0, ulsch_DTX 6, BLER 0.00000 MCS (0) 0 (Qm 2 deltaMCS 0) NPRB 5 SNR 17.9 (+2.9) RSSI -41.3 CCE fail 226
UE 275b: LCID 1,2,4, goodput DL    0.00 UL    0.00 Mbps

[0m[NR_MAC] Frame.Slot 256.0
UE RNTI 275b CU-UE-ID 1 in-sync PH 45 dB PCMAX 20 dBm, average SINR 40.0 (32 meas)
UE 275b: dlsch_rounds 2394/0/0/0, dlsch_errors 0, pucch0_DTX 0 (SNR 20.8+0.8) RSSI -125.7, BLER 0.00000 MCS (0) 0 (Qm 2) CCE fail 13
UE 275b: ulsch_rounds 14400/6/0/0, ulsch_errors 0, ulsch_DTX 6, BLER 0.00000 MCS (0) 0 (Qm 2 deltaMCS 0) NPRB 5 SNR 17.5 (+2.5) RSSI -41.4 CCE fail 226
UE 275b: LCID 1,2,4, goodput DL    0.00 UL    0.00 Mbps

[0m[NR_MAC] Frame.Slot 384.0
UE RNTI 275b CU-UE-ID 1 in-sync PH 45 dB PCMAX 20 dBm, average SINR 40.0 (32 meas)
UE 275b: dlsch_rounds 2397/0/0/0, dlsch_errors 0, pucch0_DTX 0 (SNR 20.8+0.8) RSSI -125.7, BLER 0.00000 MCS (0) 0 (Qm 2) CCE fail 13
UE 275b: ulsch_rounds 14415/6/0/0, ulsch_errors 0, ulsch_DTX 6, BLER 0.00000 MCS (0) 0 (Qm 2 deltaMCS 0) NPRB 5 SNR 16.6 (+1.6) RSSI -41.2 CCE fail 226
UE 275b: LCID 1,2,4, goodput DL    0.00 UL    0.00 Mbps

[0m[NR_MAC] Frame.Slot 512.0
UE RNTI 275b CU-UE-ID 1 in-sync PH 45 dB PCMAX 20 dBm, average SINR 40.0 (32 meas)
UE 275b: dlsch_rounds 2399/0/0/0, dlsch_errors 0, pucch0_DTX 0 (SNR 20.8+0.8) RSSI -125.7, BLER 0.00000 MCS (0) 0 (Qm 2) CCE fail 13
UE 275b: ulsch_rounds 14430/6/0/0, ulsch_errors 0, ulsch_DTX 6, BLER 0.00000 MCS (0) 0 (Qm 2 deltaMCS 0) NPRB 5 SNR 16.4 (+1.4) RSSI -41.3 CCE fail 226
UE 275b: LCID 1,2,4, goodput DL    0.00 UL    0.00 Mbps

[0m[NR_MAC] Frame.Slot 640.0
UE RNTI 275b CU-UE-ID 1 in-sync PH 45 dB PCMAX 20 dBm, average SINR 40.0 (32 meas)
UE 275b: dlsch_rounds 2402/0/0/0, dlsch_errors 0, pucch0_DTX 0 (SNR 20.8+0.8) RSSI -125.7, BLER 0.00000 MCS (0) 0 (Qm 2) CCE fail 13
UE 275b: ulsch_rounds 14443/7/0/0, ulsch_errors 0, ulsch_DTX 7, BLER 0.00000 MCS (0) 0 (Qm 2 deltaMCS 0) NPRB 5 SNR 45.0 (+30.0) RSSI -41.2 CCE fail 226
UE 275b: LCID 1,2,4, goodput DL    0.00 UL    0.00 Mbps

[0m[NR_MAC] Frame.Slot 768.0
UE RNTI 275b CU-UE-ID 1 in-sync PH 45 dB PCMAX 20 dBm, average SINR 40.0 (32 meas)
UE 275b: dlsch_rounds 2404/0/0/0, dlsch_errors 0, pucch0_DTX 0 (SNR 20.8+0.8) RSSI -125.7, BLER 0.00000 MCS (0) 0 (Qm 2) CCE fail 13
UE 275b: ulsch_rounds 14457/7/0/0, ulsch_errors 0, ulsch_DTX 7, BLER 0.02824 MCS (0) 0 (Qm 2 deltaMCS 0) NPRB 5 SNR 35.0 (+20.0) RSSI -41.2 CCE fail 226
UE 275b: LCID 1,2,4, goodput DL    0.00 UL    0.00 Mbps

[0m[NR_MAC] Frame.Slot 896.0
UE RNTI 275b CU-UE-ID 1 in-sync PH 45 dB PCMAX 20 dBm, average SINR 40.0 (32 meas)
UE 275b: dlsch_rounds 2407/0/0/0, dlsch_errors 0, pucch0_DTX 0 (SNR 20.8+0.8) RSSI -125.7, BLER 0.00000 MCS (0) 0 (Qm 2) CCE fail 13
UE 275b: ulsch_rounds 14474/7/0/0, ulsch_errors 0, ulsch_DTX 7, BLER 0.00718 MCS (0) 0 (Qm 2 deltaMCS 0) NPRB 5 SNR 25.7 (+10.7) RSSI -41.3 CCE fail 226
UE 275b: LCID 1,2,4, goodput DL    0.00 UL    0.00 Mbps

[0m[NR_MAC] Frame.Slot 0.0
UE RNTI 275b CU-UE-ID 1 in-sync PH 45 dB PCMAX 20 dBm, average SINR 40.0 (32 meas)
UE 275b: dlsch_rounds 2410/0/0/0, dlsch_errors 0, pucch0_DTX 0 (SNR 20.8+0.8) RSSI -125.7, BLER 0.00000 MCS (0) 0 (Qm 2) CCE fail 13
UE 275b: ulsch_rounds 14488/7/0/0, ulsch_errors 0, ulsch_DTX 7, BLER 0.00203 MCS (0) 0 (Qm 2 deltaMCS 0) NPRB 5 SNR 21.0 (+6.0) RSSI -41.3 CCE fail 226
UE 275b: LCID 1,2,4, goodput DL    0.00 UL    0.00 Mbps

[0m[NR_MAC] Frame.Slot 128.0
UE RNTI 275b CU-UE-ID 1 in-sync PH 45 dB PCMAX 20 dBm, average SINR 40.0 (32 meas)
UE 275b: dlsch_rounds 2412/0/0/0, dlsch_errors 0, pucch0_DTX 0 (SNR 20.8+0.8) RSSI -125.7, BLER 0.00000 MCS (0) 0 (Qm 2) CCE fail 13
UE 275b: ulsch_rounds 14502/7/0/0, ulsch_errors 0, ulsch_DTX 7, BLER 0.00052 MCS (0) 0 (Qm 2 deltaMCS 0) NPRB 5 SNR 19.2 (+4.2) RSSI -41.4 CCE fail 226
UE 275b: LCID 1,2,4, goodput DL    0.00 UL    0.00 Mbps

[0m[NR_MAC] Frame.Slot 256.0
UE RNTI 275b CU-UE-ID 1 in-sync PH 45 dB PCMAX 20 dBm, average SINR 40.0 (32 meas)
UE 275b: dlsch_rounds 2414/0/0/0, dlsch_errors 0, pucch0_DTX 0 (SNR 20.8+0.8) RSSI -125.7, BLER 0.00000 MCS (0) 0 (Qm 2) CCE fail 13
UE 275b: ulsch_rounds 14517/7/0/0, ulsch_errors 0, ulsch_DTX 7, BLER 0.00013 MCS (0) 0 (Qm 2 deltaMCS 0) NPRB 5 SNR 17.7 (+2.7) RSSI -41.4 CCE fail 226
UE 275b: LCID 1,2,4, goodput DL    0.00 UL    0.00 Mbps

[0m[NR_MAC] Frame.Slot 384.0
UE RNTI 275b CU-UE-ID 1 in-sync PH 45 dB PCMAX 20 dBm, average SINR 40.0 (32 meas)
UE 275b: dlsch_rounds 2417/0/0/0, dlsch_errors 0, pucch0_DTX 0 (SNR 20.8+0.8) RSSI -125.7, BLER 0.00000 MCS (0) 0 (Qm 2) CCE fail 13
UE 275b: ulsch_rounds 14534/7/0/0, ulsch_errors 0, ulsch_DTX 7, BLER 0.00003 MCS (0) 0 (Qm 2 deltaMCS 0) NPRB 5 SNR 16.4 (+1.4) RSSI -41.3 CCE fail 226
UE 275b: LCID 1,2,4, goodput DL    0.00 UL    0.00 Mbps

[0m[NR_MAC] Frame.Slot 512.0
UE RNTI 275b CU-UE-ID 1 in-sync PH 45 dB PCMAX 20 dBm, average SINR 40.0 (32 meas)
UE 275b: dlsch_rounds 2420/0/0/0, dlsch_errors 0, pucch0_DTX 0 (SNR 20.8+0.8) RSSI -125.7, BLER 0.00000 MCS (0) 0 (Qm 2) CCE fail 13
UE 275b: ulsch_rounds 14548/7/0/0, ulsch_errors 0, ulsch_DTX 7, BLER 0.00001 MCS (0) 0 (Qm 2 deltaMCS 0) NPRB 5 SNR 16.1 (+1.1) RSSI -41.4 CCE fail 226
UE 275b: LCID 1,2,4, goodput DL    0.00 UL    0.00 Mbps

[0m[NR_MAC] Frame.Slot 640.0
UE RNTI 275b CU-UE-ID 1 in-sync PH 45 dB PCMAX 20 dBm, average SINR 40.0 (32 meas)
UE 275b: dlsch_rounds 2422/0/0/0, dlsch_errors 0, pucch0_DTX 0 (SNR 20.8+0.8) RSSI -125.7, BLER 0.00000 MCS (0) 0 (Qm 2) CCE fail 13
UE 275b: ulsch_rounds 14561/7/0/0, ulsch_errors 0, ulsch_DTX 7, BLER 0.00000 MCS (0) 0 (Qm 2 deltaMCS 0) NPRB 5 SNR 17.1 (+2.1) RSSI -41.3 CCE fail 226
UE 275b: LCID 1,2,4, goodput DL    0.00 UL    0.00 Mbps

[0m[NR_MAC] Frame.Slot 768.0
UE RNTI 275b CU-UE-ID 1 in-sync PH 45 dB PCMAX 20 dBm, average SINR 40.0 (32 meas)
UE 275b: dlsch_rounds 2424/0/0/0, dlsch_errors 0, pucch0_DTX 0 (SNR 20.8+0.8) RSSI -125.7, BLER 0.00000 MCS (0) 0 (Qm 2) CCE fail 13
UE 275b: ulsch_rounds 14576/7/0/0, ulsch_errors 0, ulsch_DTX 7, BLER 0.00000 MCS (0) 0 (Qm 2 deltaMCS 0) NPRB 5 SNR 17.8 (+2.8) RSSI -41.4 CCE fail 226
UE 275b: LCID 1,2,4, goodput DL    0.00 UL    0.00 Mbps

[0m[NR_MAC] Frame.Slot 896.0
UE RNTI 275b CU-UE-ID 1 in-sync PH 45 dB PCMAX 20 dBm, average SINR 40.0 (32 meas)
UE 275b: dlsch_rounds 2428/0/0/0, dlsch_errors 0, pucch0_DTX 0 (SNR 20.8+0.8) RSSI -125.7, BLER 0.00000 MCS (0) 0 (Qm 2) CCE fail 13
UE 275b: ulsch_rounds 14592/7/0/0, ulsch_errors 0, ulsch_DTX 7, BLER 0.00000 MCS (0) 0 (Qm 2 deltaMCS 0) NPRB 5 SNR 16.4 (+1.4) RSSI -41.3 CCE fail 226
UE 275b: LCID 1,2,4, goodput DL    0.00 UL    0.00 Mbps

[0m[NR_MAC] Frame.Slot 0.0
UE RNTI 275b CU-UE-ID 1 in-sync PH 45 dB PCMAX 20 dBm, average SINR 40.0 (32 meas)
UE 275b: dlsch_rounds 2430/0/0/0, dlsch_errors 0, pucch0_DTX 0 (SNR 20.8+0.8) RSSI -125.7, BLER 0.00000 MCS (0) 0 (Qm 2) CCE fail 13
UE 275b: ulsch_rounds 14607/7/0/0, ulsch_errors 0, ulsch_DTX 7, BLER 0.00000 MCS (0) 0 (Qm 2 deltaMCS 0) NPRB 5 SNR 16.5 (+1.5) RSSI -41.3 CCE fail 226
UE 275b: LCID 1,2,4, goodput DL    0.00 UL    0.00 Mbps

[0m[NR_MAC] Frame.Slot 128.0
UE RNTI 275b CU-UE-ID 1 in-sync PH 45 dB PCMAX 20 dBm, average SINR 40.0 (32 meas)
UE 275b: dlsch_rounds 2432/0/0/0, dlsch_errors 0, pucch0_DTX 0 (SNR 20.8+0.8) RSSI -125.7, BLER 0.00000 MCS (0) 0 (Qm 2) CCE fail 13
UE 275b: ulsch_rounds 14622/7/0/0, ulsch_errors 0, ulsch_DTX 7, BLER 0.00000 MCS (0) 0 (Qm 2 deltaMCS 0) NPRB 5 SNR 17.9 (+2.9) RSSI -41.3 CCE fail 226
UE 275b: LCID 1,2,4, goodput DL    0.00 UL    0.00 Mbps

[0m[NR_MAC] Frame.Slot 256.0
UE RNTI 275b CU-UE-ID 1 in-sync PH 45 dB PCMAX 20 dBm, average SINR 40.0 (32 meas)
UE 275b: dlsch_rounds 2434/0/0/0, dlsch_errors 0, pucch0_DTX 0 (SNR 20.8+0.8) RSSI -125.7, BLER 0.00000 MCS (0) 0 (Qm 2) CCE fail 14
UE 275b: ulsch_rounds 14636/7/0/0, ulsch_errors 0, ulsch_DTX 7, BLER 0.00000 MCS (0) 0 (Qm 2 deltaMCS 0) NPRB 5 SNR 17.7 (+2.7) RSSI -41.3 CCE fail 226
UE 275b: LCID 1,2,4, goodput DL    0.00 UL    0.00 Mbps

[0m[NR_MAC] Frame.Slot 384.0
UE RNTI 275b CU-UE-ID 1 in-sync PH 45 dB PCMAX 20 dBm, average SINR 40.0 (32 meas)
UE 275b: dlsch_rounds 2437/0/0/0, dlsch_errors 0, pucch0_DTX 0 (SNR 20.8+0.8) RSSI -125.7, BLER 0.00000 MCS (0) 0 (Qm 2) CCE fail 14
UE 275b: ulsch_rounds 14652/7/0/0, ulsch_errors 0, ulsch_DTX 7, BLER 0.00000 MCS (0) 0 (Qm 2 deltaMCS 0) NPRB 5 SNR 16.6 (+1.6) RSSI -41.3 CCE fail 226
UE 275b: LCID 1,2,4, goodput DL    0.00 UL    0.00 Mbps

[0m[NR_MAC] Frame.Slot 512.0
UE RNTI 275b CU-UE-ID 1 in-sync PH 45 dB PCMAX 20 dBm, average SINR 40.0 (32 meas)
UE 275b: dlsch_rounds 2440/0/0/0, dlsch_errors 0, pucch0_DTX 0 (SNR 20.8+0.8) RSSI -125.7, BLER 0.00000 MCS (0) 0 (Qm 2) CCE fail 14
UE 275b: ulsch_rounds 14667/7/0/0, ulsch_errors 0, ulsch_DTX 7, BLER 0.00000 MCS (0) 0 (Qm 2 deltaMCS 0) NPRB 5 SNR 16.4 (+1.4) RSSI -41.4 CCE fail 226
UE 275b: LCID 1,2,4, goodput DL    0.00 UL    0.00 Mbps

[0m[NR_MAC] Frame.Slot 640.0
UE RNTI 275b CU-UE-ID 1 in-sync PH 45 dB PCMAX 20 dBm, average SINR 40.0 (32 meas)
UE 275b: dlsch_rounds 2442/0/0/0, dlsch_errors 0, pucch0_DTX 0 (SNR 20.8+0.8) RSSI -125.7, BLER 0.00000 MCS (0) 0 (Qm 2) CCE fail 14
UE 275b: ulsch_rounds 14681/7/0/0, ulsch_errors 0, ulsch_DTX 7, BLER 0.00000 MCS (0) 0 (Qm 2 deltaMCS 0) NPRB 5 SNR 17.0 (+2.0) RSSI -41.3 CCE fail 226
UE 275b: LCID 1,2,4, goodput DL    0.00 UL    0.00 Mbps

[0m[NR_MAC] Frame.Slot 768.0
UE RNTI 275b CU-UE-ID 1 in-sync PH 45 dB PCMAX 20 dBm, average SINR 40.0 (32 meas)
UE 275b: dlsch_rounds 2445/0/0/0, dlsch_errors 0, pucch0_DTX 0 (SNR 20.8+0.8) RSSI -125.7, BLER 0.00000 MCS (0) 0 (Qm 2) CCE fail 14
UE 275b: ulsch_rounds 14695/7/0/0, ulsch_errors 0, ulsch_DTX 7, BLER 0.00000 MCS (0) 0 (Qm 2 deltaMCS 0) NPRB 5 SNR 16.9 (+1.9) RSSI -41.3 CCE fail 226
UE 275b: LCID 1,2,4, goodput DL    0.00 UL    0.00 Mbps

[0m[NR_MAC] Frame.Slot 896.0
UE RNTI 275b CU-UE-ID 1 in-sync PH 45 dB PCMAX 20 dBm, average SINR 40.0 (32 meas)
UE 275b: dlsch_rounds 2447/0/0/0, dlsch_errors 0, pucch0_DTX 0 (SNR 20.8+0.8) RSSI -125.7, BLER 0.00000 MCS (0) 0 (Qm 2) CCE fail 14
UE 275b: ulsch_rounds 14711/7/0/0, ulsch_errors 0, ulsch_DTX 7, BLER 0.00000 MCS (0) 0 (Qm 2 deltaMCS 0) NPRB 5 SNR 16.9 (+1.9) RSSI -41.4 CCE fail 226
UE 275b: LCID 1,2,4, goodput DL    0.00 UL    0.00 Mbps

[0m[NR_MAC] Frame.Slot 0.0
UE RNTI 275b CU-UE-ID 1 in-sync PH 45 dB PCMAX 20 dBm, average SINR 40.0 (32 meas)
UE 275b: dlsch_rounds 2450/0/0/0, dlsch_errors 0, pucch0_DTX 0 (SNR 20.8+0.8) RSSI -125.7, BLER 0.00000 MCS (0) 0 (Qm 2) CCE fail 14
UE 275b: ulsch_rounds 14726/7/0/0, ulsch_errors 0, ulsch_DTX 7, BLER 0.00000 MCS (0) 0 (Qm 2 deltaMCS 0) NPRB 5 SNR 16.6 (+1.6) RSSI -41.4 CCE fail 226
UE 275b: LCID 1,2,4, goodput DL    0.00 UL    0.00 Mbps

[0m[NR_MAC] Frame.Slot 128.0
UE RNTI 275b CU-UE-ID 1 in-sync PH 45 dB PCMAX 20 dBm, average SINR 40.0 (32 meas)
UE 275b: dlsch_rounds 2452/0/0/0, dlsch_errors 0, pucch0_DTX 0 (SNR 20.8+0.8) RSSI -125.7, BLER 0.00000 MCS (0) 0 (Qm 2) CCE fail 14
UE 275b: ulsch_rounds 14740/7/0/0, ulsch_errors 0, ulsch_DTX 7, BLER 0.00000 MCS (0) 0 (Qm 2 deltaMCS 0) NPRB 5 SNR 17.2 (+2.2) RSSI -41.3 CCE fail 226
UE 275b: LCID 1,2,4, goodput DL    0.00 UL    0.00 Mbps

[0m[NR_MAC] Frame.Slot 256.0
UE RNTI 275b CU-UE-ID 1 in-sync PH 45 dB PCMAX 20 dBm, average SINR 40.0 (32 meas)
UE 275b: dlsch_rounds 2455/0/0/0, dlsch_errors 0, pucch0_DTX 0 (SNR 20.8+0.8) RSSI -125.7, BLER 0.00000 MCS (0) 0 (Qm 2) CCE fail 14
UE 275b: ulsch_rounds 14755/7/0/0, ulsch_errors 0, ulsch_DTX 7, BLER 0.00000 MCS (0) 0 (Qm 2 deltaMCS 0) NPRB 5 SNR 17.9 (+2.9) RSSI -41.4 CCE fail 227
UE 275b: LCID 1,2,4, goodput DL    0.00 UL    0.00 Mbps

[0m[NR_MAC] Frame.Slot 384.0
UE RNTI 275b CU-UE-ID 1 in-sync PH 45 dB PCMAX 20 dBm, average SINR 40.0 (32 meas)
UE 275b: dlsch_rounds 2457/0/0/0, dlsch_errors 0, pucch0_DTX 0 (SNR 20.8+0.8) RSSI -125.7, BLER 0.00000 MCS (0) 0 (Qm 2) CCE fail 14
UE 275b: ulsch_rounds 14771/7/0/0, ulsch_errors 0, ulsch_DTX 7, BLER 0.00000 MCS (0) 0 (Qm 2 deltaMCS 0) NPRB 5 SNR 16.7 (+1.7) RSSI -41.5 CCE fail 227
UE 275b: LCID 1,2,4, goodput DL    0.00 UL    0.00 Mbps

[0m[NR_MAC] Frame.Slot 512.0
UE RNTI 275b CU-UE-ID 1 in-sync PH 45 dB PCMAX 20 dBm, average SINR 40.0 (32 meas)
UE 275b: dlsch_rounds 2460/0/0/0, dlsch_errors 0, pucch0_DTX 0 (SNR 20.8+0.8) RSSI -125.7, BLER 0.00000 MCS (0) 0 (Qm 2) CCE fail 14
UE 275b: ulsch_rounds 14784/7/0/0, ulsch_errors 0, ulsch_DTX 7, BLER 0.00000 MCS (0) 0 (Qm 2 deltaMCS 0) NPRB 5 SNR 16.6 (+1.6) RSSI -41.4 CCE fail 227
UE 275b: LCID 1,2,4, goodput DL    0.00 UL    0.00 Mbps

[0m[NR_MAC] Frame.Slot 640.0
UE RNTI 275b CU-UE-ID 1 in-sync PH 45 dB PCMAX 20 dBm, average SINR 40.0 (32 meas)
UE 275b: dlsch_rounds 2462/0/0/0, dlsch_errors 0, pucch0_DTX 0 (SNR 20.8+0.8) RSSI -125.7, BLER 0.00000 MCS (0) 0 (Qm 2) CCE fail 14
UE 275b: ulsch_rounds 14798/7/0/0, ulsch_errors 0, ulsch_DTX 7, BLER 0.00000 MCS (0) 0 (Qm 2 deltaMCS 0) NPRB 5 SNR 17.5 (+2.5) RSSI -41.3 CCE fail 227
UE 275b: LCID 1,2,4, goodput DL    0.00 UL    0.00 Mbps

[0m[NR_MAC] Frame.Slot 768.0
UE RNTI 275b CU-UE-ID 1 in-sync PH 45 dB PCMAX 20 dBm, average SINR 40.0 (32 meas)
UE 275b: dlsch_rounds 2465/0/0/0, dlsch_errors 0, pucch0_DTX 0 (SNR 20.8+0.8) RSSI -125.7, BLER 0.00000 MCS (0) 0 (Qm 2) CCE fail 14
UE 275b: ulsch_rounds 14813/7/0/0, ulsch_errors 0, ulsch_DTX 7, BLER 0.00000 MCS (0) 0 (Qm 2 deltaMCS 0) NPRB 5 SNR 17.3 (+2.3) RSSI -41.4 CCE fail 227
UE 275b: LCID 1,2,4, goodput DL    0.00 UL    0.00 Mbps

[0m[NR_MAC] Frame.Slot 896.0
UE RNTI 275b CU-UE-ID 1 in-sync PH 45 dB PCMAX 20 dBm, average SINR 40.0 (32 meas)
UE 275b: dlsch_rounds 2467/0/0/0, dlsch_errors 0, pucch0_DTX 0 (SNR 20.8+0.8) RSSI -125.7, BLER 0.00000 MCS (0) 0 (Qm 2) CCE fail 14
UE 275b: ulsch_rounds 14829/7/0/0, ulsch_errors 0, ulsch_DTX 7, BLER 0.00000 MCS (0) 0 (Qm 2 deltaMCS 0) NPRB 5 SNR 17.0 (+2.0) RSSI -41.3 CCE fail 227
UE 275b: LCID 1,2,4, goodput DL    0.00 UL    0.00 Mbps

[0m[NR_MAC] Frame.Slot 0.0
UE RNTI 275b CU-UE-ID 1 in-sync PH 45 dB PCMAX 20 dBm, average SINR 40.0 (32 meas)
UE 275b: dlsch_rounds 2470/0/0/0, dlsch_errors 0, pucch0_DTX 0 (SNR 20.8+0.8) RSSI -125.7, BLER 0.00000 MCS (0) 0 (Qm 2) CCE fail 14
UE 275b: ulsch_rounds 14844/7/0/0, ulsch_errors 0, ulsch_DTX 7, BLER 0.00000 MCS (0) 0 (Qm 2 deltaMCS 0) NPRB 5 SNR 17.0 (+2.0) RSSI -41.3 CCE fail 227
UE 275b: LCID 1,2,4, goodput DL    0.00 UL    0.00 Mbps

[0m[NR_MAC] Frame.Slot 128.0
UE RNTI 275b CU-UE-ID 1 in-sync PH 45 dB PCMAX 20 dBm, average SINR 40.0 (32 meas)
UE 275b: dlsch_rounds 2473/0/0/0, dlsch_errors 0, pucch0_DTX 0 (SNR 20.8+0.8) RSSI -125.7, BLER 0.00000 MCS (0) 0 (Qm 2) CCE fail 14
UE 275b: ulsch_rounds 14858/7/0/0, ulsch_errors 0, ulsch_DTX 7, BLER 0.00000 MCS (0) 0 (Qm 2 deltaMCS 0) NPRB 5 SNR 17.7 (+2.7) RSSI -41.4 CCE fail 227
UE 275b: LCID 1,2,4, goodput DL    0.00 UL    0.00 Mbps

[0m[NR_MAC] Frame.Slot 256.0
UE RNTI 275b CU-UE-ID 1 in-sync PH 45 dB PCMAX 20 dBm, average SINR 40.0 (32 meas)
UE 275b: dlsch_rounds 2475/0/0/0, dlsch_errors 0, pucch0_DTX 0 (SNR 20.8+0.8) RSSI -125.7, BLER 0.00000 MCS (0) 0 (Qm 2) CCE fail 14
UE 275b: ulsch_rounds 14873/7/0/0, ulsch_errors 0, ulsch_DTX 7, BLER 0.00000 MCS (0) 0 (Qm 2 deltaMCS 0) NPRB 5 SNR 18.1 (+3.1) RSSI -41.4 CCE fail 227
UE 275b: LCID 1,2,4, goodput DL    0.00 UL    0.00 Mbps

[0m[NR_MAC] Frame.Slot 384.0
UE RNTI 275b CU-UE-ID 1 in-sync PH 45 dB PCMAX 20 dBm, average SINR 40.0 (32 meas)
UE 275b: dlsch_rounds 2477/0/0/0, dlsch_errors 0, pucch0_DTX 0 (SNR 20.8+0.8) RSSI -125.7, BLER 0.00000 MCS (0) 0 (Qm 2) CCE fail 14
UE 275b: ulsch_rounds 14888/7/0/0, ulsch_errors 0, ulsch_DTX 7, BLER 0.00000 MCS (0) 0 (Qm 2 deltaMCS 0) NPRB 5 SNR 16.9 (+1.9) RSSI -41.4 CCE fail 229
UE 275b: LCID 1,2,4, goodput DL    0.00 UL    0.00 Mbps

[0m[NR_MAC] Frame.Slot 512.0
UE RNTI 275b CU-UE-ID 1 in-sync PH 45 dB PCMAX 20 dBm, average SINR 40.0 (32 meas)
UE 275b: dlsch_rounds 2480/0/0/0, dlsch_errors 0, pucch0_DTX 0 (SNR 20.8+0.8) RSSI -125.7, BLER 0.00000 MCS (0) 0 (Qm 2) CCE fail 14
UE 275b: ulsch_rounds 14904/7/0/0, ulsch_errors 0, ulsch_DTX 7, BLER 0.00000 MCS (0) 0 (Qm 2 deltaMCS 0) NPRB 5 SNR 16.7 (+1.7) RSSI -41.3 CCE fail 229
UE 275b: LCID 1,2,4, goodput DL    0.00 UL    0.00 Mbps

[0m[NR_MAC] Frame.Slot 640.0
UE RNTI 275b CU-UE-ID 1 in-sync PH 45 dB PCMAX 20 dBm, average SINR 40.0 (32 meas)
UE 275b: dlsch_rounds 2483/0/0/0, dlsch_errors 0, pucch0_DTX 0 (SNR 20.8+0.8) RSSI -125.7, BLER 0.00000 MCS (0) 0 (Qm 2) CCE fail 14
UE 275b: ulsch_rounds 14918/7/0/0, ulsch_errors 0, ulsch_DTX 7, BLER 0.00000 MCS (0) 0 (Qm 2 deltaMCS 0) NPRB 5 SNR 17.3 (+2.3) RSSI -41.3 CCE fail 229
UE 275b: LCID 1,2,4, goodput DL    0.00 UL    0.00 Mbps

[0m[NR_MAC] Frame.Slot 768.0
UE RNTI 275b CU-UE-ID 1 in-sync PH 45 dB PCMAX 20 dBm, average SINR 40.0 (32 meas)
UE 275b: dlsch_rounds 2485/0/0/0, dlsch_errors 0, pucch0_DTX 0 (SNR 20.8+0.8) RSSI -125.7, BLER 0.00000 MCS (0) 0 (Qm 2) CCE fail 14
UE 275b: ulsch_rounds 14931/7/0/0, ulsch_errors 0, ulsch_DTX 7, BLER 0.00000 MCS (0) 0 (Qm 2 deltaMCS 0) NPRB 5 SNR 17.4 (+2.4) RSSI -41.4 CCE fail 229
UE 275b: LCID 1,2,4, goodput DL    0.00 UL    0.00 Mbps

[0m[NR_MAC] Frame.Slot 896.0
UE RNTI 275b CU-UE-ID 1 in-sync PH 45 dB PCMAX 20 dBm, average SINR 40.0 (32 meas)
UE 275b: dlsch_rounds 2487/0/0/0, dlsch_errors 0, pucch0_DTX 0 (SNR 20.8+0.8) RSSI -125.7, BLER 0.00000 MCS (0) 0 (Qm 2) CCE fail 14
UE 275b: ulsch_rounds 14946/7/0/0, ulsch_errors 0, ulsch_DTX 7, BLER 0.00000 MCS (0) 0 (Qm 2 deltaMCS 0) NPRB 5 SNR 17.1 (+2.1) RSSI -41.4 CCE fail 229
UE 275b: LCID 1,2,4, goodput DL    0.00 UL    0.00 Mbps

[0m[NR_MAC] Frame.Slot 0.0
UE RNTI 275b CU-UE-ID 1 in-sync PH 45 dB PCMAX 20 dBm, average SINR 40.0 (32 meas)
UE 275b: dlsch_rounds 2491/0/0/0, dlsch_errors 0, pucch0_DTX 0 (SNR 20.8+0.8) RSSI -125.7, BLER 0.00000 MCS (0) 0 (Qm 2) CCE fail 14
UE 275b: ulsch_rounds 14963/7/0/0, ulsch_errors 0, ulsch_DTX 7, BLER 0.00000 MCS (0) 0 (Qm 2 deltaMCS 0) NPRB 5 SNR 16.8 (+1.8) RSSI -41.3 CCE fail 229
UE 275b: LCID 1,2,4, goodput DL    0.00 UL    0.00 Mbps

[0m[NR_MAC] Frame.Slot 128.0
UE RNTI 275b CU-UE-ID 1 in-sync PH 45 dB PCMAX 20 dBm, average SINR 40.0 (32 meas)
UE 275b: dlsch_rounds 2493/0/0/0, dlsch_errors 0, pucch0_DTX 0 (SNR 20.8+0.8) RSSI -125.7, BLER 0.00000 MCS (0) 0 (Qm 2) CCE fail 14
UE 275b: ulsch_rounds 14977/7/0/0, ulsch_errors 0, ulsch_DTX 7, BLER 0.00000 MCS (0) 0 (Qm 2 deltaMCS 0) NPRB 5 SNR 16.5 (+1.5) RSSI -41.3 CCE fail 229
UE 275b: LCID 1,2,4, goodput DL    0.00 UL    0.00 Mbps

[0m[NR_MAC] Frame.Slot 256.0
UE RNTI 275b CU-UE-ID 1 in-sync PH 45 dB PCMAX 20 dBm, average SINR 40.0 (32 meas)
UE 275b: dlsch_rounds 2495/0/0/0, dlsch_errors 0, pucch0_DTX 0 (SNR 20.8+0.8) RSSI -125.7, BLER 0.00000 MCS (0) 0 (Qm 2) CCE fail 14
UE 275b: ulsch_rounds 14992/7/0/0, ulsch_errors 0, ulsch_DTX 7, BLER 0.00000 MCS (0) 0 (Qm 2 deltaMCS 0) NPRB 5 SNR 18.1 (+3.1) RSSI -41.3 CCE fail 229
UE 275b: LCID 1,2,4, goodput DL    0.00 UL    0.00 Mbps

[0m[NR_MAC] Frame.Slot 384.0
UE RNTI 275b CU-UE-ID 1 in-sync PH 45 dB PCMAX 20 dBm, average SINR 40.0 (32 meas)
UE 275b: dlsch_rounds 2497/0/0/0, dlsch_errors 0, pucch0_DTX 0 (SNR 20.8+0.8) RSSI -125.7, BLER 0.00000 MCS (0) 0 (Qm 2) CCE fail 14
UE 275b: ulsch_rounds 15006/7/0/0, ulsch_errors 0, ulsch_DTX 7, BLER 0.00000 MCS (0) 0 (Qm 2 deltaMCS 0) NPRB 5 SNR 17.9 (+2.9) RSSI -41.3 CCE fail 229
UE 275b: LCID 1,2,4, goodput DL    0.00 UL    0.00 Mbps

[0m[NR_MAC] Frame.Slot 512.0
UE RNTI 275b CU-UE-ID 1 in-sync PH 45 dB PCMAX 20 dBm, average SINR 40.0 (32 meas)
UE 275b: dlsch_rounds 2501/0/0/0, dlsch_errors 0, pucch0_DTX 0 (SNR 20.8+0.8) RSSI -125.7, BLER 0.00000 MCS (0) 0 (Qm 2) CCE fail 14
UE 275b: ulsch_rounds 15022/7/0/0, ulsch_errors 0, ulsch_DTX 7, BLER 0.00000 MCS (0) 0 (Qm 2 deltaMCS 0) NPRB 5 SNR 16.6 (+1.6) RSSI -41.2 CCE fail 229
UE 275b: LCID 1,2,4, goodput DL    0.00 UL    0.00 Mbps

[0m[NR_MAC] Frame.Slot 640.0
UE RNTI 275b CU-UE-ID 1 in-sync PH 45 dB PCMAX 20 dBm, average SINR 40.0 (32 meas)
UE 275b: dlsch_rounds 2503/0/0/0, dlsch_errors 0, pucch0_DTX 0 (SNR 20.8+0.8) RSSI -125.7, BLER 0.00000 MCS (0) 0 (Qm 2) CCE fail 14
UE 275b: ulsch_rounds 15036/7/0/0, ulsch_errors 0, ulsch_DTX 7, BLER 0.00000 MCS (0) 0 (Qm 2 deltaMCS 0) NPRB 5 SNR 16.7 (+1.7) RSSI -41.3 CCE fail 229
UE 275b: LCID 1,2,4, goodput DL    0.00 UL    0.00 Mbps

[0m[NR_MAC] Frame.Slot 768.0
UE RNTI 275b CU-UE-ID 1 in-sync PH 45 dB PCMAX 20 dBm, average SINR 40.0 (32 meas)
UE 275b: dlsch_rounds 2505/0/0/0, dlsch_errors 0, pucch0_DTX 0 (SNR 20.8+0.8) RSSI -125.7, BLER 0.00000 MCS (0) 0 (Qm 2) CCE fail 14
UE 275b: ulsch_rounds 15051/7/0/0, ulsch_errors 0, ulsch_DTX 7, BLER 0.00000 MCS (0) 0 (Qm 2 deltaMCS 0) NPRB 5 SNR 18.3 (+3.3) RSSI -41.3 CCE fail 230
UE 275b: LCID 1,2,4, goodput DL    0.00 UL    0.00 Mbps

[0m[NR_MAC] Frame.Slot 896.0
UE RNTI 275b CU-UE-ID 1 in-sync PH 45 dB PCMAX 20 dBm, average SINR 40.0 (32 meas)
UE 275b: dlsch_rounds 2508/0/0/0, dlsch_errors 0, pucch0_DTX 0 (SNR 20.8+0.8) RSSI -125.7, BLER 0.00000 MCS (0) 0 (Qm 2) CCE fail 14
UE 275b: ulsch_rounds 15066/7/0/0, ulsch_errors 0, ulsch_DTX 7, BLER 0.00000 MCS (0) 0 (Qm 2 deltaMCS 0) NPRB 5 SNR 17.0 (+2.0) RSSI -41.4 CCE fail 230
UE 275b: LCID 1,2,4, goodput DL    0.00 UL    0.00 Mbps

[0m[NR_MAC] Frame.Slot 0.0
UE RNTI 275b CU-UE-ID 1 in-sync PH 45 dB PCMAX 20 dBm, average SINR 40.0 (32 meas)
UE 275b: dlsch_rounds 2510/0/0/0, dlsch_errors 0, pucch0_DTX 0 (SNR 20.8+0.8) RSSI -125.7, BLER 0.00000 MCS (0) 0 (Qm 2) CCE fail 14
UE 275b: ulsch_rounds 15081/7/0/0, ulsch_errors 0, ulsch_DTX 7, BLER 0.00000 MCS (0) 0 (Qm 2 deltaMCS 0) NPRB 5 SNR 16.1 (+1.1) RSSI -41.3 CCE fail 231
UE 275b: LCID 1,2,4, goodput DL    0.00 UL    0.00 Mbps

[0m[NR_MAC] Frame.Slot 128.0
UE RNTI 275b CU-UE-ID 1 in-sync PH 45 dB PCMAX 20 dBm, average SINR 40.0 (32 meas)
UE 275b: dlsch_rounds 2513/0/0/0, dlsch_errors 0, pucch0_DTX 0 (SNR 20.8+0.8) RSSI -125.7, BLER 0.00000 MCS (0) 0 (Qm 2) CCE fail 14
UE 275b: ulsch_rounds 15096/7/0/0, ulsch_errors 0, ulsch_DTX 7, BLER 0.00000 MCS (0) 0 (Qm 2 deltaMCS 0) NPRB 5 SNR 16.9 (+1.9) RSSI -41.3 CCE fail 231
UE 275b: LCID 1,2,4, goodput DL    0.00 UL    0.00 Mbps

[0m[NR_MAC] Frame.Slot 256.0
UE RNTI 275b CU-UE-ID 1 in-sync PH 45 dB PCMAX 20 dBm, average SINR 40.0 (32 meas)
UE 275b: dlsch_rounds 2515/0/0/0, dlsch_errors 0, pucch0_DTX 0 (SNR 20.8+0.8) RSSI -125.7, BLER 0.00000 MCS (0) 0 (Qm 2) CCE fail 14
UE 275b: ulsch_rounds 15111/7/0/0, ulsch_errors 0, ulsch_DTX 7, BLER 0.00000 MCS (0) 0 (Qm 2 deltaMCS 0) NPRB 5 SNR 18.2 (+3.2) RSSI -41.3 CCE fail 231
UE 275b: LCID 1,2,4, goodput DL    0.00 UL    0.00 Mbps

[0m[NR_MAC] Frame.Slot 384.0
UE RNTI 275b CU-UE-ID 1 in-sync PH 45 dB PCMAX 20 dBm, average SINR 40.0 (32 meas)
UE 275b: dlsch_rounds 2518/0/0/0, dlsch_errors 0, pucch0_DTX 0 (SNR 20.8+0.8) RSSI -125.7, BLER 0.00000 MCS (0) 0 (Qm 2) CCE fail 14
UE 275b: ulsch_rounds 15125/7/0/0, ulsch_errors 0, ulsch_DTX 7, BLER 0.00000 MCS (0) 0 (Qm 2 deltaMCS 0) NPRB 5 SNR 17.0 (+2.0) RSSI -41.4 CCE fail 231
UE 275b: LCID 1,2,4, goodput DL    0.00 UL    0.00 Mbps

[0m[NR_MAC] Frame.Slot 512.0
UE RNTI 275b CU-UE-ID 1 in-sync PH 45 dB PCMAX 20 dBm, average SINR 40.0 (32 meas)
UE 275b: dlsch_rounds 2521/0/0/0, dlsch_errors 0, pucch0_DTX 0 (SNR 20.8+0.8) RSSI -125.7, BLER 0.00000 MCS (0) 0 (Qm 2) CCE fail 14
UE 275b: ulsch_rounds 15142/7/0/0, ulsch_errors 0, ulsch_DTX 7, BLER 0.00000 MCS (0) 0 (Qm 2 deltaMCS 0) NPRB 5 SNR 16.8 (+1.8) RSSI -41.3 CCE fail 231
UE 275b: LCID 1,2,4, goodput DL    0.00 UL    0.00 Mbps

[0m[NR_MAC] Frame.Slot 640.0
UE RNTI 275b CU-UE-ID 1 in-sync PH 45 dB PCMAX 20 dBm, average SINR 40.0 (32 meas)
UE 275b: dlsch_rounds 2523/0/0/0, dlsch_errors 0, pucch0_DTX 0 (SNR 20.8+0.8) RSSI -125.7, BLER 0.00000 MCS (0) 0 (Qm 2) CCE fail 14
UE 275b: ulsch_rounds 15155/7/0/0, ulsch_errors 0, ulsch_DTX 7, BLER 0.00000 MCS (0) 0 (Qm 2 deltaMCS 0) NPRB 5 SNR 16.7 (+1.7) RSSI -41.3 CCE fail 231
UE 275b: LCID 1,2,4, goodput DL    0.00 UL    0.00 Mbps

[0m[NR_MAC] Frame.Slot 768.0
UE RNTI 275b CU-UE-ID 1 in-sync PH 45 dB PCMAX 20 dBm, average SINR 40.0 (32 meas)
UE 275b: dlsch_rounds 2525/0/0/0, dlsch_errors 0, pucch0_DTX 0 (SNR 20.8+0.8) RSSI -125.7, BLER 0.00000 MCS (0) 0 (Qm 2) CCE fail 14
UE 275b: ulsch_rounds 15169/7/0/0, ulsch_errors 0, ulsch_DTX 7, BLER 0.00000 MCS (0) 0 (Qm 2 deltaMCS 0) NPRB 5 SNR 17.5 (+2.5) RSSI -41.3 CCE fail 231
UE 275b: LCID 1,2,4, goodput DL    0.00 UL    0.00 Mbps

[0m[NR_MAC] Frame.Slot 896.0
UE RNTI 275b CU-UE-ID 1 in-sync PH 45 dB PCMAX 20 dBm, average SINR 40.0 (32 meas)
UE 275b: dlsch_rounds 2528/0/0/0, dlsch_errors 0, pucch0_DTX 0 (SNR 20.8+0.8) RSSI -125.7, BLER 0.00000 MCS (0) 0 (Qm 2) CCE fail 14
UE 275b: ulsch_rounds 15184/7/0/0, ulsch_errors 0, ulsch_DTX 7, BLER 0.00000 MCS (0) 0 (Qm 2 deltaMCS 0) NPRB 5 SNR 17.2 (+2.2) RSSI -41.4 CCE fail 231
UE 275b: LCID 1,2,4, goodput DL    0.00 UL    0.00 Mbps

[0m[NR_MAC] Frame.Slot 0.0
UE RNTI 275b CU-UE-ID 1 in-sync PH 45 dB PCMAX 20 dBm, average SINR 40.0 (32 meas)
UE 275b: dlsch_rounds 2530/0/0/0, dlsch_errors 0, pucch0_DTX 0 (SNR 20.8+0.8) RSSI -125.7, BLER 0.00000 MCS (0) 0 (Qm 2) CCE fail 14
UE 275b: ulsch_rounds 15201/7/0/0, ulsch_errors 0, ulsch_DTX 7, BLER 0.00000 MCS (0) 0 (Qm 2 deltaMCS 0) NPRB 5 SNR 17.0 (+2.0) RSSI -41.4 CCE fail 231
UE 275b: LCID 1,2,4, goodput DL    0.00 UL    0.00 Mbps

[0m[NR_MAC] Frame.Slot 128.0
UE RNTI 275b CU-UE-ID 1 in-sync PH 45 dB PCMAX 20 dBm, average SINR 40.0 (32 meas)
UE 275b: dlsch_rounds 2533/0/0/0, dlsch_errors 0, pucch0_DTX 0 (SNR 20.8+0.8) RSSI -125.7, BLER 0.00000 MCS (0) 0 (Qm 2) CCE fail 14
UE 275b: ulsch_rounds 15215/7/0/0, ulsch_errors 0, ulsch_DTX 7, BLER 0.00000 MCS (0) 0 (Qm 2 deltaMCS 0) NPRB 5 SNR 16.7 (+1.7) RSSI -41.3 CCE fail 232
UE 275b: LCID 1,2,4, goodput DL    0.00 UL    0.00 Mbps

[0m[NR_MAC] Frame.Slot 256.0
UE RNTI 275b CU-UE-ID 1 in-sync PH 45 dB PCMAX 20 dBm, average SINR 40.0 (32 meas)
UE 275b: dlsch_rounds 2536/0/0/0, dlsch_errors 0, pucch0_DTX 0 (SNR 20.8+0.8) RSSI -125.7, BLER 0.00000 MCS (0) 0 (Qm 2) CCE fail 14
UE 275b: ulsch_rounds 15229/7/0/0, ulsch_errors 0, ulsch_DTX 7, BLER 0.00000 MCS (0) 0 (Qm 2 deltaMCS 0) NPRB 5 SNR 18.5 (+3.5) RSSI -41.3 CCE fail 232
UE 275b: LCID 1,2,4, goodput DL    0.00 UL    0.00 Mbps

[0m[NR_MAC] Frame.Slot 384.0
UE RNTI 275b CU-UE-ID 1 in-sync PH 45 dB PCMAX 20 dBm, average SINR 40.0 (32 meas)
UE 275b: dlsch_rounds 2538/0/0/0, dlsch_errors 0, pucch0_DTX 0 (SNR 20.8+0.8) RSSI -125.7, BLER 0.00000 MCS (0) 0 (Qm 2) CCE fail 14
UE 275b: ulsch_rounds 15244/7/0/0, ulsch_errors 0, ulsch_DTX 7, BLER 0.00000 MCS (0) 0 (Qm 2 deltaMCS 0) NPRB 5 SNR 18.0 (+3.0) RSSI -41.3 CCE fail 232
UE 275b: LCID 1,2,4, goodput DL    0.00 UL    0.00 Mbps

[0m[NR_MAC] Frame.Slot 512.0
UE RNTI 275b CU-UE-ID 1 in-sync PH 45 dB PCMAX 20 dBm, average SINR 40.0 (32 meas)
UE 275b: dlsch_rounds 2540/0/0/0, dlsch_errors 0, pucch0_DTX 0 (SNR 20.8+0.8) RSSI -125.7, BLER 0.00000 MCS (0) 0 (Qm 2) CCE fail 14
UE 275b: ulsch_rounds 15260/7/0/0, ulsch_errors 0, ulsch_DTX 7, BLER 0.00000 MCS (0) 0 (Qm 2 deltaMCS 0) NPRB 5 SNR 16.8 (+1.8) RSSI -41.3 CCE fail 232
UE 275b: LCID 1,2,4, goodput DL    0.00 UL    0.00 Mbps

[0m[NR_MAC] Frame.Slot 640.0
UE RNTI 275b CU-UE-ID 1 in-sync PH 45 dB PCMAX 20 dBm, average SINR 40.0 (32 meas)
UE 275b: dlsch_rounds 2543/0/0/0, dlsch_errors 0, pucch0_DTX 0 (SNR 20.8+0.8) RSSI -125.7, BLER 0.00000 MCS (0) 0 (Qm 2) CCE fail 14
UE 275b: ulsch_rounds 15274/7/0/0, ulsch_errors 0, ulsch_DTX 7, BLER 0.00000 MCS (0) 0 (Qm 2 deltaMCS 0) NPRB 5 SNR 16.8 (+1.8) RSSI -41.3 CCE fail 232
UE 275b: LCID 1,2,4, goodput DL    0.00 UL    0.00 Mbps

[0m[NR_MAC] Frame.Slot 768.0
UE RNTI 275b CU-UE-ID 1 in-sync PH 45 dB PCMAX 20 dBm, average SINR 40.0 (32 meas)
UE 275b: dlsch_rounds 2546/0/0/0, dlsch_errors 0, pucch0_DTX 0 (SNR 20.8+0.8) RSSI -125.7, BLER 0.00000 MCS (0) 0 (Qm 2) CCE fail 14
UE 275b: ulsch_rounds 15288/7/0/0, ulsch_errors 0, ulsch_DTX 7, BLER 0.00000 MCS (0) 0 (Qm 2 deltaMCS 0) NPRB 5 SNR 19.4 (+4.4) RSSI -41.3 CCE fail 232
UE 275b: LCID 1,2,4, goodput DL    0.00 UL    0.00 Mbps

[0m[NR_MAC] Frame.Slot 896.0
UE RNTI 275b CU-UE-ID 1 in-sync PH 45 dB PCMAX 20 dBm, average SINR 40.0 (32 meas)
UE 275b: dlsch_rounds 2548/0/0/0, dlsch_errors 0, pucch0_DTX 0 (SNR 20.8+0.8) RSSI -125.7, BLER 0.00000 MCS (0) 0 (Qm 2) CCE fail 14
UE 275b: ulsch_rounds 15303/7/0/0, ulsch_errors 0, ulsch_DTX 7, BLER 0.00000 MCS (0) 0 (Qm 2 deltaMCS 0) NPRB 5 SNR 17.3 (+2.3) RSSI -41.3 CCE fail 233
UE 275b: LCID 1,2,4, goodput DL    0.00 UL    0.00 Mbps

[0m[NR_MAC] Frame.Slot 0.0
UE RNTI 275b CU-UE-ID 1 in-sync PH 45 dB PCMAX 20 dBm, average SINR 40.0 (32 meas)
UE 275b: dlsch_rounds 2550/0/0/0, dlsch_errors 0, pucch0_DTX 0 (SNR 20.8+0.8) RSSI -125.7, BLER 0.00000 MCS (0) 0 (Qm 2) CCE fail 14
UE 275b: ulsch_rounds 15318/7/0/0, ulsch_errors 0, ulsch_DTX 7, BLER 0.00000 MCS (0) 0 (Qm 2 deltaMCS 0) NPRB 5 SNR 16.3 (+1.3) RSSI -41.3 CCE fail 233
UE 275b: LCID 1,2,4, goodput DL    0.00 UL    0.00 Mbps

[0m[NR_MAC] Frame.Slot 128.0
UE RNTI 275b CU-UE-ID 1 in-sync PH 45 dB PCMAX 20 dBm, average SINR 40.0 (32 meas)
UE 275b: dlsch_rounds 2554/0/0/0, dlsch_errors 0, pucch0_DTX 0 (SNR 20.8+0.8) RSSI -125.7, BLER 0.00000 MCS (0) 0 (Qm 2) CCE fail 15
UE 275b: ulsch_rounds 15334/7/0/0, ulsch_errors 0, ulsch_DTX 7, BLER 0.00000 MCS (0) 0 (Qm 2 deltaMCS 0) NPRB 5 SNR 16.0 (+1.0) RSSI -41.2 CCE fail 233
UE 275b: LCID 1,2,4, goodput DL    0.00 UL    0.00 Mbps

[0m[NR_MAC] Frame.Slot 256.0
UE RNTI 275b CU-UE-ID 1 in-sync PH 45 dB PCMAX 20 dBm, average SINR 40.0 (32 meas)
UE 275b: dlsch_rounds 2556/0/0/0, dlsch_errors 0, pucch0_DTX 0 (SNR 20.8+0.8) RSSI -125.7, BLER 0.00000 MCS (0) 0 (Qm 2) CCE fail 15
UE 275b: ulsch_rounds 15349/7/0/0, ulsch_errors 0, ulsch_DTX 7, BLER 0.00000 MCS (0) 0 (Qm 2 deltaMCS 0) NPRB 5 SNR 18.4 (+3.4) RSSI -41.2 CCE fail 233
UE 275b: LCID 1,2,4, goodput DL    0.00 UL    0.00 Mbps

[0m[NR_MAC] Frame.Slot 384.0
UE RNTI 275b CU-UE-ID 1 in-sync PH 45 dB PCMAX 20 dBm, average SINR 40.0 (32 meas)
UE 275b: dlsch_rounds 2558/0/0/0, dlsch_errors 0, pucch0_DTX 0 (SNR 20.8+0.8) RSSI -125.7, BLER 0.00000 MCS (0) 0 (Qm 2) CCE fail 15
UE 275b: ulsch_rounds 15363/7/0/0, ulsch_errors 0, ulsch_DTX 7, BLER 0.00000 MCS (0) 0 (Qm 2 deltaMCS 0) NPRB 5 SNR 17.2 (+2.2) RSSI -41.3 CCE fail 233
UE 275b: LCID 1,2,4, goodput DL    0.00 UL    0.00 Mbps

[0m[NR_MAC] Frame.Slot 512.0
UE RNTI 275b CU-UE-ID 1 in-sync PH 45 dB PCMAX 20 dBm, average SINR 40.0 (32 meas)
UE 275b: dlsch_rounds 2560/0/0/0, dlsch_errors 0, pucch0_DTX 0 (SNR 20.8+0.8) RSSI -125.7, BLER 0.00000 MCS (0) 0 (Qm 2) CCE fail 15
UE 275b: ulsch_rounds 15378/7/0/0, ulsch_errors 0, ulsch_DTX 7, BLER 0.00000 MCS (0) 0 (Qm 2 deltaMCS 0) NPRB 5 SNR 16.1 (+1.1) RSSI -41.3 CCE fail 233
UE 275b: LCID 1,2,4, goodput DL    0.00 UL    0.00 Mbps

[0m[NR_MAC] Frame.Slot 640.0
UE RNTI 275b CU-UE-ID 1 in-sync PH 45 dB PCMAX 20 dBm, average SINR 40.0 (32 meas)
UE 275b: dlsch_rounds 2564/0/0/0, dlsch_errors 0, pucch0_DTX 0 (SNR 20.8+0.8) RSSI -125.7, BLER 0.00000 MCS (0) 0 (Qm 2) CCE fail 15
UE 275b: ulsch_rounds 15393/7/0/0, ulsch_errors 0, ulsch_DTX 7, BLER 0.00000 MCS (0) 0 (Qm 2 deltaMCS 0) NPRB 5 SNR 16.8 (+1.8) RSSI -41.2 CCE fail 234
UE 275b: LCID 1,2,4, goodput DL    0.00 UL    0.00 Mbps

[0m[NR_MAC] Frame.Slot 768.0
UE RNTI 275b CU-UE-ID 1 in-sync PH 45 dB PCMAX 20 dBm, average SINR 40.0 (32 meas)
UE 275b: dlsch_rounds 2566/0/0/0, dlsch_errors 0, pucch0_DTX 0 (SNR 20.8+0.8) RSSI -125.7, BLER 0.00000 MCS (0) 0 (Qm 2) CCE fail 15
UE 275b: ulsch_rounds 15407/7/0/0, ulsch_errors 0, ulsch_DTX 7, BLER 0.00000 MCS (0) 0 (Qm 2 deltaMCS 0) NPRB 5 SNR 16.8 (+1.8) RSSI -41.3 CCE fail 234
UE 275b: LCID 1,2,4, goodput DL    0.00 UL    0.00 Mbps

[0m[NR_MAC] Frame.Slot 896.0
UE RNTI 275b CU-UE-ID 1 in-sync PH 45 dB PCMAX 20 dBm, average SINR 40.0 (32 meas)
UE 275b: dlsch_rounds 2568/0/0/0, dlsch_errors 0, pucch0_DTX 0 (SNR 20.8+0.8) RSSI -125.7, BLER 0.00000 MCS (0) 0 (Qm 2) CCE fail 15
UE 275b: ulsch_rounds 15422/7/0/0, ulsch_errors 0, ulsch_DTX 7, BLER 0.00000 MCS (0) 0 (Qm 2 deltaMCS 0) NPRB 5 SNR 17.4 (+2.4) RSSI -41.3 CCE fail 235
UE 275b: LCID 1,2,4, goodput DL    0.00 UL    0.00 Mbps

[0m[NR_MAC] Frame.Slot 0.0
UE RNTI 275b CU-UE-ID 1 in-sync PH 45 dB PCMAX 20 dBm, average SINR 40.0 (32 meas)
UE 275b: dlsch_rounds 2571/0/0/0, dlsch_errors 0, pucch0_DTX 0 (SNR 20.8+0.8) RSSI -125.7, BLER 0.00000 MCS (0) 0 (Qm 2) CCE fail 15
UE 275b: ulsch_rounds 15437/7/0/0, ulsch_errors 0, ulsch_DTX 7, BLER 0.00000 MCS (0) 0 (Qm 2 deltaMCS 0) NPRB 5 SNR 17.1 (+2.1) RSSI -41.4 CCE fail 235
UE 275b: LCID 1,2,4, goodput DL    0.00 UL    0.00 Mbps

[0m[NR_MAC] Frame.Slot 128.0
UE RNTI 275b CU-UE-ID 1 in-sync PH 45 dB PCMAX 20 dBm, average SINR 40.0 (32 meas)
UE 275b: dlsch_rounds 2574/0/0/0, dlsch_errors 0, pucch0_DTX 0 (SNR 20.8+0.8) RSSI -125.7, BLER 0.00000 MCS (0) 0 (Qm 2) CCE fail 15
UE 275b: ulsch_rounds 15452/7/0/0, ulsch_errors 0, ulsch_DTX 7, BLER 0.00000 MCS (0) 0 (Qm 2 deltaMCS 0) NPRB 5 SNR 17.0 (+2.0) RSSI -41.3 CCE fail 235
UE 275b: LCID 1,2,4, goodput DL    0.00 UL    0.00 Mbps

[0m[NR_MAC] Frame.Slot 256.0
UE RNTI 275b CU-UE-ID 1 in-sync PH 45 dB PCMAX 20 dBm, average SINR 40.0 (32 meas)
UE 275b: dlsch_rounds 2576/0/0/0, dlsch_errors 0, pucch0_DTX 0 (SNR 20.8+0.8) RSSI -125.7, BLER 0.00000 MCS (0) 0 (Qm 2) CCE fail 15
UE 275b: ulsch_rounds 15467/7/0/0, ulsch_errors 0, ulsch_DTX 7, BLER 0.00000 MCS (0) 0 (Qm 2 deltaMCS 0) NPRB 5 SNR 17.0 (+2.0) RSSI -41.3 CCE fail 236
UE 275b: LCID 1,2,4, goodput DL    0.00 UL    0.00 Mbps

[0m[NR_MAC] Frame.Slot 384.0
UE RNTI 275b CU-UE-ID 1 in-sync PH 45 dB PCMAX 20 dBm, average SINR 40.0 (32 meas)
UE 275b: dlsch_rounds 2578/0/0/0, dlsch_errors 0, pucch0_DTX 0 (SNR 20.8+0.8) RSSI -125.7, BLER 0.00000 MCS (0) 0 (Qm 2) CCE fail 15
UE 275b: ulsch_rounds 15482/7/0/0, ulsch_errors 0, ulsch_DTX 7, BLER 0.00000 MCS (0) 0 (Qm 2 deltaMCS 0) NPRB 5 SNR 18.2 (+3.2) RSSI -41.2 CCE fail 236
UE 275b: LCID 1,2,4, goodput DL    0.00 UL    0.00 Mbps

[0m[NR_MAC] Frame.Slot 512.0
UE RNTI 275b CU-UE-ID 1 in-sync PH 45 dB PCMAX 20 dBm, average SINR 40.0 (32 meas)
UE 275b: dlsch_rounds 2581/0/0/0, dlsch_errors 0, pucch0_DTX 0 (SNR 20.8+0.8) RSSI -125.7, BLER 0.00000 MCS (0) 0 (Qm 2) CCE fail 15
UE 275b: ulsch_rounds 15497/7/0/0, ulsch_errors 0, ulsch_DTX 7, BLER 0.00000 MCS (0) 0 (Qm 2 deltaMCS 0) NPRB 5 SNR 16.9 (+1.9) RSSI -41.3 CCE fail 236
UE 275b: LCID 1,2,4, goodput DL    0.00 UL    0.00 Mbps

[0m[NR_MAC] Frame.Slot 640.0
UE RNTI 275b CU-UE-ID 1 in-sync PH 45 dB PCMAX 20 dBm, average SINR 40.0 (32 meas)
UE 275b: dlsch_rounds 2584/0/0/0, dlsch_errors 0, pucch0_DTX 0 (SNR 20.8+0.8) RSSI -125.7, BLER 0.00000 MCS (0) 0 (Qm 2) CCE fail 15
UE 275b: ulsch_rounds 15512/7/0/0, ulsch_errors 0, ulsch_DTX 7, BLER 0.00000 MCS (0) 0 (Qm 2 deltaMCS 0) NPRB 5 SNR 17.0 (+2.0) RSSI -41.2 CCE fail 236
UE 275b: LCID 1,2,4, goodput DL    0.00 UL    0.00 Mbps

[0m[NR_MAC] Frame.Slot 768.0
UE RNTI 275b CU-UE-ID 1 in-sync PH 45 dB PCMAX 20 dBm, average SINR 40.0 (32 meas)
UE 275b: dlsch_rounds 2586/0/0/0, dlsch_errors 0, pucch0_DTX 0 (SNR 20.8+0.8) RSSI -125.7, BLER 0.00000 MCS (0) 0 (Qm 2) CCE fail 15
UE 275b: ulsch_rounds 15526/7/0/0, ulsch_errors 0, ulsch_DTX 7, BLER 0.00000 MCS (0) 0 (Qm 2 deltaMCS 0) NPRB 5 SNR 16.1 (+1.1) RSSI -41.2 CCE fail 236
UE 275b: LCID 1,2,4, goodput DL    0.00 UL    0.00 Mbps

[0m[NR_MAC] Frame.Slot 896.0
UE RNTI 275b CU-UE-ID 1 in-sync PH 45 dB PCMAX 20 dBm, average SINR 40.0 (32 meas)
UE 275b: dlsch_rounds 2588/0/0/0, dlsch_errors 0, pucch0_DTX 0 (SNR 20.8+0.8) RSSI -125.7, BLER 0.00000 MCS (0) 0 (Qm 2) CCE fail 15
UE 275b: ulsch_rounds 15541/7/0/0, ulsch_errors 0, ulsch_DTX 7, BLER 0.00000 MCS (0) 0 (Qm 2 deltaMCS 0) NPRB 5 SNR 17.4 (+2.4) RSSI -41.4 CCE fail 237
UE 275b: LCID 1,2,4, goodput DL    0.00 UL    0.00 Mbps

[0m[NR_MAC] Frame.Slot 0.0
UE RNTI 275b CU-UE-ID 1 in-sync PH 45 dB PCMAX 20 dBm, average SINR 40.0 (32 meas)
UE 275b: dlsch_rounds 2591/0/0/0, dlsch_errors 0, pucch0_DTX 0 (SNR 20.8+0.8) RSSI -125.7, BLER 0.00000 MCS (0) 0 (Qm 2) CCE fail 15
UE 275b: ulsch_rounds 15555/7/0/0, ulsch_errors 0, ulsch_DTX 7, BLER 0.00000 MCS (0) 0 (Qm 2 deltaMCS 0) NPRB 5 SNR 16.4 (+1.4) RSSI -41.3 CCE fail 237
UE 275b: LCID 1,2,4, goodput DL    0.00 UL    0.00 Mbps

[0m[NR_MAC] Frame.Slot 128.0
UE RNTI 275b CU-UE-ID 1 in-sync PH 45 dB PCMAX 20 dBm, average SINR 40.0 (32 meas)
UE 275b: dlsch_rounds 2594/0/0/0, dlsch_errors 0, pucch0_DTX 0 (SNR 20.8+0.8) RSSI -125.7, BLER 0.00000 MCS (0) 0 (Qm 2) CCE fail 15
UE 275b: ulsch_rounds 15572/7/0/0, ulsch_errors 0, ulsch_DTX 7, BLER 0.00000 MCS (0) 0 (Qm 2 deltaMCS 0) NPRB 5 SNR 16.2 (+1.2) RSSI -41.2 CCE fail 237
UE 275b: LCID 1,2,4, goodput DL    0.00 UL    0.00 Mbps

[0m[NR_MAC] Frame.Slot 256.0
UE RNTI 275b CU-UE-ID 1 in-sync PH 45 dB PCMAX 20 dBm, average SINR 40.0 (32 meas)
UE 275b: dlsch_rounds 2596/0/0/0, dlsch_errors 0, pucch0_DTX 0 (SNR 20.8+0.8) RSSI -125.7, BLER 0.00000 MCS (0) 0 (Qm 2) CCE fail 15
UE 275b: ulsch_rounds 15587/7/0/0, ulsch_errors 0, ulsch_DTX 7, BLER 0.00000 MCS (0) 0 (Qm 2 deltaMCS 0) NPRB 5 SNR 16.9 (+1.9) RSSI -41.3 CCE fail 237
UE 275b: LCID 1,2,4, goodput DL    0.00 UL    0.00 Mbps

[0m[NR_MAC] Frame.Slot 384.0
UE RNTI 275b CU-UE-ID 1 in-sync PH 45 dB PCMAX 20 dBm, average SINR 40.0 (32 meas)
UE 275b: dlsch_rounds 2599/0/0/0, dlsch_errors 0, pucch0_DTX 0 (SNR 20.8+0.8) RSSI -125.7, BLER 0.00000 MCS (0) 0 (Qm 2) CCE fail 15
UE 275b: ulsch_rounds 15600/7/0/0, ulsch_errors 0, ulsch_DTX 7, BLER 0.00000 MCS (0) 0 (Qm 2 deltaMCS 0) NPRB 5 SNR 17.5 (+2.5) RSSI -41.3 CCE fail 237
UE 275b: LCID 1,2,4, goodput DL    0.00 UL    0.00 Mbps

[0m[NR_MAC] Frame.Slot 512.0
UE RNTI 275b CU-UE-ID 1 in-sync PH 45 dB PCMAX 20 dBm, average SINR 40.0 (32 meas)
UE 275b: dlsch_rounds 2601/0/0/0, dlsch_errors 0, pucch0_DTX 0 (SNR 20.8+0.8) RSSI -125.7, BLER 0.00000 MCS (0) 0 (Qm 2) CCE fail 15
UE 275b: ulsch_rounds 15615/7/0/0, ulsch_errors 0, ulsch_DTX 7, BLER 0.00000 MCS (0) 0 (Qm 2 deltaMCS 0) NPRB 5 SNR 17.2 (+2.2) RSSI -41.4 CCE fail 237
UE 275b: LCID 1,2,4, goodput DL    0.00 UL    0.00 Mbps

[0m[NR_MAC] Frame.Slot 640.0
UE RNTI 275b CU-UE-ID 1 in-sync PH 45 dB PCMAX 20 dBm, average SINR 40.0 (32 meas)
UE 275b: dlsch_rounds 2604/0/0/0, dlsch_errors 0, pucch0_DTX 0 (SNR 20.8+0.8) RSSI -125.7, BLER 0.00000 MCS (0) 0 (Qm 2) CCE fail 15
UE 275b: ulsch_rounds 15631/7/0/0, ulsch_errors 0, ulsch_DTX 7, BLER 0.00000 MCS (0) 0 (Qm 2 deltaMCS 0) NPRB 5 SNR 17.0 (+2.0) RSSI -41.3 CCE fail 237
UE 275b: LCID 1,2,4, goodput DL    0.00 UL    0.00 Mbps

[0m[NR_MAC] Frame.Slot 768.0
UE RNTI 275b CU-UE-ID 1 in-sync PH 45 dB PCMAX 20 dBm, average SINR 40.0 (32 meas)
UE 275b: dlsch_rounds 2606/0/0/0, dlsch_errors 0, pucch0_DTX 0 (SNR 20.8+0.8) RSSI -125.7, BLER 0.00000 MCS (0) 0 (Qm 2) CCE fail 15
UE 275b: ulsch_rounds 15645/7/0/0, ulsch_errors 0, ulsch_DTX 7, BLER 0.00000 MCS (0) 0 (Qm 2 deltaMCS 0) NPRB 5 SNR 17.0 (+2.0) RSSI -41.3 CCE fail 237
UE 275b: LCID 1,2,4, goodput DL    0.00 UL    0.00 Mbps

[0m[NR_MAC] Frame.Slot 896.0
UE RNTI 275b CU-UE-ID 1 in-sync PH 45 dB PCMAX 20 dBm, average SINR 40.0 (32 meas)
UE 275b: dlsch_rounds 2609/0/0/0, dlsch_errors 0, pucch0_DTX 0 (SNR 20.8+0.8) RSSI -125.7, BLER 0.00000 MCS (0) 0 (Qm 2) CCE fail 15
UE 275b: ulsch_rounds 15660/7/0/0, ulsch_errors 0, ulsch_DTX 7, BLER 0.00000 MCS (0) 0 (Qm 2 deltaMCS 0) NPRB 5 SNR 17.6 (+2.6) RSSI -41.3 CCE fail 237
UE 275b: LCID 1,2,4, goodput DL    0.00 UL    0.00 Mbps

[0m[NR_MAC] Frame.Slot 0.0
UE RNTI 275b CU-UE-ID 1 in-sync PH 45 dB PCMAX 20 dBm, average SINR 40.0 (32 meas)
UE 275b: dlsch_rounds 2611/0/0/0, dlsch_errors 0, pucch0_DTX 0 (SNR 20.8+0.8) RSSI -125.7, BLER 0.00000 MCS (0) 0 (Qm 2) CCE fail 15
UE 275b: ulsch_rounds 15674/7/0/0, ulsch_errors 0, ulsch_DTX 7, BLER 0.00000 MCS (0) 0 (Qm 2 deltaMCS 0) NPRB 5 SNR 17.4 (+2.4) RSSI -41.3 CCE fail 237
UE 275b: LCID 1,2,4, goodput DL    0.00 UL    0.00 Mbps

[0m[NR_MAC] Frame.Slot 128.0
UE RNTI 275b CU-UE-ID 1 in-sync PH 45 dB PCMAX 20 dBm, average SINR 40.0 (32 meas)
UE 275b: dlsch_rounds 2613/0/0/0, dlsch_errors 0, pucch0_DTX 0 (SNR 20.8+0.8) RSSI -125.7, BLER 0.00000 MCS (0) 0 (Qm 2) CCE fail 15
UE 275b: ulsch_rounds 15690/7/0/0, ulsch_errors 0, ulsch_DTX 7, BLER 0.00000 MCS (0) 0 (Qm 2 deltaMCS 0) NPRB 5 SNR 16.1 (+1.1) RSSI -41.3 CCE fail 237
UE 275b: LCID 1,2,4, goodput DL    0.00 UL    0.00 Mbps

[0m[NR_MAC] Frame.Slot 256.0
UE RNTI 275b CU-UE-ID 1 in-sync PH 45 dB PCMAX 20 dBm, average SINR 40.0 (32 meas)
UE 275b: dlsch_rounds 2617/0/0/0, dlsch_errors 0, pucch0_DTX 0 (SNR 20.8+0.8) RSSI -125.7, BLER 0.00000 MCS (0) 0 (Qm 2) CCE fail 15
UE 275b: ulsch_rounds 15705/7/0/0, ulsch_errors 0, ulsch_DTX 7, BLER 0.00000 MCS (0) 0 (Qm 2 deltaMCS 0) NPRB 5 SNR 16.1 (+1.1) RSSI -41.4 CCE fail 237
UE 275b: LCID 1,2,4, goodput DL    0.00 UL    0.00 Mbps

[0m[NR_MAC] Frame.Slot 384.0
UE RNTI 275b CU-UE-ID 1 in-sync PH 45 dB PCMAX 20 dBm, average SINR 40.0 (32 meas)
UE 275b: dlsch_rounds 2619/0/0/0, dlsch_errors 0, pucch0_DTX 0 (SNR 20.8+0.8) RSSI -125.7, BLER 0.00000 MCS (0) 0 (Qm 2) CCE fail 15
UE 275b: ulsch_rounds 15720/7/0/0, ulsch_errors 0, ulsch_DTX 7, BLER 0.00000 MCS (0) 0 (Qm 2 deltaMCS 0) NPRB 5 SNR 18.4 (+3.4) RSSI -41.3 CCE fail 237
UE 275b: LCID 1,2,4, goodput DL    0.00 UL    0.00 Mbps

[0m[NR_MAC] Frame.Slot 512.0
UE RNTI 275b CU-UE-ID 1 in-sync PH 45 dB PCMAX 20 dBm, average SINR 40.0 (32 meas)
UE 275b: dlsch_rounds 2621/0/0/0, dlsch_errors 0, pucch0_DTX 0 (SNR 20.8+0.8) RSSI -125.7, BLER 0.00000 MCS (0) 0 (Qm 2) CCE fail 15
UE 275b: ulsch_rounds 15735/7/0/0, ulsch_errors 0, ulsch_DTX 7, BLER 0.00000 MCS (0) 0 (Qm 2 deltaMCS 0) NPRB 5 SNR 17.1 (+2.1) RSSI -41.4 CCE fail 237
UE 275b: LCID 1,2,4, goodput DL    0.00 UL    0.00 Mbps

[0m[NR_MAC] Frame.Slot 640.0
UE RNTI 275b CU-UE-ID 1 in-sync PH 45 dB PCMAX 20 dBm, average SINR 40.0 (32 meas)
UE 275b: dlsch_rounds 2623/0/0/0, dlsch_errors 0, pucch0_DTX 0 (SNR 20.8+0.8) RSSI -125.7, BLER 0.00000 MCS (0) 0 (Qm 2) CCE fail 15
UE 275b: ulsch_rounds 15749/7/0/0, ulsch_errors 0, ulsch_DTX 7, BLER 0.00000 MCS (0) 0 (Qm 2 deltaMCS 0) NPRB 5 SNR 16.2 (+1.2) RSSI -41.3 CCE fail 237
UE 275b: LCID 1,2,4, goodput DL    0.00 UL    0.00 Mbps

[0m[NR_MAC] Frame.Slot 768.0
UE RNTI 275b CU-UE-ID 1 in-sync PH 45 dB PCMAX 20 dBm, average SINR 40.0 (32 meas)
UE 275b: dlsch_rounds 2626/0/0/0, dlsch_errors 0, pucch0_DTX 0 (SNR 20.8+0.8) RSSI -125.7, BLER 0.00000 MCS (0) 0 (Qm 2) CCE fail 15
UE 275b: ulsch_rounds 15764/7/0/0, ulsch_errors 0, ulsch_DTX 7, BLER 0.00000 MCS (0) 0 (Qm 2 deltaMCS 0) NPRB 5 SNR 16.2 (+1.2) RSSI -41.3 CCE fail 238
UE 275b: LCID 1,2,4, goodput DL    0.00 UL    0.00 Mbps

[0m[NR_MAC] Frame.Slot 896.0
UE RNTI 275b CU-UE-ID 1 in-sync PH 45 dB PCMAX 20 dBm, average SINR 40.0 (32 meas)
UE 275b: dlsch_rounds 2628/0/0/0, dlsch_errors 0, pucch0_DTX 0 (SNR 20.8+0.8) RSSI -125.7, BLER 0.00000 MCS (0) 0 (Qm 2) CCE fail 15
UE 275b: ulsch_rounds 15779/7/0/0, ulsch_errors 0, ulsch_DTX 7, BLER 0.00000 MCS (0) 0 (Qm 2 deltaMCS 0) NPRB 5 SNR 17.6 (+2.6) RSSI -41.4 CCE fail 238
UE 275b: LCID 1,2,4, goodput DL    0.00 UL    0.00 Mbps

[0m[NR_MAC] Frame.Slot 0.0
UE RNTI 275b CU-UE-ID 1 in-sync PH 45 dB PCMAX 20 dBm, average SINR 40.0 (32 meas)
UE 275b: dlsch_rounds 2630/0/0/0, dlsch_errors 0, pucch0_DTX 0 (SNR 20.8+0.8) RSSI -125.7, BLER 0.00000 MCS (0) 0 (Qm 2) CCE fail 15
UE 275b: ulsch_rounds 15793/7/0/0, ulsch_errors 0, ulsch_DTX 7, BLER 0.00000 MCS (0) 0 (Qm 2 deltaMCS 0) NPRB 5 SNR 16.5 (+1.5) RSSI -41.4 CCE fail 238
UE 275b: LCID 1,2,4, goodput DL    0.00 UL    0.00 Mbps

[0m[NR_MAC] Frame.Slot 128.0
UE RNTI 275b CU-UE-ID 1 in-sync PH 45 dB PCMAX 20 dBm, average SINR 40.0 (32 meas)
UE 275b: dlsch_rounds 2633/0/0/0, dlsch_errors 0, pucch0_DTX 0 (SNR 20.8+0.8) RSSI -125.7, BLER 0.00000 MCS (0) 0 (Qm 2) CCE fail 15
UE 275b: ulsch_rounds 15810/7/0/0, ulsch_errors 0, ulsch_DTX 7, BLER 0.00000 MCS (0) 0 (Qm 2 deltaMCS 0) NPRB 5 SNR 16.3 (+1.3) RSSI -41.4 CCE fail 238
UE 275b: LCID 1,2,4, goodput DL    0.00 UL    0.00 Mbps

[0m[NR_MAC] Frame.Slot 256.0
UE RNTI 275b CU-UE-ID 1 in-sync PH 45 dB PCMAX 20 dBm, average SINR 40.0 (32 meas)
UE 275b: dlsch_rounds 2636/0/0/0, dlsch_errors 0, pucch0_DTX 0 (SNR 20.8+0.8) RSSI -125.7, BLER 0.00000 MCS (0) 0 (Qm 2) CCE fail 15
UE 275b: ulsch_rounds 15824/7/0/0, ulsch_errors 0, ulsch_DTX 7, BLER 0.00000 MCS (0) 0 (Qm 2 deltaMCS 0) NPRB 5 SNR 16.2 (+1.2) RSSI -41.3 CCE fail 238
UE 275b: LCID 1,2,4, goodput DL    0.00 UL    0.00 Mbps

[0m[NR_MAC] Frame.Slot 384.0
UE RNTI 275b CU-UE-ID 1 in-sync PH 45 dB PCMAX 20 dBm, average SINR 40.0 (32 meas)
UE 275b: dlsch_rounds 2638/0/0/0, dlsch_errors 0, pucch0_DTX 0 (SNR 20.8+0.8) RSSI -125.7, BLER 0.00000 MCS (0) 0 (Qm 2) CCE fail 15
UE 275b: ulsch_rounds 15838/7/0/0, ulsch_errors 0, ulsch_DTX 7, BLER 0.00000 MCS (0) 0 (Qm 2 deltaMCS 0) NPRB 5 SNR 16.8 (+1.8) RSSI -41.4 CCE fail 239
UE 275b: LCID 1,2,4, goodput DL    0.00 UL    0.00 Mbps

[0m[NR_MAC] Frame.Slot 512.0
UE RNTI 275b CU-UE-ID 1 in-sync PH 45 dB PCMAX 20 dBm, average SINR 40.0 (32 meas)
UE 275b: dlsch_rounds 2640/0/0/0, dlsch_errors 0, pucch0_DTX 0 (SNR 20.8+0.8) RSSI -125.7, BLER 0.00000 MCS (0) 0 (Qm 2) CCE fail 15
UE 275b: ulsch_rounds 15853/7/0/0, ulsch_errors 0, ulsch_DTX 7, BLER 0.00000 MCS (0) 0 (Qm 2 deltaMCS 0) NPRB 5 SNR 17.4 (+2.4) RSSI -41.3 CCE fail 239
UE 275b: LCID 1,2,4, goodput DL    0.00 UL    0.00 Mbps

[0m[NR_MAC] Frame.Slot 640.0
UE RNTI 275b CU-UE-ID 1 in-sync PH 45 dB PCMAX 20 dBm, average SINR 40.0 (32 meas)
UE 275b: dlsch_rounds 2643/0/0/0, dlsch_errors 0, pucch0_DTX 0 (SNR 20.8+0.8) RSSI -125.7, BLER 0.00000 MCS (0) 0 (Qm 2) CCE fail 15
UE 275b: ulsch_rounds 15869/7/0/0, ulsch_errors 0, ulsch_DTX 7, BLER 0.00000 MCS (0) 0 (Qm 2 deltaMCS 0) NPRB 5 SNR 16.1 (+1.1) RSSI -41.3 CCE fail 239
UE 275b: LCID 1,2,4, goodput DL    0.00 UL    0.00 Mbps

[0m[NR_MAC] Frame.Slot 768.0
UE RNTI 275b CU-UE-ID 1 in-sync PH 45 dB PCMAX 20 dBm, average SINR 40.0 (32 meas)
UE 275b: dlsch_rounds 2646/0/0/0, dlsch_errors 0, pucch0_DTX 0 (SNR 20.8+0.8) RSSI -125.7, BLER 0.00000 MCS (0) 0 (Qm 2) CCE fail 15
UE 275b: ulsch_rounds 15883/7/0/0, ulsch_errors 0, ulsch_DTX 7, BLER 0.00000 MCS (0) 0 (Qm 2 deltaMCS 0) NPRB 5 SNR 16.1 (+1.1) RSSI -41.2 CCE fail 239
UE 275b: LCID 1,2,4, goodput DL    0.00 UL    0.00 Mbps

[0m[NR_MAC] Frame.Slot 896.0
UE RNTI 275b CU-UE-ID 1 in-sync PH 45 dB PCMAX 20 dBm, average SINR 40.0 (32 meas)
UE 275b: dlsch_rounds 2648/0/0/0, dlsch_errors 0, pucch0_DTX 0 (SNR 20.8+0.8) RSSI -125.7, BLER 0.00000 MCS (0) 0 (Qm 2) CCE fail 15
UE 275b: ulsch_rounds 15897/7/0/0, ulsch_errors 0, ulsch_DTX 7, BLER 0.00000 MCS (0) 0 (Qm 2 deltaMCS 0) NPRB 5 SNR 17.0 (+2.0) RSSI -41.3 CCE fail 239
UE 275b: LCID 1,2,4, goodput DL    0.00 UL    0.00 Mbps

[0m[NR_MAC] Frame.Slot 0.0
UE RNTI 275b CU-UE-ID 1 in-sync PH 45 dB PCMAX 20 dBm, average SINR 40.0 (32 meas)
UE 275b: dlsch_rounds 2650/0/0/0, dlsch_errors 0, pucch0_DTX 0 (SNR 20.8+0.8) RSSI -125.7, BLER 0.00000 MCS (0) 0 (Qm 2) CCE fail 15
UE 275b: ulsch_rounds 15912/7/0/0, ulsch_errors 0, ulsch_DTX 7, BLER 0.00000 MCS (0) 0 (Qm 2 deltaMCS 0) NPRB 5 SNR 17.6 (+2.6) RSSI -41.3 CCE fail 239
UE 275b: LCID 1,2,4, goodput DL    0.00 UL    0.00 Mbps

[0m[NR_MAC] Frame.Slot 128.0
UE RNTI 275b CU-UE-ID 1 in-sync PH 45 dB PCMAX 20 dBm, average SINR 40.0 (32 meas)
UE 275b: dlsch_rounds 2653/0/0/0, dlsch_errors 0, pucch0_DTX 0 (SNR 20.8+0.8) RSSI -125.7, BLER 0.00000 MCS (0) 0 (Qm 2) CCE fail 15
UE 275b: ulsch_rounds 15927/7/0/0, ulsch_errors 0, ulsch_DTX 7, BLER 0.00000 MCS (0) 0 (Qm 2 deltaMCS 0) NPRB 5 SNR 17.2 (+2.2) RSSI -41.3 CCE fail 239
UE 275b: LCID 1,2,4, goodput DL    0.00 UL    0.00 Mbps

[0m[NR_MAC] Frame.Slot 256.0
UE RNTI 275b CU-UE-ID 1 in-sync PH 45 dB PCMAX 20 dBm, average SINR 40.0 (32 meas)
UE 275b: dlsch_rounds 2656/0/0/0, dlsch_errors 0, pucch0_DTX 0 (SNR 20.8+0.8) RSSI -125.7, BLER 0.00000 MCS (0) 0 (Qm 2) CCE fail 15
UE 275b: ulsch_rounds 15943/7/0/0, ulsch_errors 0, ulsch_DTX 7, BLER 0.00000 MCS (0) 0 (Qm 2 deltaMCS 0) NPRB 5 SNR 16.2 (+1.2) RSSI -41.3 CCE fail 239
UE 275b: LCID 1,2,4, goodput DL    0.00 UL    0.00 Mbps

[0m[NR_MAC] Frame.Slot 384.0
UE RNTI 275b CU-UE-ID 1 in-sync PH 45 dB PCMAX 20 dBm, average SINR 40.0 (32 meas)
UE 275b: dlsch_rounds 2658/0/0/0, dlsch_errors 0, pucch0_DTX 0 (SNR 20.8+0.8) RSSI -125.7, BLER 0.00000 MCS (0) 0 (Qm 2) CCE fail 15
UE 275b: ulsch_rounds 15958/7/0/0, ulsch_errors 0, ulsch_DTX 7, BLER 0.00000 MCS (0) 0 (Qm 2 deltaMCS 0) NPRB 5 SNR 16.9 (+1.9) RSSI -41.4 CCE fail 239
UE 275b: LCID 1,2,4, goodput DL    0.00 UL    0.00 Mbps

[0m[NR_MAC] Frame.Slot 512.0
UE RNTI 275b CU-UE-ID 1 in-sync PH 45 dB PCMAX 20 dBm, average SINR 40.0 (32 meas)
UE 275b: dlsch_rounds 2661/0/0/0, dlsch_errors 0, pucch0_DTX 0 (SNR 20.8+0.8) RSSI -125.7, BLER 0.00000 MCS (0) 0 (Qm 2) CCE fail 15
UE 275b: ulsch_rounds 15972/7/0/0, ulsch_errors 0, ulsch_DTX 7, BLER 0.00000 MCS (0) 0 (Qm 2 deltaMCS 0) NPRB 5 SNR 17.4 (+2.4) RSSI -41.3 CCE fail 239
UE 275b: LCID 1,2,4, goodput DL    0.00 UL    0.00 Mbps

[0m[NR_MAC] Frame.Slot 640.0
UE RNTI 275b CU-UE-ID 1 in-sync PH 45 dB PCMAX 20 dBm, average SINR 40.0 (32 meas)
UE 275b: dlsch_rounds 2663/0/0/0, dlsch_errors 0, pucch0_DTX 0 (SNR 20.8+0.8) RSSI -125.7, BLER 0.00000 MCS (0) 0 (Qm 2) CCE fail 15
UE 275b: ulsch_rounds 15986/7/0/0, ulsch_errors 0, ulsch_DTX 7, BLER 0.00000 MCS (0) 0 (Qm 2 deltaMCS 0) NPRB 5 SNR 16.4 (+1.4) RSSI -41.4 CCE fail 239
UE 275b: LCID 1,2,4, goodput DL    0.00 UL    0.00 Mbps

[0m[NR_MAC] Frame.Slot 768.0
UE RNTI 275b CU-UE-ID 1 in-sync PH 45 dB PCMAX 20 dBm, average SINR 40.0 (32 meas)
UE 275b: dlsch_rounds 2666/0/0/0, dlsch_errors 0, pucch0_DTX 0 (SNR 20.8+0.8) RSSI -125.7, BLER 0.00000 MCS (0) 0 (Qm 2) CCE fail 15
UE 275b: ulsch_rounds 16002/7/0/0, ulsch_errors 0, ulsch_DTX 7, BLER 0.00000 MCS (0) 0 (Qm 2 deltaMCS 0) NPRB 5 SNR 16.3 (+1.3) RSSI -41.4 CCE fail 239
UE 275b: LCID 1,2,4, goodput DL    0.00 UL    0.00 Mbps

[0m[NR_MAC] Frame.Slot 896.0
UE RNTI 275b CU-UE-ID 1 in-sync PH 45 dB PCMAX 20 dBm, average SINR 40.0 (32 meas)
UE 275b: dlsch_rounds 2668/0/0/0, dlsch_errors 0, pucch0_DTX 0 (SNR 20.8+0.8) RSSI -125.7, BLER 0.00000 MCS (0) 0 (Qm 2) CCE fail 15
UE 275b: ulsch_rounds 16017/7/0/0, ulsch_errors 0, ulsch_DTX 7, BLER 0.00000 MCS (0) 0 (Qm 2 deltaMCS 0) NPRB 5 SNR 16.0 (+1.0) RSSI -41.4 CCE fail 239
UE 275b: LCID 1,2,4, goodput DL    0.00 UL    0.00 Mbps

[0m[NR_MAC] Frame.Slot 0.0
UE RNTI 275b CU-UE-ID 1 in-sync PH 45 dB PCMAX 20 dBm, average SINR 40.0 (32 meas)
UE 275b: dlsch_rounds 2671/0/0/0, dlsch_errors 0, pucch0_DTX 0 (SNR 20.8+0.8) RSSI -125.7, BLER 0.00000 MCS (0) 0 (Qm 2) CCE fail 15
UE 275b: ulsch_rounds 16031/7/0/0, ulsch_errors 0, ulsch_DTX 7, BLER 0.00000 MCS (0) 0 (Qm 2 deltaMCS 0) NPRB 5 SNR 16.7 (+1.7) RSSI -41.3 CCE fail 239
UE 275b: LCID 1,2,4, goodput DL    0.00 UL    0.00 Mbps

[0m[NR_MAC] Frame.Slot 128.0
UE RNTI 275b CU-UE-ID 1 in-sync PH 45 dB PCMAX 20 dBm, average SINR 40.0 (32 meas)
UE 275b: dlsch_rounds 2673/0/0/0, dlsch_errors 0, pucch0_DTX 0 (SNR 20.8+0.8) RSSI -125.7, BLER 0.00000 MCS (0) 0 (Qm 2) CCE fail 15
UE 275b: ulsch_rounds 16045/7/0/0, ulsch_errors 0, ulsch_DTX 7, BLER 0.00000 MCS (0) 0 (Qm 2 deltaMCS 0) NPRB 5 SNR 17.6 (+2.6) RSSI -41.3 CCE fail 239
UE 275b: LCID 1,2,4, goodput DL    0.00 UL    0.00 Mbps

[0m[NR_MAC] Frame.Slot 256.0
UE RNTI 275b CU-UE-ID 1 in-sync PH 45 dB PCMAX 20 dBm, average SINR 40.0 (32 meas)
UE 275b: dlsch_rounds 2676/0/0/0, dlsch_errors 0, pucch0_DTX 0 (SNR 20.8+0.8) RSSI -125.7, BLER 0.00000 MCS (0) 0 (Qm 2) CCE fail 15
UE 275b: ulsch_rounds 16062/7/0/0, ulsch_errors 0, ulsch_DTX 7, BLER 0.00000 MCS (0) 0 (Qm 2 deltaMCS 0) NPRB 5 SNR 16.3 (+1.3) RSSI -41.4 CCE fail 239
UE 275b: LCID 1,2,4, goodput DL    0.00 UL    0.00 Mbps

[0m[NR_MAC] Frame.Slot 384.0
UE RNTI 275b CU-UE-ID 1 in-sync PH 45 dB PCMAX 20 dBm, average SINR 40.0 (32 meas)
UE 275b: dlsch_rounds 2679/0/0/0, dlsch_errors 0, pucch0_DTX 0 (SNR 20.8+0.8) RSSI -125.7, BLER 0.00000 MCS (0) 0 (Qm 2) CCE fail 15
UE 275b: ulsch_rounds 16076/7/0/0, ulsch_errors 0, ulsch_DTX 7, BLER 0.00000 MCS (0) 0 (Qm 2 deltaMCS 0) NPRB 5 SNR 17.0 (+2.0) RSSI -41.4 CCE fail 239
UE 275b: LCID 1,2,4, goodput DL    0.00 UL    0.00 Mbps

[0m[NR_MAC] Frame.Slot 512.0
UE RNTI 275b CU-UE-ID 1 in-sync PH 45 dB PCMAX 20 dBm, average SINR 40.0 (32 meas)
UE 275b: dlsch_rounds 2681/0/0/0, dlsch_errors 0, pucch0_DTX 0 (SNR 20.8+0.8) RSSI -125.7, BLER 0.00000 MCS (0) 0 (Qm 2) CCE fail 15
UE 275b: ulsch_rounds 16091/7/0/0, ulsch_errors 0, ulsch_DTX 7, BLER 0.00000 MCS (0) 0 (Qm 2 deltaMCS 0) NPRB 5 SNR 17.6 (+2.6) RSSI -41.4 CCE fail 239
UE 275b: LCID 1,2,4, goodput DL    0.00 UL    0.00 Mbps

[0m[NR_MAC] Frame.Slot 640.0
UE RNTI 275b CU-UE-ID 1 in-sync PH 45 dB PCMAX 20 dBm, average SINR 40.0 (32 meas)
UE 275b: dlsch_rounds 2683/0/0/0, dlsch_errors 0, pucch0_DTX 0 (SNR 20.8+0.8) RSSI -125.7, BLER 0.00000 MCS (0) 0 (Qm 2) CCE fail 15
UE 275b: ulsch_rounds 16106/7/0/0, ulsch_errors 0, ulsch_DTX 7, BLER 0.00000 MCS (0) 0 (Qm 2 deltaMCS 0) NPRB 5 SNR 17.2 (+2.2) RSSI -41.4 CCE fail 239
UE 275b: LCID 1,2,4, goodput DL    0.00 UL    0.00 Mbps

[0m[NR_MAC] Frame.Slot 768.0
UE RNTI 275b CU-UE-ID 1 in-sync PH 45 dB PCMAX 20 dBm, average SINR 40.0 (32 meas)
UE 275b: dlsch_rounds 2685/0/0/0, dlsch_errors 0, pucch0_DTX 0 (SNR 20.8+0.8) RSSI -125.7, BLER 0.00000 MCS (0) 0 (Qm 2) CCE fail 15
UE 275b: ulsch_rounds 16120/7/0/0, ulsch_errors 0, ulsch_DTX 7, BLER 0.00000 MCS (0) 0 (Qm 2 deltaMCS 0) NPRB 5 SNR 16.3 (+1.3) RSSI -41.4 CCE fail 240
UE 275b: LCID 1,2,4, goodput DL    0.00 UL    0.00 Mbps

[0m[NR_MAC] Frame.Slot 896.0
UE RNTI 275b CU-UE-ID 1 in-sync PH 45 dB PCMAX 20 dBm, average SINR 40.0 (32 meas)
UE 275b: dlsch_rounds 2689/0/0/0, dlsch_errors 0, pucch0_DTX 0 (SNR 20.8+0.8) RSSI -125.7, BLER 0.00000 MCS (0) 0 (Qm 2) CCE fail 15
UE 275b: ulsch_rounds 16135/7/0/0, ulsch_errors 0, ulsch_DTX 7, BLER 0.00000 MCS (0) 0 (Qm 2 deltaMCS 0) NPRB 5 SNR 16.3 (+1.3) RSSI -41.3 CCE fail 240
UE 275b: LCID 1,2,4, goodput DL    0.00 UL    0.00 Mbps

[0m[NR_MAC] Frame.Slot 0.0
UE RNTI 275b CU-UE-ID 1 in-sync PH 45 dB PCMAX 20 dBm, average SINR 40.0 (32 meas)
UE 275b: dlsch_rounds 2691/0/0/0, dlsch_errors 0, pucch0_DTX 0 (SNR 20.8+0.8) RSSI -125.7, BLER 0.00000 MCS (0) 0 (Qm 2) CCE fail 15
UE 275b: ulsch_rounds 16150/7/0/0, ulsch_errors 0, ulsch_DTX 7, BLER 0.00000 MCS (0) 0 (Qm 2 deltaMCS 0) NPRB 5 SNR 17.7 (+2.7) RSSI -41.3 CCE fail 240
UE 275b: LCID 1,2,4, goodput DL    0.00 UL    0.00 Mbps

[0m[NR_MAC] Frame.Slot 128.0
UE RNTI 275b CU-UE-ID 1 in-sync PH 45 dB PCMAX 20 dBm, average SINR 40.0 (32 meas)
UE 275b: dlsch_rounds 2693/0/0/0, dlsch_errors 0, pucch0_DTX 0 (SNR 20.8+0.8) RSSI -125.7, BLER 0.00000 MCS (0) 0 (Qm 2) CCE fail 15
UE 275b: ulsch_rounds 16165/7/0/0, ulsch_errors 0, ulsch_DTX 7, BLER 0.00000 MCS (0) 0 (Qm 2 deltaMCS 0) NPRB 5 SNR 17.4 (+2.4) RSSI -41.3 CCE fail 240
UE 275b: LCID 1,2,4, goodput DL    0.00 UL    0.00 Mbps

[0m[NR_MAC] Frame.Slot 256.0
UE RNTI 275b CU-UE-ID 1 in-sync PH 45 dB PCMAX 20 dBm, average SINR 40.0 (32 meas)
UE 275b: dlsch_rounds 2697/0/0/0, dlsch_errors 0, pucch0_DTX 0 (SNR 20.8+0.8) RSSI -125.7, BLER 0.00000 MCS (0) 0 (Qm 2) CCE fail 15
UE 275b: ulsch_rounds 16181/7/0/0, ulsch_errors 0, ulsch_DTX 7, BLER 0.00000 MCS (0) 0 (Qm 2 deltaMCS 0) NPRB 5 SNR 16.4 (+1.4) RSSI -41.3 CCE fail 240
UE 275b: LCID 1,2,4, goodput DL    0.00 UL    0.00 Mbps

[0m[NR_MAC] Frame.Slot 384.0
UE RNTI 275b CU-UE-ID 1 in-sync PH 45 dB PCMAX 20 dBm, average SINR 40.0 (32 meas)
UE 275b: dlsch_rounds 2699/0/0/0, dlsch_errors 0, pucch0_DTX 0 (SNR 20.8+0.8) RSSI -125.7, BLER 0.00000 MCS (0) 0 (Qm 2) CCE fail 15
UE 275b: ulsch_rounds 16195/7/0/0, ulsch_errors 0, ulsch_DTX 7, BLER 0.00000 MCS (0) 0 (Qm 2 deltaMCS 0) NPRB 5 SNR 16.2 (+1.2) RSSI -41.3 CCE fail 240
UE 275b: LCID 1,2,4, goodput DL    0.00 UL    0.00 Mbps

[0m[NR_MAC] Frame.Slot 512.0
UE RNTI 275b CU-UE-ID 1 in-sync PH 45 dB PCMAX 20 dBm, average SINR 40.0 (32 meas)
UE 275b: dlsch_rounds 2701/0/0/0, dlsch_errors 0, pucch0_DTX 0 (SNR 20.8+0.8) RSSI -125.7, BLER 0.00000 MCS (0) 0 (Qm 2) CCE fail 15
UE 275b: ulsch_rounds 16210/7/0/0, ulsch_errors 0, ulsch_DTX 7, BLER 0.00000 MCS (0) 0 (Qm 2 deltaMCS 0) NPRB 5 SNR 17.6 (+2.6) RSSI -41.3 CCE fail 241
UE 275b: LCID 1,2,4, goodput DL    0.00 UL    0.00 Mbps

[0m[NR_MAC] Frame.Slot 640.0
UE RNTI 275b CU-UE-ID 1 in-sync PH 45 dB PCMAX 20 dBm, average SINR 40.0 (32 meas)
UE 275b: dlsch_rounds 2703/0/0/0, dlsch_errors 0, pucch0_DTX 0 (SNR 20.8+0.8) RSSI -125.7, BLER 0.00000 MCS (0) 0 (Qm 2) CCE fail 15
UE 275b: ulsch_rounds 16224/7/0/0, ulsch_errors 0, ulsch_DTX 7, BLER 0.00000 MCS (0) 0 (Qm 2 deltaMCS 0) NPRB 5 SNR 16.5 (+1.5) RSSI -41.3 CCE fail 241
UE 275b: LCID 1,2,4, goodput DL    0.00 UL    0.00 Mbps

[0m[NR_MAC] Frame.Slot 768.0
UE RNTI 275b CU-UE-ID 1 in-sync PH 45 dB PCMAX 20 dBm, average SINR 40.0 (32 meas)
UE 275b: dlsch_rounds 2706/0/0/0, dlsch_errors 0, pucch0_DTX 0 (SNR 20.8+0.8) RSSI -125.7, BLER 0.00000 MCS (0) 0 (Qm 2) CCE fail 15
UE 275b: ulsch_rounds 16240/7/0/0, ulsch_errors 0, ulsch_DTX 7, BLER 0.00000 MCS (0) 0 (Qm 2 deltaMCS 0) NPRB 5 SNR 16.5 (+1.5) RSSI -41.3 CCE fail 241
UE 275b: LCID 1,2,4, goodput DL    0.00 UL    0.00 Mbps

[0m[NR_MAC] Frame.Slot 896.0
UE RNTI 275b CU-UE-ID 1 in-sync PH 45 dB PCMAX 20 dBm, average SINR 40.0 (32 meas)
UE 275b: dlsch_rounds 2709/0/0/0, dlsch_errors 0, pucch0_DTX 0 (SNR 20.8+0.8) RSSI -125.7, BLER 0.00000 MCS (0) 0 (Qm 2) CCE fail 15
UE 275b: ulsch_rounds 16255/7/0/0, ulsch_errors 0, ulsch_DTX 7, BLER 0.00000 MCS (0) 0 (Qm 2 deltaMCS 0) NPRB 5 SNR 16.2 (+1.2) RSSI -41.4 CCE fail 241
UE 275b: LCID 1,2,4, goodput DL    0.00 UL    0.00 Mbps

[0m[NR_MAC] Frame.Slot 0.0
UE RNTI 275b CU-UE-ID 1 in-sync PH 45 dB PCMAX 20 dBm, average SINR 40.0 (32 meas)
UE 275b: dlsch_rounds 2711/0/0/0, dlsch_errors 0, pucch0_DTX 0 (SNR 20.8+0.8) RSSI -125.7, BLER 0.00000 MCS (0) 0 (Qm 2) CCE fail 15
UE 275b: ulsch_rounds 16268/7/0/0, ulsch_errors 0, ulsch_DTX 7, BLER 0.00000 MCS (0) 0 (Qm 2 deltaMCS 0) NPRB 5 SNR 17.0 (+2.0) RSSI -41.3 CCE fail 241
UE 275b: LCID 1,2,4, goodput DL    0.00 UL    0.00 Mbps

[0m[NR_MAC] Frame.Slot 128.0
UE RNTI 275b CU-UE-ID 1 in-sync PH 45 dB PCMAX 20 dBm, average SINR 40.0 (32 meas)
UE 275b: dlsch_rounds 2713/0/0/0, dlsch_errors 0, pucch0_DTX 0 (SNR 20.8+0.8) RSSI -125.7, BLER 0.00000 MCS (0) 0 (Qm 2) CCE fail 15
UE 275b: ulsch_rounds 16283/7/0/0, ulsch_errors 0, ulsch_DTX 7, BLER 0.00000 MCS (0) 0 (Qm 2 deltaMCS 0) NPRB 5 SNR 17.8 (+2.8) RSSI -41.3 CCE fail 241
UE 275b: LCID 1,2,4, goodput DL    0.00 UL    0.00 Mbps

[0m[NR_MAC] Frame.Slot 256.0
UE RNTI 275b CU-UE-ID 1 in-sync PH 45 dB PCMAX 20 dBm, average SINR 40.0 (32 meas)
UE 275b: dlsch_rounds 2716/0/0/0, dlsch_errors 0, pucch0_DTX 0 (SNR 20.8+0.8) RSSI -125.7, BLER 0.00000 MCS (0) 0 (Qm 2) CCE fail 15
UE 275b: ulsch_rounds 16300/7/0/0, ulsch_errors 0, ulsch_DTX 7, BLER 0.00000 MCS (0) 0 (Qm 2 deltaMCS 0) NPRB 5 SNR 16.4 (+1.4) RSSI -41.3 CCE fail 241
UE 275b: LCID 1,2,4, goodput DL    0.00 UL    0.00 Mbps

[0m[NR_MAC] Frame.Slot 384.0
UE RNTI 275b CU-UE-ID 1 in-sync PH 45 dB PCMAX 20 dBm, average SINR 40.0 (32 meas)
UE 275b: dlsch_rounds 2719/0/0/0, dlsch_errors 0, pucch0_DTX 0 (SNR 20.8+0.8) RSSI -125.7, BLER 0.00000 MCS (0) 0 (Qm 2) CCE fail 15
UE 275b: ulsch_rounds 16314/7/0/0, ulsch_errors 0, ulsch_DTX 7, BLER 0.00000 MCS (0) 0 (Qm 2 deltaMCS 0) NPRB 5 SNR 16.1 (+1.1) RSSI -41.3 CCE fail 241
UE 275b: LCID 1,2,4, goodput DL    0.00 UL    0.00 Mbps

[0m[NR_MAC] Frame.Slot 512.0
UE RNTI 275b CU-UE-ID 1 in-sync PH 45 dB PCMAX 20 dBm, average SINR 40.0 (32 meas)
UE 275b: dlsch_rounds 2721/0/0/0, dlsch_errors 0, pucch0_DTX 0 (SNR 20.8+0.8) RSSI -125.7, BLER 0.00000 MCS (0) 0 (Qm 2) CCE fail 15
UE 275b: ulsch_rounds 16329/7/0/0, ulsch_errors 0, ulsch_DTX 7, BLER 0.00000 MCS (0) 0 (Qm 2 deltaMCS 0) NPRB 5 SNR 17.7 (+2.7) RSSI -41.3 CCE fail 241
UE 275b: LCID 1,2,4, goodput DL    0.00 UL    0.00 Mbps

[0m[NR_MAC] Frame.Slot 640.0
UE RNTI 275b CU-UE-ID 1 in-sync PH 45 dB PCMAX 20 dBm, average SINR 40.0 (32 meas)
UE 275b: dlsch_rounds 2724/0/0/0, dlsch_errors 0, pucch0_DTX 0 (SNR 20.8+0.8) RSSI -125.7, BLER 0.00000 MCS (0) 0 (Qm 2) CCE fail 15
UE 275b: ulsch_rounds 16343/7/0/0, ulsch_errors 0, ulsch_DTX 7, BLER 0.00000 MCS (0) 0 (Qm 2 deltaMCS 0) NPRB 5 SNR 17.6 (+2.6) RSSI -41.3 CCE fail 241
UE 275b: LCID 1,2,4, goodput DL    0.00 UL    0.00 Mbps

[0m[NR_MAC] Frame.Slot 768.0
UE RNTI 275b CU-UE-ID 1 in-sync PH 45 dB PCMAX 20 dBm, average SINR 40.0 (32 meas)
UE 275b: dlsch_rounds 2726/0/0/0, dlsch_errors 0, pucch0_DTX 0 (SNR 20.8+0.8) RSSI -125.7, BLER 0.00000 MCS (0) 0 (Qm 2) CCE fail 15
UE 275b: ulsch_rounds 16357/7/0/0, ulsch_errors 0, ulsch_DTX 7, BLER 0.00000 MCS (0) 0 (Qm 2 deltaMCS 0) NPRB 5 SNR 16.5 (+1.5) RSSI -41.3 CCE fail 241
UE 275b: LCID 1,2,4, goodput DL    0.00 UL    0.00 Mbps

[0m[NR_MAC] Frame.Slot 896.0
UE RNTI 275b CU-UE-ID 1 in-sync PH 45 dB PCMAX 20 dBm, average SINR 40.0 (32 meas)
UE 275b: dlsch_rounds 2729/0/0/0, dlsch_errors 0, pucch0_DTX 0 (SNR 20.8+0.8) RSSI -125.7, BLER 0.00000 MCS (0) 0 (Qm 2) CCE fail 15
UE 275b: ulsch_rounds 16373/7/0/0, ulsch_errors 0, ulsch_DTX 7, BLER 0.00000 MCS (0) 0 (Qm 2 deltaMCS 0) NPRB 5 SNR 16.4 (+1.4) RSSI -41.3 CCE fail 242
UE 275b: LCID 1,2,4, goodput DL    0.00 UL    0.00 Mbps

[0m[NR_MAC] Frame.Slot 0.0
UE RNTI 275b CU-UE-ID 1 in-sync PH 45 dB PCMAX 20 dBm, average SINR 40.0 (32 meas)
UE 275b: dlsch_rounds 2731/0/0/0, dlsch_errors 0, pucch0_DTX 0 (SNR 20.8+0.8) RSSI -125.7, BLER 0.00000 MCS (0) 0 (Qm 2) CCE fail 15
UE 275b: ulsch_rounds 16388/7/0/0, ulsch_errors 0, ulsch_DTX 7, BLER 0.00000 MCS (0) 0 (Qm 2 deltaMCS 0) NPRB 5 SNR 17.9 (+2.9) RSSI -41.3 CCE fail 242
UE 275b: LCID 1,2,4, goodput DL    0.00 UL    0.00 Mbps

[0m[NR_MAC] Frame.Slot 128.0
UE RNTI 275b CU-UE-ID 1 in-sync PH 45 dB PCMAX 20 dBm, average SINR 40.0 (32 meas)
UE 275b: dlsch_rounds 2734/0/0/0, dlsch_errors 0, pucch0_DTX 0 (SNR 20.8+0.8) RSSI -125.7, BLER 0.00000 MCS (0) 0 (Qm 2) CCE fail 15
UE 275b: ulsch_rounds 16403/7/0/0, ulsch_errors 0, ulsch_DTX 7, BLER 0.00000 MCS (0) 0 (Qm 2 deltaMCS 0) NPRB 5 SNR 17.6 (+2.6) RSSI -41.4 CCE fail 242
UE 275b: LCID 1,2,4, goodput DL    0.00 UL    0.00 Mbps

[0m[NR_MAC] Frame.Slot 256.0
UE RNTI 275b CU-UE-ID 1 in-sync PH 45 dB PCMAX 20 dBm, average SINR 40.0 (32 meas)
UE 275b: dlsch_rounds 2736/0/0/0, dlsch_errors 0, pucch0_DTX 0 (SNR 20.8+0.8) RSSI -125.7, BLER 0.00000 MCS (0) 0 (Qm 2) CCE fail 15
UE 275b: ulsch_rounds 16417/7/0/0, ulsch_errors 0, ulsch_DTX 7, BLER 0.00000 MCS (0) 0 (Qm 2 deltaMCS 0) NPRB 5 SNR 16.6 (+1.6) RSSI -41.4 CCE fail 242
UE 275b: LCID 1,2,4, goodput DL    0.00 UL    0.00 Mbps

[0m[NR_MAC] Frame.Slot 384.0
UE RNTI 275b CU-UE-ID 1 in-sync PH 45 dB PCMAX 20 dBm, average SINR 40.0 (32 meas)
UE 275b: dlsch_rounds 2739/0/0/0, dlsch_errors 0, pucch0_DTX 0 (SNR 20.8+0.8) RSSI -125.7, BLER 0.00000 MCS (0) 0 (Qm 2) CCE fail 15
UE 275b: ulsch_rounds 16433/7/0/0, ulsch_errors 0, ulsch_DTX 7, BLER 0.00000 MCS (0) 0 (Qm 2 deltaMCS 0) NPRB 5 SNR 16.3 (+1.3) RSSI -41.3 CCE fail 242
UE 275b: LCID 1,2,4, goodput DL    0.00 UL    0.00 Mbps

[0m[NR_MAC] Frame.Slot 512.0
UE RNTI 275b CU-UE-ID 1 in-sync PH 45 dB PCMAX 20 dBm, average SINR 40.0 (32 meas)
UE 275b: dlsch_rounds 2742/0/0/0, dlsch_errors 0, pucch0_DTX 0 (SNR 20.8+0.8) RSSI -125.7, BLER 0.00000 MCS (0) 0 (Qm 2) CCE fail 15
UE 275b: ulsch_rounds 16448/7/0/0, ulsch_errors 0, ulsch_DTX 7, BLER 0.00000 MCS (0) 0 (Qm 2 deltaMCS 0) NPRB 5 SNR 16.9 (+1.9) RSSI -41.3 CCE fail 242
UE 275b: LCID 1,2,4, goodput DL    0.00 UL    0.00 Mbps

[0m[NR_MAC] Frame.Slot 640.0
UE RNTI 275b CU-UE-ID 1 in-sync PH 45 dB PCMAX 20 dBm, average SINR 40.0 (32 meas)
UE 275b: dlsch_rounds 2744/0/0/0, dlsch_errors 0, pucch0_DTX 0 (SNR 20.8+0.8) RSSI -125.7, BLER 0.00000 MCS (0) 0 (Qm 2) CCE fail 15
UE 275b: ulsch_rounds 16462/7/0/0, ulsch_errors 0, ulsch_DTX 7, BLER 0.00000 MCS (0) 0 (Qm 2 deltaMCS 0) NPRB 5 SNR 16.7 (+1.7) RSSI -41.3 CCE fail 242
UE 275b: LCID 1,2,4, goodput DL    0.00 UL    0.00 Mbps

[0m[NR_MAC] Frame.Slot 768.0
UE RNTI 275b CU-UE-ID 1 in-sync PH 45 dB PCMAX 20 dBm, average SINR 40.0 (32 meas)
UE 275b: dlsch_rounds 2746/0/0/0, dlsch_errors 0, pucch0_DTX 0 (SNR 20.8+0.8) RSSI -125.7, BLER 0.00000 MCS (0) 0 (Qm 2) CCE fail 15
UE 275b: ulsch_rounds 16476/7/0/0, ulsch_errors 0, ulsch_DTX 7, BLER 0.00000 MCS (0) 0 (Qm 2 deltaMCS 0) NPRB 5 SNR 16.6 (+1.6) RSSI -41.3 CCE fail 242
UE 275b: LCID 1,2,4, goodput DL    0.00 UL    0.00 Mbps

[0m[NR_MAC] Frame.Slot 896.0
UE RNTI 275b CU-UE-ID 1 in-sync PH 45 dB PCMAX 20 dBm, average SINR 40.0 (32 meas)
UE 275b: dlsch_rounds 2749/0/0/0, dlsch_errors 0, pucch0_DTX 0 (SNR 20.8+0.8) RSSI -125.7, BLER 0.00000 MCS (0) 0 (Qm 2) CCE fail 15
UE 275b: ulsch_rounds 16492/7/0/0, ulsch_errors 0, ulsch_DTX 7, BLER 0.00000 MCS (0) 0 (Qm 2 deltaMCS 0) NPRB 5 SNR 16.5 (+1.5) RSSI -41.2 CCE fail 242
UE 275b: LCID 1,2,4, goodput DL    0.00 UL    0.00 Mbps

[0m[NR_MAC] Frame.Slot 0.0
UE RNTI 275b CU-UE-ID 1 in-sync PH 45 dB PCMAX 20 dBm, average SINR 40.0 (32 meas)
UE 275b: dlsch_rounds 2752/0/0/0, dlsch_errors 0, pucch0_DTX 0 (SNR 20.8+0.8) RSSI -125.7, BLER 0.00000 MCS (0) 0 (Qm 2) CCE fail 15
UE 275b: ulsch_rounds 16506/7/0/0, ulsch_errors 0, ulsch_DTX 7, BLER 0.00000 MCS (0) 0 (Qm 2 deltaMCS 0) NPRB 5 SNR 16.3 (+1.3) RSSI -41.3 CCE fail 242
UE 275b: LCID 1,2,4, goodput DL    0.00 UL    0.00 Mbps

[0m[NR_MAC] Frame.Slot 128.0
UE RNTI 275b CU-UE-ID 1 in-sync PH 45 dB PCMAX 20 dBm, average SINR 40.0 (32 meas)
UE 275b: dlsch_rounds 2754/0/0/0, dlsch_errors 0, pucch0_DTX 0 (SNR 20.8+0.8) RSSI -125.7, BLER 0.00000 MCS (0) 0 (Qm 2) CCE fail 15
UE 275b: ulsch_rounds 16521/7/0/0, ulsch_errors 0, ulsch_DTX 7, BLER 0.00000 MCS (0) 0 (Qm 2 deltaMCS 0) NPRB 5 SNR 17.9 (+2.9) RSSI -41.3 CCE fail 242
UE 275b: LCID 1,2,4, goodput DL    0.00 UL    0.00 Mbps

[0m[NR_MAC] Frame.Slot 256.0
UE RNTI 275b CU-UE-ID 1 in-sync PH 45 dB PCMAX 20 dBm, average SINR 40.0 (32 meas)
UE 275b: dlsch_rounds 2756/0/0/0, dlsch_errors 0, pucch0_DTX 0 (SNR 20.8+0.8) RSSI -125.7, BLER 0.00000 MCS (0) 0 (Qm 2) CCE fail 15
UE 275b: ulsch_rounds 16536/7/0/0, ulsch_errors 0, ulsch_DTX 7, BLER 0.00000 MCS (0) 0 (Qm 2 deltaMCS 0) NPRB 5 SNR 17.6 (+2.6) RSSI -41.3 CCE fail 242
UE 275b: LCID 1,2,4, goodput DL    0.00 UL    0.00 Mbps

[0m[NR_MAC] Frame.Slot 384.0
UE RNTI 275b CU-UE-ID 1 in-sync PH 45 dB PCMAX 20 dBm, average SINR 40.0 (32 meas)
UE 275b: dlsch_rounds 2760/0/0/0, dlsch_errors 0, pucch0_DTX 0 (SNR 20.8+0.8) RSSI -125.7, BLER 0.00000 MCS (0) 0 (Qm 2) CCE fail 15
UE 275b: ulsch_rounds 16552/7/0/0, ulsch_errors 0, ulsch_DTX 7, BLER 0.00000 MCS (0) 0 (Qm 2 deltaMCS 0) NPRB 5 SNR 16.2 (+1.2) RSSI -41.2 CCE fail 242
UE 275b: LCID 1,2,4, goodput DL    0.00 UL    0.00 Mbps

[0m[NR_MAC] Frame.Slot 512.0
UE RNTI 275b CU-UE-ID 1 in-sync PH 45 dB PCMAX 20 dBm, average SINR 40.0 (32 meas)
UE 275b: dlsch_rounds 2762/0/0/0, dlsch_errors 0, pucch0_DTX 0 (SNR 20.8+0.8) RSSI -125.7, BLER 0.00000 MCS (0) 0 (Qm 2) CCE fail 15
UE 275b: ulsch_rounds 16566/7/0/0, ulsch_errors 0, ulsch_DTX 7, BLER 0.00000 MCS (0) 0 (Qm 2 deltaMCS 0) NPRB 5 SNR 16.3 (+1.3) RSSI -41.4 CCE fail 242
UE 275b: LCID 1,2,4, goodput DL    0.00 UL    0.00 Mbps

[0m[NR_MAC] Frame.Slot 640.0
UE RNTI 275b CU-UE-ID 1 in-sync PH 45 dB PCMAX 20 dBm, average SINR 40.0 (32 meas)
UE 275b: dlsch_rounds 2764/0/0/0, dlsch_errors 0, pucch0_DTX 0 (SNR 20.8+0.8) RSSI -125.7, BLER 0.00000 MCS (0) 0 (Qm 2) CCE fail 15
UE 275b: ulsch_rounds 16581/7/0/0, ulsch_errors 0, ulsch_DTX 7, BLER 0.00000 MCS (0) 0 (Qm 2 deltaMCS 0) NPRB 5 SNR 17.7 (+2.7) RSSI -41.4 CCE fail 242
UE 275b: LCID 1,2,4, goodput DL    0.00 UL    0.00 Mbps

[0m[NR_MAC] Frame.Slot 768.0
UE RNTI 275b CU-UE-ID 1 in-sync PH 45 dB PCMAX 20 dBm, average SINR 40.0 (32 meas)
UE 275b: dlsch_rounds 2766/0/0/0, dlsch_errors 0, pucch0_DTX 0 (SNR 20.8+0.8) RSSI -125.7, BLER 0.00000 MCS (0) 0 (Qm 2) CCE fail 15
UE 275b: ulsch_rounds 16595/7/0/0, ulsch_errors 0, ulsch_DTX 7, BLER 0.00000 MCS (0) 0 (Qm 2 deltaMCS 0) NPRB 5 SNR 16.6 (+1.6) RSSI -41.4 CCE fail 242
UE 275b: LCID 1,2,4, goodput DL    0.00 UL    0.00 Mbps

[0m[NR_MAC] Frame.Slot 896.0
UE RNTI 275b CU-UE-ID 1 in-sync PH 45 dB PCMAX 20 dBm, average SINR 40.0 (32 meas)
UE 275b: dlsch_rounds 2770/0/0/0, dlsch_errors 0, pucch0_DTX 0 (SNR 20.8+0.8) RSSI -125.7, BLER 0.00000 MCS (0) 0 (Qm 2) CCE fail 15
UE 275b: ulsch_rounds 16611/7/0/0, ulsch_errors 0, ulsch_DTX 7, BLER 0.00000 MCS (0) 0 (Qm 2 deltaMCS 0) NPRB 5 SNR 16.6 (+1.6) RSSI -41.2 CCE fail 242
UE 275b: LCID 1,2,4, goodput DL    0.00 UL    0.00 Mbps

[0m[NR_MAC] Frame.Slot 0.0
UE RNTI 275b CU-UE-ID 1 in-sync PH 45 dB PCMAX 20 dBm, average SINR 40.0 (32 meas)
UE 275b: dlsch_rounds 2772/0/0/0, dlsch_errors 0, pucch0_DTX 0 (SNR 20.8+0.8) RSSI -125.7, BLER 0.00000 MCS (0) 0 (Qm 2) CCE fail 15
UE 275b: ulsch_rounds 16626/7/0/0, ulsch_errors 0, ulsch_DTX 7, BLER 0.00000 MCS (0) 0 (Qm 2 deltaMCS 0) NPRB 5 SNR 16.4 (+1.4) RSSI -41.3 CCE fail 242
UE 275b: LCID 1,2,4, goodput DL    0.00 UL    0.00 Mbps

[0m[NR_MAC] Frame.Slot 128.0
UE RNTI 275b CU-UE-ID 1 in-sync PH 45 dB PCMAX 20 dBm, average SINR 40.0 (32 meas)
UE 275b: dlsch_rounds 2774/0/0/0, dlsch_errors 0, pucch0_DTX 0 (SNR 20.8+0.8) RSSI -125.7, BLER 0.00000 MCS (0) 0 (Qm 2) CCE fail 15
UE 275b: ulsch_rounds 16640/7/0/0, ulsch_errors 0, ulsch_DTX 7, BLER 0.00000 MCS (0) 0 (Qm 2 deltaMCS 0) NPRB 5 SNR 17.9 (+2.9) RSSI -41.3 CCE fail 242
UE 275b: LCID 1,2,4, goodput DL    0.00 UL    0.00 Mbps

[0m[NR_MAC] Frame.Slot 256.0
UE RNTI 275b CU-UE-ID 1 in-sync PH 45 dB PCMAX 20 dBm, average SINR 40.0 (32 meas)
UE 275b: dlsch_rounds 2776/0/0/0, dlsch_errors 0, pucch0_DTX 0 (SNR 20.8+0.8) RSSI -125.7, BLER 0.00000 MCS (0) 0 (Qm 2) CCE fail 15
UE 275b: ulsch_rounds 16654/7/0/0, ulsch_errors 0, ulsch_DTX 7, BLER 0.00000 MCS (0) 0 (Qm 2 deltaMCS 0) NPRB 5 SNR 16.8 (+1.8) RSSI -41.3 CCE fail 242
UE 275b: LCID 1,2,4, goodput DL    0.00 UL    0.00 Mbps

[0m[NR_MAC] Frame.Slot 384.0
UE RNTI 275b CU-UE-ID 1 in-sync PH 45 dB PCMAX 20 dBm, average SINR 40.0 (32 meas)
UE 275b: dlsch_rounds 2779/0/0/0, dlsch_errors 0, pucch0_DTX 0 (SNR 20.8+0.8) RSSI -125.7, BLER 0.00000 MCS (0) 0 (Qm 2) CCE fail 15
UE 275b: ulsch_rounds 16671/7/0/0, ulsch_errors 0, ulsch_DTX 7, BLER 0.00000 MCS (0) 0 (Qm 2 deltaMCS 0) NPRB 5 SNR 16.4 (+1.4) RSSI -41.4 CCE fail 242
UE 275b: LCID 1,2,4, goodput DL    0.00 UL    0.00 Mbps

[0m[NR_MAC] Frame.Slot 512.0
UE RNTI 275b CU-UE-ID 1 in-sync PH 45 dB PCMAX 20 dBm, average SINR 40.0 (32 meas)
UE 275b: dlsch_rounds 2782/0/0/0, dlsch_errors 0, pucch0_DTX 0 (SNR 20.8+0.8) RSSI -125.7, BLER 0.00000 MCS (0) 0 (Qm 2) CCE fail 15
UE 275b: ulsch_rounds 16686/7/0/0, ulsch_errors 0, ulsch_DTX 7, BLER 0.00000 MCS (0) 0 (Qm 2 deltaMCS 0) NPRB 5 SNR 16.1 (+1.1) RSSI -41.4 CCE fail 242
UE 275b: LCID 1,2,4, goodput DL    0.00 UL    0.00 Mbps

[0m[NR_MAC] Frame.Slot 640.0
UE RNTI 275b CU-UE-ID 1 in-sync PH 45 dB PCMAX 20 dBm, average SINR 40.0 (32 meas)
UE 275b: dlsch_rounds 2784/0/0/0, dlsch_errors 0, pucch0_DTX 0 (SNR 20.8+0.8) RSSI -125.7, BLER 0.00000 MCS (0) 0 (Qm 2) CCE fail 15
UE 275b: ulsch_rounds 16700/7/0/0, ulsch_errors 0, ulsch_DTX 7, BLER 0.00000 MCS (0) 0 (Qm 2 deltaMCS 0) NPRB 5 SNR 16.8 (+1.8) RSSI -41.3 CCE fail 242
UE 275b: LCID 1,2,4, goodput DL    0.00 UL    0.00 Mbps

[0m[NR_MAC] Frame.Slot 768.0
UE RNTI 275b CU-UE-ID 1 in-sync PH 45 dB PCMAX 20 dBm, average SINR 40.0 (32 meas)
UE 275b: dlsch_rounds 2787/0/0/0, dlsch_errors 0, pucch0_DTX 0 (SNR 20.8+0.8) RSSI -125.7, BLER 0.00000 MCS (0) 0 (Qm 2) CCE fail 15
UE 275b: ulsch_rounds 16713/7/0/0, ulsch_errors 0, ulsch_DTX 7, BLER 0.00000 MCS (0) 0 (Qm 2 deltaMCS 0) NPRB 5 SNR 16.9 (+1.9) RSSI -41.4 CCE fail 243
UE 275b: LCID 1,2,4, goodput DL    0.00 UL    0.00 Mbps

[0m[NR_MAC] Frame.Slot 896.0
UE RNTI 275b CU-UE-ID 1 in-sync PH 45 dB PCMAX 20 dBm, average SINR 40.0 (32 meas)
UE 275b: dlsch_rounds 2789/0/0/0, dlsch_errors 0, pucch0_DTX 0 (SNR 20.8+0.8) RSSI -125.7, BLER 0.00000 MCS (0) 0 (Qm 2) CCE fail 15
UE 275b: ulsch_rounds 16730/7/0/0, ulsch_errors 0, ulsch_DTX 7, BLER 0.00000 MCS (0) 0 (Qm 2 deltaMCS 0) NPRB 5 SNR 16.6 (+1.6) RSSI -41.3 CCE fail 243
UE 275b: LCID 1,2,4, goodput DL    0.00 UL    0.00 Mbps

[0m[NR_MAC] Frame.Slot 0.0
UE RNTI 275b CU-UE-ID 1 in-sync PH 45 dB PCMAX 20 dBm, average SINR 40.0 (32 meas)
UE 275b: dlsch_rounds 2792/0/0/0, dlsch_errors 0, pucch0_DTX 0 (SNR 20.8+0.8) RSSI -125.7, BLER 0.00000 MCS (0) 0 (Qm 2) CCE fail 15
UE 275b: ulsch_rounds 16744/7/0/0, ulsch_errors 0, ulsch_DTX 7, BLER 0.00000 MCS (0) 0 (Qm 2 deltaMCS 0) NPRB 5 SNR 16.4 (+1.4) RSSI -41.3 CCE fail 243
UE 275b: LCID 1,2,4, goodput DL    0.00 UL    0.00 Mbps

[0m[NR_MAC] Frame.Slot 128.0
UE RNTI 275b CU-UE-ID 1 in-sync PH 45 dB PCMAX 20 dBm, average SINR 40.0 (32 meas)
UE 275b: dlsch_rounds 2794/0/0/0, dlsch_errors 0, pucch0_DTX 0 (SNR 20.8+0.8) RSSI -125.7, BLER 0.00000 MCS (0) 0 (Qm 2) CCE fail 15
UE 275b: ulsch_rounds 16759/7/0/0, ulsch_errors 0, ulsch_DTX 7, BLER 0.00000 MCS (0) 0 (Qm 2 deltaMCS 0) NPRB 5 SNR 18.1 (+3.1) RSSI -41.3 CCE fail 244
UE 275b: LCID 1,2,4, goodput DL    0.00 UL    0.00 Mbps

[0m[NR_MAC] Frame.Slot 256.0
UE RNTI 275b CU-UE-ID 1 in-sync PH 45 dB PCMAX 20 dBm, average SINR 40.0 (32 meas)
UE 275b: dlsch_rounds 2797/0/0/0, dlsch_errors 0, pucch0_DTX 0 (SNR 20.8+0.8) RSSI -125.7, BLER 0.00000 MCS (0) 0 (Qm 2) CCE fail 15
UE 275b: ulsch_rounds 16774/7/0/0, ulsch_errors 0, ulsch_DTX 7, BLER 0.00000 MCS (0) 0 (Qm 2 deltaMCS 0) NPRB 5 SNR 17.7 (+2.7) RSSI -41.3 CCE fail 244
UE 275b: LCID 1,2,4, goodput DL    0.00 UL    0.00 Mbps

[0m[NR_MAC] Frame.Slot 384.0
UE RNTI 275b CU-UE-ID 1 in-sync PH 45 dB PCMAX 20 dBm, average SINR 40.0 (32 meas)
UE 275b: dlsch_rounds 2799/0/0/0, dlsch_errors 0, pucch0_DTX 0 (SNR 20.8+0.8) RSSI -125.7, BLER 0.00000 MCS (0) 0 (Qm 2) CCE fail 15
UE 275b: ulsch_rounds 16788/7/0/0, ulsch_errors 0, ulsch_DTX 7, BLER 0.00000 MCS (0) 0 (Qm 2 deltaMCS 0) NPRB 5 SNR 17.5 (+2.5) RSSI -41.3 CCE fail 244
UE 275b: LCID 1,2,4, goodput DL    0.00 UL    0.00 Mbps

[0m[NR_MAC] Frame.Slot 512.0
UE RNTI 275b CU-UE-ID 1 in-sync PH 45 dB PCMAX 20 dBm, average SINR 40.0 (32 meas)
UE 275b: dlsch_rounds 2802/0/0/0, dlsch_errors 0, pucch0_DTX 0 (SNR 20.8+0.8) RSSI -125.7, BLER 0.00000 MCS (0) 0 (Qm 2) CCE fail 15
UE 275b: ulsch_rounds 16804/7/0/0, ulsch_errors 0, ulsch_DTX 7, BLER 0.00000 MCS (0) 0 (Qm 2 deltaMCS 0) NPRB 5 SNR 16.4 (+1.4) RSSI -41.2 CCE fail 246
UE 275b: LCID 1,2,4, goodput DL    0.00 UL    0.00 Mbps

[0m[NR_MAC] Frame.Slot 640.0
UE RNTI 275b CU-UE-ID 1 in-sync PH 45 dB PCMAX 20 dBm, average SINR 40.0 (32 meas)
UE 275b: dlsch_rounds 2805/0/0/0, dlsch_errors 0, pucch0_DTX 0 (SNR 20.8+0.8) RSSI -125.7, BLER 0.00000 MCS (0) 0 (Qm 2) CCE fail 15
UE 275b: ulsch_rounds 16819/7/0/0, ulsch_errors 0, ulsch_DTX 7, BLER 0.00000 MCS (0) 0 (Qm 2 deltaMCS 0) NPRB 5 SNR 17.9 (+2.9) RSSI -41.2 CCE fail 246
UE 275b: LCID 1,2,4, goodput DL    0.00 UL    0.00 Mbps

[0m[NR_MAC] Frame.Slot 768.0
UE RNTI 275b CU-UE-ID 1 in-sync PH 45 dB PCMAX 20 dBm, average SINR 40.0 (32 meas)
UE 275b: dlsch_rounds 2807/0/0/0, dlsch_errors 0, pucch0_DTX 0 (SNR 20.8+0.8) RSSI -125.7, BLER 0.00000 MCS (0) 0 (Qm 2) CCE fail 15
UE 275b: ulsch_rounds 16833/7/0/0, ulsch_errors 0, ulsch_DTX 7, BLER 0.00000 MCS (0) 0 (Qm 2 deltaMCS 0) NPRB 5 SNR 16.8 (+1.8) RSSI -41.3 CCE fail 246
UE 275b: LCID 1,2,4, goodput DL    0.00 UL    0.00 Mbps

[0m[NR_MAC] Frame.Slot 896.0
UE RNTI 275b CU-UE-ID 1 in-sync PH 45 dB PCMAX 20 dBm, average SINR 40.0 (32 meas)
UE 275b: dlsch_rounds 2809/0/0/0, dlsch_errors 0, pucch0_DTX 0 (SNR 20.8+0.8) RSSI -125.7, BLER 0.00000 MCS (0) 0 (Qm 2) CCE fail 15
UE 275b: ulsch_rounds 16849/7/0/0, ulsch_errors 0, ulsch_DTX 7, BLER 0.00000 MCS (0) 0 (Qm 2 deltaMCS 0) NPRB 5 SNR 16.7 (+1.7) RSSI -41.2 CCE fail 246
UE 275b: LCID 1,2,4, goodput DL    0.00 UL    0.00 Mbps

[0m[NR_MAC] Frame.Slot 0.0
UE RNTI 275b CU-UE-ID 1 in-sync PH 45 dB PCMAX 20 dBm, average SINR 40.0 (32 meas)
UE 275b: dlsch_rounds 2812/0/0/0, dlsch_errors 0, pucch0_DTX 0 (SNR 20.8+0.8) RSSI -125.7, BLER 0.00000 MCS (0) 0 (Qm 2) CCE fail 15
UE 275b: ulsch_rounds 16863/7/0/0, ulsch_errors 0, ulsch_DTX 7, BLER 0.00000 MCS (0) 0 (Qm 2 deltaMCS 0) NPRB 5 SNR 16.7 (+1.7) RSSI -41.2 CCE fail 246
UE 275b: LCID 1,2,4, goodput DL    0.00 UL    0.00 Mbps

[0m[NR_MAC] Frame.Slot 128.0
UE RNTI 275b CU-UE-ID 1 in-sync PH 45 dB PCMAX 20 dBm, average SINR 40.0 (32 meas)
UE 275b: dlsch_rounds 2815/0/0/0, dlsch_errors 0, pucch0_DTX 0 (SNR 20.8+0.8) RSSI -125.7, BLER 0.00000 MCS (0) 0 (Qm 2) CCE fail 15
UE 275b: ulsch_rounds 16878/7/0/0, ulsch_errors 0, ulsch_DTX 7, BLER 0.00000 MCS (0) 0 (Qm 2 deltaMCS 0) NPRB 5 SNR 17.2 (+2.2) RSSI -41.3 CCE fail 246
UE 275b: LCID 1,2,4, goodput DL    0.00 UL    0.00 Mbps

[0m[NR_MAC] Frame.Slot 256.0
UE RNTI 275b CU-UE-ID 1 in-sync PH 45 dB PCMAX 20 dBm, average SINR 40.0 (32 meas)
UE 275b: dlsch_rounds 2817/0/0/0, dlsch_errors 0, pucch0_DTX 0 (SNR 20.8+0.8) RSSI -125.7, BLER 0.00000 MCS (0) 0 (Qm 2) CCE fail 15
UE 275b: ulsch_rounds 16892/7/0/0, ulsch_errors 0, ulsch_DTX 7, BLER 0.00000 MCS (0) 0 (Qm 2 deltaMCS 0) NPRB 5 SNR 16.9 (+1.9) RSSI -41.3 CCE fail 246
UE 275b: LCID 1,2,4, goodput DL    0.00 UL    0.00 Mbps

[0m[NR_MAC] Frame.Slot 384.0
UE RNTI 275b CU-UE-ID 1 in-sync PH 45 dB PCMAX 20 dBm, average SINR 40.0 (32 meas)
UE 275b: dlsch_rounds 2819/0/0/0, dlsch_errors 0, pucch0_DTX 0 (SNR 20.8+0.8) RSSI -125.7, BLER 0.00000 MCS (0) 0 (Qm 2) CCE fail 15
UE 275b: ulsch_rounds 16908/7/0/0, ulsch_errors 0, ulsch_DTX 7, BLER 0.00000 MCS (0) 0 (Qm 2 deltaMCS 0) NPRB 5 SNR 16.6 (+1.6) RSSI -41.3 CCE fail 246
UE 275b: LCID 1,2,4, goodput DL    0.00 UL    0.00 Mbps

[0m[NR_MAC] Frame.Slot 512.0
UE RNTI 275b CU-UE-ID 1 in-sync PH 45 dB PCMAX 20 dBm, average SINR 40.0 (32 meas)
UE 275b: dlsch_rounds 2823/0/0/0, dlsch_errors 0, pucch0_DTX 0 (SNR 20.8+0.8) RSSI -125.7, BLER 0.00000 MCS (0) 0 (Qm 2) CCE fail 15
UE 275b: ulsch_rounds 16924/7/0/0, ulsch_errors 0, ulsch_DTX 7, BLER 0.00000 MCS (0) 0 (Qm 2 deltaMCS 0) NPRB 5 SNR 16.3 (+1.3) RSSI -41.2 CCE fail 246
UE 275b: LCID 1,2,4, goodput DL    0.00 UL    0.00 Mbps

[0m[NR_MAC] Frame.Slot 640.0
UE RNTI 275b CU-UE-ID 1 in-sync PH 45 dB PCMAX 20 dBm, average SINR 40.0 (32 meas)
UE 275b: dlsch_rounds 2825/0/0/0, dlsch_errors 0, pucch0_DTX 0 (SNR 20.8+0.8) RSSI -125.7, BLER 0.00000 MCS (0) 0 (Qm 2) CCE fail 15
UE 275b: ulsch_rounds 16937/7/0/0, ulsch_errors 0, ulsch_DTX 7, BLER 0.00000 MCS (0) 0 (Qm 2 deltaMCS 0) NPRB 5 SNR 16.2 (+1.2) RSSI -41.2 CCE fail 246
UE 275b: LCID 1,2,4, goodput DL    0.00 UL    0.00 Mbps

[0m[NR_MAC] Frame.Slot 768.0
UE RNTI 275b CU-UE-ID 1 in-sync PH 45 dB PCMAX 20 dBm, average SINR 40.0 (32 meas)
UE 275b: dlsch_rounds 2827/0/0/0, dlsch_errors 0, pucch0_DTX 0 (SNR 20.8+0.8) RSSI -125.7, BLER 0.00000 MCS (0) 0 (Qm 2) CCE fail 15
UE 275b: ulsch_rounds 16951/7/0/0, ulsch_errors 0, ulsch_DTX 7, BLER 0.00000 MCS (0) 0 (Qm 2 deltaMCS 0) NPRB 5 SNR 17.1 (+2.1) RSSI -41.3 CCE fail 246
UE 275b: LCID 1,2,4, goodput DL    0.00 UL    0.00 Mbps

[0m[NR_MAC] Frame.Slot 896.0
UE RNTI 275b CU-UE-ID 1 in-sync PH 45 dB PCMAX 20 dBm, average SINR 40.0 (32 meas)
UE 275b: dlsch_rounds 2829/0/0/0, dlsch_errors 0, pucch0_DTX 0 (SNR 20.8+0.8) RSSI -125.7, BLER 0.00000 MCS (0) 0 (Qm 2) CCE fail 15
UE 275b: ulsch_rounds 16966/7/0/0, ulsch_errors 0, ulsch_DTX 7, BLER 0.00000 MCS (0) 0 (Qm 2 deltaMCS 0) NPRB 5 SNR 17.7 (+2.7) RSSI -41.3 CCE fail 246
UE 275b: LCID 1,2,4, goodput DL    0.00 UL    0.00 Mbps

[0m[NR_MAC] Frame.Slot 0.0
UE RNTI 275b CU-UE-ID 1 in-sync PH 45 dB PCMAX 20 dBm, average SINR 40.0 (32 meas)
UE 275b: dlsch_rounds 2833/0/0/0, dlsch_errors 0, pucch0_DTX 0 (SNR 20.8+0.8) RSSI -125.7, BLER 0.00000 MCS (0) 0 (Qm 2) CCE fail 15
UE 275b: ulsch_rounds 16982/7/0/0, ulsch_errors 0, ulsch_DTX 7, BLER 0.00000 MCS (0) 0 (Qm 2 deltaMCS 0) NPRB 5 SNR 16.5 (+1.5) RSSI -41.2 CCE fail 246
UE 275b: LCID 1,2,4, goodput DL    0.00 UL    0.00 Mbps

[0m[NR_MAC] Frame.Slot 128.0
UE RNTI 275b CU-UE-ID 1 in-sync PH 45 dB PCMAX 20 dBm, average SINR 40.0 (32 meas)
UE 275b: dlsch_rounds 2835/0/0/0, dlsch_errors 0, pucch0_DTX 0 (SNR 20.8+0.8) RSSI -125.7, BLER 0.00000 MCS (0) 0 (Qm 2) CCE fail 15
UE 275b: ulsch_rounds 16997/7/0/0, ulsch_errors 0, ulsch_DTX 7, BLER 0.00000 MCS (0) 0 (Qm 2 deltaMCS 0) NPRB 5 SNR 16.6 (+1.6) RSSI -41.3 CCE fail 246
UE 275b: LCID 1,2,4, goodput DL    0.00 UL    0.00 Mbps

[0m[NR_MAC] Frame.Slot 256.0
UE RNTI 275b CU-UE-ID 1 in-sync PH 45 dB PCMAX 20 dBm, average SINR 40.0 (32 meas)
UE 275b: dlsch_rounds 2837/0/0/0, dlsch_errors 0, pucch0_DTX 0 (SNR 20.8+0.8) RSSI -125.7, BLER 0.00000 MCS (0) 0 (Qm 2) CCE fail 15
UE 275b: ulsch_rounds 17011/7/0/0, ulsch_errors 0, ulsch_DTX 7, BLER 0.00000 MCS (0) 0 (Qm 2 deltaMCS 0) NPRB 5 SNR 18.1 (+3.1) RSSI -41.3 CCE fail 246
UE 275b: LCID 1,2,4, goodput DL    0.00 UL    0.00 Mbps

[0m[NR_MAC] Frame.Slot 384.0
UE RNTI 275b CU-UE-ID 1 in-sync PH 45 dB PCMAX 20 dBm, average SINR 40.0 (32 meas)
UE 275b: dlsch_rounds 2839/0/0/0, dlsch_errors 0, pucch0_DTX 0 (SNR 20.8+0.8) RSSI -125.7, BLER 0.00000 MCS (0) 0 (Qm 2) CCE fail 15
UE 275b: ulsch_rounds 17026/7/0/0, ulsch_errors 0, ulsch_DTX 7, BLER 0.00000 MCS (0) 0 (Qm 2 deltaMCS 0) NPRB 5 SNR 17.7 (+2.7) RSSI -41.4 CCE fail 246
UE 275b: LCID 1,2,4, goodput DL    0.00 UL    0.00 Mbps

[0m[NR_MAC] Frame.Slot 512.0
UE RNTI 275b CU-UE-ID 1 in-sync PH 45 dB PCMAX 20 dBm, average SINR 40.0 (32 meas)
UE 275b: dlsch_rounds 2843/0/0/0, dlsch_errors 0, pucch0_DTX 0 (SNR 20.8+0.8) RSSI -125.7, BLER 0.00000 MCS (0) 0 (Qm 2) CCE fail 15
UE 275b: ulsch_rounds 17042/7/0/0, ulsch_errors 0, ulsch_DTX 7, BLER 0.00000 MCS (0) 0 (Qm 2 deltaMCS 0) NPRB 5 SNR 16.6 (+1.6) RSSI -41.2 CCE fail 246
UE 275b: LCID 1,2,4, goodput DL    0.00 UL    0.00 Mbps

[0m[NR_MAC] Frame.Slot 640.0
UE RNTI 275b CU-UE-ID 1 in-sync PH 45 dB PCMAX 20 dBm, average SINR 40.0 (32 meas)
UE 275b: dlsch_rounds 2845/0/0/0, dlsch_errors 0, pucch0_DTX 0 (SNR 20.8+0.8) RSSI -125.7, BLER 0.00000 MCS (0) 0 (Qm 2) CCE fail 15
UE 275b: ulsch_rounds 17057/7/0/0, ulsch_errors 0, ulsch_DTX 7, BLER 0.00000 MCS (0) 0 (Qm 2 deltaMCS 0) NPRB 5 SNR 16.4 (+1.4) RSSI -41.3 CCE fail 246
UE 275b: LCID 1,2,4, goodput DL    0.00 UL    0.00 Mbps

[0m[NR_MAC] Frame.Slot 768.0
UE RNTI 275b CU-UE-ID 1 in-sync PH 45 dB PCMAX 20 dBm, average SINR 40.0 (32 meas)
UE 275b: dlsch_rounds 2847/0/0/0, dlsch_errors 0, pucch0_DTX 0 (SNR 20.8+0.8) RSSI -125.7, BLER 0.00000 MCS (0) 0 (Qm 2) CCE fail 15
UE 275b: ulsch_rounds 17071/7/0/0, ulsch_errors 0, ulsch_DTX 7, BLER 0.00000 MCS (0) 0 (Qm 2 deltaMCS 0) NPRB 5 SNR 16.9 (+1.9) RSSI -41.4 CCE fail 246
UE 275b: LCID 1,2,4, goodput DL    0.00 UL    0.00 Mbps

[0m[NR_MAC] Frame.Slot 896.0
UE RNTI 275b CU-UE-ID 1 in-sync PH 45 dB PCMAX 20 dBm, average SINR 40.0 (32 meas)
UE 275b: dlsch_rounds 2850/0/0/0, dlsch_errors 0, pucch0_DTX 0 (SNR 20.8+0.8) RSSI -125.7, BLER 0.00000 MCS (0) 0 (Qm 2) CCE fail 15
UE 275b: ulsch_rounds 17084/7/0/0, ulsch_errors 0, ulsch_DTX 7, BLER 0.00000 MCS (0) 0 (Qm 2 deltaMCS 0) NPRB 5 SNR 17.0 (+2.0) RSSI -41.4 CCE fail 246
UE 275b: LCID 1,2,4, goodput DL    0.00 UL    0.00 Mbps

[0m[NR_MAC] Frame.Slot 0.0
UE RNTI 275b CU-UE-ID 1 in-sync PH 45 dB PCMAX 20 dBm, average SINR 40.0 (32 meas)
UE 275b: dlsch_rounds 2853/0/0/0, dlsch_errors 0, pucch0_DTX 0 (SNR 20.8+0.8) RSSI -125.7, BLER 0.00000 MCS (0) 0 (Qm 2) CCE fail 15
UE 275b: ulsch_rounds 17101/7/0/0, ulsch_errors 0, ulsch_DTX 7, BLER 0.00000 MCS (0) 0 (Qm 2 deltaMCS 0) NPRB 5 SNR 16.8 (+1.8) RSSI -41.3 CCE fail 246
UE 275b: LCID 1,2,4, goodput DL    0.00 UL    0.00 Mbps

[0m[NR_MAC] Frame.Slot 128.0
UE RNTI 275b CU-UE-ID 1 in-sync PH 45 dB PCMAX 20 dBm, average SINR 40.0 (32 meas)
UE 275b: dlsch_rounds 2855/0/0/0, dlsch_errors 0, pucch0_DTX 0 (SNR 20.8+0.8) RSSI -125.7, BLER 0.00000 MCS (0) 0 (Qm 2) CCE fail 15
UE 275b: ulsch_rounds 17116/7/0/0, ulsch_errors 0, ulsch_DTX 7, BLER 0.00000 MCS (0) 0 (Qm 2 deltaMCS 0) NPRB 5 SNR 16.5 (+1.5) RSSI -41.3 CCE fail 246
UE 275b: LCID 1,2,4, goodput DL    0.00 UL    0.00 Mbps

[0m[NR_MAC] Frame.Slot 256.0
UE RNTI 275b CU-UE-ID 1 in-sync PH 45 dB PCMAX 20 dBm, average SINR 40.0 (32 meas)
UE 275b: dlsch_rounds 2857/0/0/0, dlsch_errors 0, pucch0_DTX 0 (SNR 20.8+0.8) RSSI -125.7, BLER 0.00000 MCS (0) 0 (Qm 2) CCE fail 15
UE 275b: ulsch_rounds 17130/7/0/0, ulsch_errors 0, ulsch_DTX 7, BLER 0.00000 MCS (0) 0 (Qm 2 deltaMCS 0) NPRB 5 SNR 17.1 (+2.1) RSSI -41.3 CCE fail 246
UE 275b: LCID 1,2,4, goodput DL    0.00 UL    0.00 Mbps

[0m[NR_MAC] Frame.Slot 384.0
UE RNTI 275b CU-UE-ID 1 in-sync PH 45 dB PCMAX 20 dBm, average SINR 40.0 (32 meas)
UE 275b: dlsch_rounds 2860/0/0/0, dlsch_errors 0, pucch0_DTX 0 (SNR 20.8+0.8) RSSI -125.7, BLER 0.00000 MCS (0) 0 (Qm 2) CCE fail 15
UE 275b: ulsch_rounds 17145/7/0/0, ulsch_errors 0, ulsch_DTX 7, BLER 0.00000 MCS (0) 0 (Qm 2 deltaMCS 0) NPRB 5 SNR 17.7 (+2.7) RSSI -41.3 CCE fail 246
UE 275b: LCID 1,2,4, goodput DL    0.00 UL    0.00 Mbps

[0m[NR_MAC] Frame.Slot 512.0
UE RNTI 275b CU-UE-ID 1 in-sync PH 45 dB PCMAX 20 dBm, average SINR 40.0 (32 meas)
UE 275b: dlsch_rounds 2862/0/0/0, dlsch_errors 0, pucch0_DTX 0 (SNR 20.8+0.8) RSSI -125.7, BLER 0.00000 MCS (0) 0 (Qm 2) CCE fail 15
UE 275b: ulsch_rounds 17161/7/0/0, ulsch_errors 0, ulsch_DTX 7, BLER 0.00000 MCS (0) 0 (Qm 2 deltaMCS 0) NPRB 5 SNR 16.5 (+1.5) RSSI -41.3 CCE fail 246
UE 275b: LCID 1,2,4, goodput DL    0.00 UL    0.00 Mbps

[0m[NR_MAC] Frame.Slot 640.0
UE RNTI 275b CU-UE-ID 1 in-sync PH 45 dB PCMAX 20 dBm, average SINR 40.0 (32 meas)
UE 275b: dlsch_rounds 2865/0/0/0, dlsch_errors 0, pucch0_DTX 0 (SNR 20.8+0.8) RSSI -125.7, BLER 0.00000 MCS (0) 0 (Qm 2) CCE fail 15
UE 275b: ulsch_rounds 17175/7/0/0, ulsch_errors 0, ulsch_DTX 7, BLER 0.00000 MCS (0) 0 (Qm 2 deltaMCS 0) NPRB 5 SNR 16.4 (+1.4) RSSI -41.3 CCE fail 246
UE 275b: LCID 1,2,4, goodput DL    0.00 UL    0.00 Mbps

[0m[NR_MAC] Frame.Slot 768.0
UE RNTI 275b CU-UE-ID 1 in-sync PH 45 dB PCMAX 20 dBm, average SINR 40.0 (32 meas)
UE 275b: dlsch_rounds 2868/0/0/0, dlsch_errors 0, pucch0_DTX 0 (SNR 20.8+0.8) RSSI -125.7, BLER 0.00000 MCS (0) 0 (Qm 2) CCE fail 15
UE 275b: ulsch_rounds 17189/7/0/0, ulsch_errors 0, ulsch_DTX 7, BLER 0.00000 MCS (0) 0 (Qm 2 deltaMCS 0) NPRB 5 SNR 17.2 (+2.2) RSSI -41.3 CCE fail 246
UE 275b: LCID 1,2,4, goodput DL    0.00 UL    0.00 Mbps

[0m[NR_MAC] Frame.Slot 896.0
UE RNTI 275b CU-UE-ID 1 in-sync PH 45 dB PCMAX 20 dBm, average SINR 40.0 (32 meas)
UE 275b: dlsch_rounds 2870/0/0/0, dlsch_errors 0, pucch0_DTX 0 (SNR 20.8+0.8) RSSI -125.7, BLER 0.00000 MCS (0) 0 (Qm 2) CCE fail 15
UE 275b: ulsch_rounds 17204/7/0/0, ulsch_errors 0, ulsch_DTX 7, BLER 0.00000 MCS (0) 0 (Qm 2 deltaMCS 0) NPRB 5 SNR 17.9 (+2.9) RSSI -41.3 CCE fail 246
UE 275b: LCID 1,2,4, goodput DL    0.00 UL    0.00 Mbps

[0m[NR_MAC] Frame.Slot 0.0
UE RNTI 275b CU-UE-ID 1 in-sync PH 45 dB PCMAX 20 dBm, average SINR 40.0 (32 meas)
UE 275b: dlsch_rounds 2873/0/0/0, dlsch_errors 0, pucch0_DTX 0 (SNR 20.8+0.8) RSSI -125.7, BLER 0.00000 MCS (0) 0 (Qm 2) CCE fail 15
UE 275b: ulsch_rounds 17220/7/0/0, ulsch_errors 0, ulsch_DTX 7, BLER 0.00000 MCS (0) 0 (Qm 2 deltaMCS 0) NPRB 5 SNR 16.7 (+1.7) RSSI -41.3 CCE fail 246
UE 275b: LCID 1,2,4, goodput DL    0.00 UL    0.00 Mbps

[0m[NR_MAC] Frame.Slot 128.0
UE RNTI 275b CU-UE-ID 1 in-sync PH 45 dB PCMAX 20 dBm, average SINR 40.0 (32 meas)
UE 275b: dlsch_rounds 2875/0/0/0, dlsch_errors 0, pucch0_DTX 0 (SNR 20.8+0.8) RSSI -125.7, BLER 0.00000 MCS (0) 0 (Qm 2) CCE fail 15
UE 275b: ulsch_rounds 17234/7/0/0, ulsch_errors 0, ulsch_DTX 7, BLER 0.00000 MCS (0) 0 (Qm 2 deltaMCS 0) NPRB 5 SNR 16.9 (+1.9) RSSI -41.4 CCE fail 246
UE 275b: LCID 1,2,4, goodput DL    0.00 UL    0.00 Mbps

[0m[NR_MAC] Frame.Slot 256.0
UE RNTI 275b CU-UE-ID 1 in-sync PH 45 dB PCMAX 20 dBm, average SINR 40.0 (32 meas)
UE 275b: dlsch_rounds 2878/0/0/0, dlsch_errors 0, pucch0_DTX 0 (SNR 20.8+0.8) RSSI -125.7, BLER 0.00000 MCS (0) 0 (Qm 2) CCE fail 15
UE 275b: ulsch_rounds 17249/7/0/0, ulsch_errors 0, ulsch_DTX 7, BLER 0.00000 MCS (0) 0 (Qm 2 deltaMCS 0) NPRB 5 SNR 18.3 (+3.3) RSSI -41.3 CCE fail 246
UE 275b: LCID 1,2,4, goodput DL    0.00 UL    0.00 Mbps

[0m[NR_MAC] Frame.Slot 384.0
UE RNTI 275b CU-UE-ID 1 in-sync PH 45 dB PCMAX 20 dBm, average SINR 40.0 (32 meas)
UE 275b: dlsch_rounds 2880/0/0/0, dlsch_errors 0, pucch0_DTX 0 (SNR 20.8+0.8) RSSI -125.7, BLER 0.00000 MCS (0) 0 (Qm 2) CCE fail 15
UE 275b: ulsch_rounds 17264/7/0/0, ulsch_errors 0, ulsch_DTX 7, BLER 0.00000 MCS (0) 0 (Qm 2 deltaMCS 0) NPRB 5 SNR 17.8 (+2.8) RSSI -41.4 CCE fail 246
UE 275b: LCID 1,2,4, goodput DL    0.00 UL    0.00 Mbps

[0m[NR_MAC] Frame.Slot 512.0
UE RNTI 275b CU-UE-ID 1 in-sync PH 45 dB PCMAX 20 dBm, average SINR 40.0 (32 meas)
UE 275b: dlsch_rounds 2882/0/0/0, dlsch_errors 0, pucch0_DTX 0 (SNR 20.8+0.8) RSSI -125.7, BLER 0.00000 MCS (0) 0 (Qm 2) CCE fail 15
UE 275b: ulsch_rounds 17280/7/0/0, ulsch_errors 0, ulsch_DTX 7, BLER 0.00000 MCS (0) 0 (Qm 2 deltaMCS 0) NPRB 5 SNR 16.7 (+1.7) RSSI -41.3 CCE fail 246
UE 275b: LCID 1,2,4, goodput DL    0.00 UL    0.00 Mbps

[0m[NR_MAC] Frame.Slot 640.0
UE RNTI 275b CU-UE-ID 1 in-sync PH 45 dB PCMAX 20 dBm, average SINR 40.0 (32 meas)
UE 275b: dlsch_rounds 2886/0/0/0, dlsch_errors 0, pucch0_DTX 0 (SNR 20.8+0.8) RSSI -125.7, BLER 0.00000 MCS (0) 0 (Qm 2) CCE fail 15
UE 275b: ulsch_rounds 17295/7/0/0, ulsch_errors 0, ulsch_DTX 7, BLER 0.00000 MCS (0) 0 (Qm 2 deltaMCS 0) NPRB 5 SNR 16.5 (+1.5) RSSI -41.3 CCE fail 246
UE 275b: LCID 1,2,4, goodput DL    0.00 UL    0.00 Mbps

[0m                                                                                                                                                                                                                                                                                                                                                                                                                                                                                                                                            