CMDLINE: "./nr-uesoftmodem" "-O" "/home/student/ntn_runs/tcp_debug_20260911T060117Z/nrue_geo.conf" "--band" "254" "-C" "2488400000" "--CO" "-873500000" "-r" "25" "--numerology" "0" "--ssb" "60" "--rfsim" "--rfsimulator.prop_delay" "238.74" 
[UTIL]   running in SA mode (no --phy-test, --do-ra, --nsa option present)
[0m[UTIL]   threadCreate() for Tpool0_-1: creating thread with affinity ffffffff, priority 97
[0m[UTIL]   threadCreate() for Tpool1_-1: creating thread with affinity ffffffff, priority 97
[0m[UTIL]   threadCreate() for Tpool2_-1: creating thread with affinity ffffffff, priority 97
[0m[UTIL]   threadCreate() for Tpool3_-1: creating thread with affinity ffffffff, priority 97
[0m[UTIL]   threadCreate() for Tpool4_-1: creating thread with affinity ffffffff, priority 97
[0m[UTIL]   threadCreate() for Tpool5_-1: creating thread with affinity ffffffff, priority 97
[0m[UTIL]   threadCreate() for Tpool6_-1: creating thread with affinity ffffffff, priority 97
[0m[UTIL]   threadCreate() for Tpool7_-1: creating thread with affinity ffffffff, priority 97
[0m[OPT]    OPT disabled
[0m[HW]     Version: Branch: develop Abrev. Hash: 2b69bde6ae Date: Fri Aug 14 09:43:59 2026 +0200
[0m[NR_RRC] create TASK_RRC_NRUE 
[0m[UTIL]   threadCreate() for TASK_RRC_NRUE: creating thread with affinity ffffffff, priority 50
[0m[UTIL]   threadCreate() for TASK_NAS_NRUE: creating thread with affinity ffffffff, priority 50
[0m[SIM]    UICC simulation: IMSI=001010000000001, IMEISV=6754567890123413, Ki=fec86ba6eb707ed08905757b1bb44b8f, OPc=C42449363BBAD02B66D16BC975D77CC1
[0m[SIM]    overriding potential uicc0.dnn/nssai_sst/nssai_sd from uicc0.pdu_sessions
[0m[SIM]    will request PDU session ID 1, type 1, DNN oai, NSSAI 1.ffffff
[0m[NR_MAC] [UE0] Initializing MAC
[0m[NR_MAC] Initializing dl and ul config_request. num_slots = 10
[0m[RLC]    Activated srb0 for UE 0
[0m[UTIL]   threadCreate() for time source iq samples: creating thread with affinity ffffffff, priority 2
[0m[UTIL]   time manager configuration: [time source: iq_samples] [mode: standalone] [server IP: 127.0.0.1} [server port: 7374] (server IP/port not used)
[0m[PHY]    Set UE nb_rx_antenna 1, nb_tx_antenna 1, threequarter_fs 0, ofdm_offset_divisor 8
[0m[PHY]    SA init parameters. DL freq 2488400000 UL offset -873500000 SSB numerology 0 N_RB_DL 25
[0m[PHY]    Init: N_RB_DL 25, first_carrier_offset 362, nb_prefix_samples 36,nb_prefix_samples0 40, ofdm_symbol_size 512
[0m[93m[PHY]    samples_per_subframe 7680/per second 7680000, wCP 7168
[0m[PHY]    Set UE_fo_compensation 0, UE_scan_carrier 0, UE_no_timing_correction 0 
, chest-freq 0, chest-time 0
[0m[UTIL]   threadCreate() for SYNC__actor: creating thread with affinity ffffffff, priority 97
[0m[UTIL]   threadCreate() for DL__actor: creating thread with affinity ffffffff, priority 97
[0m[UTIL]   threadCreate() for DL__actor: creating thread with affinity ffffffff, priority 97
[0m[UTIL]   threadCreate() for DL__actor: creating thread with affinity ffffffff, priority 97
[0m[UTIL]   threadCreate() for DL__actor: creating thread with affinity ffffffff, priority 97
[0m[UTIL]   threadCreate() for UL__actor: creating thread with affinity ffffffff, priority 97
[0m[UTIL]   threadCreate() for UL__actor: creating thread with affinity ffffffff, priority 97
[0m[PHY]    Initializing UE vars for gNB TXant 1, UE RXant 1
[0m[PHY]    prs_config configuration NOT found..!! Skipped configuring UE for the PRS reception
[0m[PHY]    HW: Configuring ru_id 0, sample_rate 7680000.000000, tx/rx num_channels 1/1, duplex_mode FDD
[0m[PHY]    HW: Configuring channel 0 (rf_chain 0): setting tx_freq 1614900000 Hz, rx_freq 2488400000 Hz, tune_offset 0
[0m[PHY]    HW: Configuring channel 0 (rf_chain 0): setting tx_gain 0, rx_gain 110
[0m[UTIL]   threadCreate() for ru_start_thread: creating thread with affinity ffffffff, priority 97
[0m[93m[HW]     Warning: rfsimulator parameters should be provided as array elements!
[0m[HW]     propagation delay 238.740104 ms, 1833524 samples
[0m[HW]     Running as client: will connect to a rfsimulator server side
[0m[HW]     [RAU] has loaded RFSIMULATOR device.
[0m[HW]     Trying to connect to 127.0.0.1:4043
[0m[HW]     Connection to 127.0.0.1:4043 established
[0m[32m[HW]     RFsim: Number of antennas changed from 0 to 1
[0m[PHY]    Intializing UE Threads for instance 0 ...
[0m[UTIL]   threadCreate() for UEthread_0: creating thread with affinity ffffffff, priority 97
[0m[UTIL]   threadCreate() for L1_UE_stats_0: creating thread with affinity ffffffff, priority 1
[0m[93m[PHY]    SSB position provided
[0m[93m[NR_PHY] Starting sync detection
[0m[PHY]    [UE thread Synch] Running Initial Synch 
[0m[NR_PHY] Starting cell search with center freq: 2488400000, bandwidth: 25. Scanning for 1 number of GSCN.
[0m[NR_PHY] Scanning GSCN: 0, with SSB offset: 60, SSB Freq: 0.000000
[0m[32m[PHY]    Initial sync: pbch decoded sucessfully, ssb index 0
[0m[PHY]    pbch rx ok. rsrp:51 dB/RE, adjust_rxgain:-1 dB
[0m[NR_PHY] Cell Detected with GSCN: 0, SSB SC offset: 60, SSB Ref: 0.000000, PSS Corr peak: 90 dB, PSS Corr Average: 59
[0m[PHY]    [UE0] In synch, rx_offset 59444 samples
[0m[PHY]    [UE 0] Measured Carrier Frequency offset -2 Hz
[0m[32m[PHY]    Initial sync successful, PCI: 0
[0m[PHY]    HW: Configuring channel 0 (rf_chain 0): setting tx_freq 1614899999 Hz, rx_freq 2488399998 Hz, tune_offset 0
[0m[PHY]    Got synch: hw_slot_offset 15, carrier off -2 Hz
[0m[NR_RRC] [UE 0] BCCH update: phyCellID 0->0, arfcn_ssb 0->497770
[0m[32m[PHY]    UE synchronized! decoded_frame_rx=708 UE->init_sync_frame=0 trashed_frames=4
[0m[PHY]    Resynchronizing RX by 59444 samples
[0m[HW]     received write reorder clear context
[0m[PHY]    max_pos_acc = 0, shiftForNextFrame = 0
[0m[32m[NR_RRC] SIB1 decoded
[0m[NR_MAC] [UE 0] Initial cell selection: dl_frequency=2486150 kHz (from command-line, band=254, scs=0)
[0m[NR_MAC] Computing frequency (nrarfcn 322530 => 1612650 KHz, NR band 254
[0m[NR_MAC] Initial cell selection: uplink_frequency=1612650 kHz (from absoluteFrequencyPointA=322530, band=254, scs=0)
[0m[PHY]    N_TA_offset changed from 0 to 100
[0m[NR_RRC] [UE 0] 720:0 Decoding SI
[0m[32m[NR_RRC] Found SIB2
[0m[NR_RRC] [UE 0] 737:0 Decoding SI
[0m[32m[NR_RRC] Found SIB19
[0m[NR_RRC] Get EPOCHTIME: x:10, N:10, slot_endw:10, frame:738, subframe:0 , slot:0
[0m[NR_RRC] Epoch frame 738 ahead by 1 frames
[0m[NR_RRC] val430:240 s, T430:240010 ms, sib19_timer:120010 ms
[0m[NR_MAC] NTN Config Rxd. Epoch HFN: 0, Epoch SFN: 738, Epoch Subframe: 0, k_offset: 478ms, N_Common_Ta: 238.740000ms, drift: 0.000000µs/s, variant: 0.000000µs/s²
[0m[NR_MAC] Satellite orbital radius 42163999.800000 m, pos_sat_0 = {0.000000, 0.000000, 42163999.800000}, pos_sat_90 = {0.000000, 0.000000, 42163999.800000}
[0m[NR_MAC] Satellite velocity 0.000000 m/s, angular velocity = 0.000000e+00 rad/ms, vel_sat_0 = {0.000000, 0.000000, 0.000000}, vel_sat_90 = {0.000000, 0.000000, 0.000000}
[0m[PHY]    k_offset: 478ms, N_Common_Ta: 238.740000ms, drift: 0.000000µs/s, variant: 0.000000µs/s², timing_advance_ntn: 3667039 samples, DL Doppler shift: 0.000000kHz, UL Doppler shift: 0.000000kHz
[0m[MAC]    Initialization of 4-Step CBRA procedure
[0m[NR_MAC] [UE 0] selected PRACH occasion: start_symbol 0 fdm 0 slot 9 format 0
[0m[NR_MAC] PRACH scheduler: Selected RO Frame 785, Slot 9, Symbol 0, Fdm 0
[0m[PHY]    PRACH [UE 0] in frame.slot 785.9, placing PRACH in position 8702, Msg1/MsgA-Preamble frequency start 0 (k1 0), preamble_offset 7, first_nonzero_root_idx 0, preambleIndex = 36
[0m[PHY]    [UE 0] RAR-Msg2 decoded
[0m[NR_MAC] [UE 0][RAPROC][RA-RNTI 007f] Got BI RAR subPDU 5 ms
[0m[NR_MAC] [UE 0][RAPROC][RA-RNTI 007f] Got RAPID RAR subPDU
[0m[32m[NR_MAC] [UE 0][RAPROC][786.6] Found RAR with the intended RAPID 36
[0m[93m[MAC]    received TA command 33
[0m[32m[NR_MAC] [RAPROC][835.2] RA-Msg3 transmitted
[0m[32m[NR_MAC] [UE 0][837.3][RAPROC] 4-Step RA procedure succeeded. CBRA: Contention Resolution is successful.
[0m[NR_RRC] [UE0][RAPROC] Logical Channel DL-CCCH (SRB0), Received NR_RRCSetup
[0m[RLC]    Added srb 1 to UE 0
[0m[NR_RRC] State = NR_RRC_CONNECTED
[0m[NAS]    Generate Initial NAS Message: Registration Request
[0m[MAC]    [UE 0] Applying CellGroupConfig from gNodeB
[0m[NAS]    [UE 0] Received NR_NAS_CONN_ESTABLISH_IND: asCause 0
[0m[NR_RRC] [UE 0][RAPROC] Logical Channel UL-DCCH (SRB1), Generating RRCSetupComplete (bytes33)
[0m[NR_MAC] UE 0 RNTI 275b stats sfn: 896.0, cumulated bad DCI 0
    DL Chan: SSB 0 SINR 45.1 dB RSRP -36 dBm, RI 0 CQI: N/A
    DL harq: 1/0 avg code rate 0.0, avg bit/symbol 0.0, avg per TB: (nb RBs 0.0, nb symbols 0.0)
    UL harq: 3/0 avg code rate 0.1, avg bit/symbol 2.1, avg per TB: (nb RBs 6.0, nb symbols 13.0)
[0m[NR_MAC] [935.0] Received TA_COMMAND 33 TAGID 0 CC_id 0 
[0m[NR_MAC] UE 0 RNTI 275b stats sfn: 0.0, cumulated bad DCI 0
    DL Chan: SSB 0 SINR 46.3 dB RSRP -36 dBm, RI 0 CQI: N/A
    DL harq: 3/0 avg code rate 0.0, avg bit/symbol 0.0, avg per TB: (nb RBs 0.0, nb symbols 0.0)
    UL harq: 22/0 avg code rate 0.1, avg bit/symbol 2.1, avg per TB: (nb RBs 6.0, nb symbols 13.0)
[0m[NAS]    [UE 0] Received NAS_DOWNLINK_DATA_IND type FGS_AUTHENTICATION_REQUEST with length 42
[0m[NR_MAC] [11.0] Received TA_COMMAND 29 TAGID 0 CC_id 0 
[0m[NAS]    [UE 0] Received NAS_DOWNLINK_DATA_IND type FGS_SECURITY_MODE_COMMAND with length 21
[0m[NAS]    Generate Initial NAS Message: Registration Request
[0m[NR_MAC] UE 0 RNTI 275b stats sfn: 128.0, cumulated bad DCI 0
    DL Chan: SSB 0 SINR 44.1 dB RSRP -36 dBm, RI 0 CQI: N/A
    DL harq: 8/0 avg code rate 0.0, avg bit/symbol 0.0, avg per TB: (nb RBs 0.0, nb symbols 0.0)
    UL harq: 41/0 avg code rate 0.1, avg bit/symbol 2.1, avg per TB: (nb RBs 5.9, nb symbols 13.0)
[0m[NR_RRC] Received securityModeCommand (gNB 0)
[0m[NR_RRC] Receiving from SRB1 (DL-DCCH), Processing securityModeCommand
[0m[NR_RRC] Security algorithm is set to nea0
[0m[NR_RRC] Integrity protection algorithm is set to nia2
[0m[NR_RRC] Receiving from SRB1 (DL-DCCH), encoding securityModeComplete, rrc_TransactionIdentifier: 0
[0m[NR_MAC] UE 0 RNTI 275b stats sfn: 256.0, cumulated bad DCI 0
    DL Chan: SSB 0 SINR 45.1 dB RSRP -36 dBm, RI 0 CQI: N/A
    DL harq: 11/0 avg code rate 0.0, avg bit/symbol 0.0, avg per TB: (nb RBs 0.0, nb symbols 0.0)
    UL harq: 63/0 avg code rate 0.1, avg bit/symbol 2.1, avg per TB: (nb RBs 7.2, nb symbols 13.0)
[0m[NR_RRC] Received Capability Enquiry (gNB 0)
[0m[NR_RRC] Receiving from SRB1 (DL-DCCH), Processing UECapabilityEnquiry
[0m[CONFIG] function config_libconfig_init returned 0
Initializing random number generator, seed 15573562842476965037
TYPE <CTRL-C> TO TERMINATE
Entering ITTI signals handler
TYPE <CTRL-C> TO TERMINATE
kausf:c0 c7 22 70 63 1c d6 b2 1d 71 dc bc 7d b1 5c 69 e0 41 ab a6 9f 58 5 dd eb 69 34 3f da db 43 1b 
kseaf:54 78 bb 52 c6 84 82 c0 3b 7f 51 40 c8 c6 3c 71 c6 6 51 b7 bc ef de 6c a6 10 d5 bf be 3f d5 c4 
kamf:81 af 9b 74 87 20 92 43 27 80 9e 53 89 2d b2 b1 65 8 7d 4 4d cd e7 1d e3 4 5a d8 6a 90 69 b5 
knas_int: 18 c8 a1 0 74 89 87 ac 26 b2 cb 46 ae 29 76 9 
knas_enc: 3d 27 7 c6 e9 b5 db 68 e2 31 d4 ae 1 40 e 55 
mac 5e 55 7b a7 
[NR_RRC] deriving kRRCenc, kRRCint from KgNB=c7 17 36 0d 6b a7 c4 49 90 29 b2 c6 89 7a 53 79 42 77 32 16 3f 36 e3 b7 ef bb ac 0b 1d e3 2c 62 [0m
[NR_RRC] securityModeComplete payload: 28 00 00 00 00 00 00 00 00 48 00 60 b5 77 00 00 [0m
<UE-NR-Capability>
    <accessStratumRelease><rel15/></accessStratumRelease>
    <pdcp-Parameters>
        <supportedROHC-Profiles>
            <profile0x0000><false/></profile0x0000>
            <profile0x0001><false/></profile0x0001>
            <profile0x0002><false/></profile0x0002>
            <profile0x0003><false/></profile0x0003>
            <profile0x0004><false/></profile0x0004>
            <profile0x0006><false/></profile0x0006>
            <profile0x0101><false/></profile0x0101>
            <profile0x0102><false/></profile0x0102>
            <profile0x0103><false/></profile0x0103>
            <profile0x0104><false/></profile0x0104>
        </supportedROHC-Profiles>
        <maxNumberROHC-ContextSessions><cs2/></maxNumberROHC-ContextSessions>
    </pdcp-Parameters>
    <phy-Parameters>
    </phy-Parameters>
    <rf-Parameters>
        <supportedBandListNR>
            <BandNR>
                <bandNR>1</bandNR>
            </BandNR>
        </supportedBandListNR>
    </rf-Parameters>
</UE-NR-Capability>
[PHY]    [RRC]UE NR Capability encoded, 10 bytes (86 bits)
[0m[NR_RRC] UECapabilityInformation Encoded 106 bits (14 bytes)
[0m[NAS]    [UE 0] Received NAS_DOWNLINK_DATA_IND type FGS_REGISTRATION_ACCEPT with length 53
[0m[NAS]    Received Registration Accept with result 3GPP
[0m[NAS]    SMS not allowed in 5GS Registration Result
[0m[NR_RRC] 5G-GUTI: AMF pointer 1, AMF Set ID 1, 5G-TMSI 1075174079 
[0m[NAS]    Send NAS_UPLINK_DATA_REQ message(RegistrationComplete)
[0m[NAS]    requested PDU session ID 1 type 1 NSSAI 1.16777215 DNN oai
[0m[NAS]    Send NAS_UPLINK_DATA_REQ message(PduSessionEstablishRequest)
[0m[NR_MAC] [UE 0] paging UE_ID=703
[0m[NR_MAC] UE 0 RNTI 275b stats sfn: 384.0, cumulated bad DCI 0
    DL Chan: SSB 0 SINR 45.1 dB RSRP -36 dBm, RI 0 CQI: N/A
    DL harq: 16/0 avg code rate 0.0, avg bit/symbol 0.0, avg per TB: (nb RBs 0.0, nb symbols 0.0)
    UL harq: 80/0 avg code rate 0.1, avg bit/symbol 2.1, avg per TB: (nb RBs 6.7, nb symbols 13.0)
[0m[RLC]    Added srb 2 to UE 0
[0m[RLC]    Added drb 1 to UE 0
[0m[RLC]    Added DRB to UE 0
[0m[MAC]    [UE 0] Applying CellGroupConfig from gNodeB
[0m[NR_RRC] RRCReconfiguration includes radio Bearer Configuration
[0m[93m[SDAP]    Could not find SDAP entity: entity list empty (ue_id=0 pdu_session_id=1)
[0m[SDAP]   Creating SDAP entity ue_id=0 pdu_session_id=1
[0m[SDAP]   Default DRB for the created SDAP entity: DRB 1 
[0m[PDCP]   Added DRB 1 to UE ID 0
[0m[NR_RRC] State = NR_RRC_CONNECTED
[0m[NR_RRC] RRCReconfiguration includes Measurement Configuration
[0m[NAS]    [UE 0] Received NAS_CONN_ESTABLI_CNF: errCode 1, length 98
[0m[93m[NR_RRC] Measurement gaps not yet supported!
[0m[NAS]    Received PDU Session Establishment Accept, UE IPv4: 10.0.0.3
[0m[NR_RRC] rrcReconfigurationComplete Encoded 10 bits (2 bytes)
[0m[NR_RRC]  Logical Channel UL-DCCH (SRB1), Generating RRCReconfigurationComplete (bytes 2)
[0m[NR_RRC] MeasurementReport Encoded 53 bits (7 bytes)
[0m[NR_MAC] UE 0 RNTI 275b stats sfn: 512.0, cumulated bad DCI 0
    DL Chan: SSB 0 SINR 43.3 dB RSRP -36 dBm, RI 0 CQI: N/A
    DL harq: 24/0 avg code rate 0.0, avg bit/symbol 0.0, avg per TB: (nb RBs 0.0, nb symbols 0.0)
    UL harq: 100/0 avg code rate 0.1, avg bit/symbol 2.1, avg per TB: (nb RBs 7.2, nb symbols 13.0)
[0m[SDAP]   UE 0 PDU session 1: cached QFI 1
[0m[SDAP]   UE 0 PDU session 1: bringing TUN oaitun_ue1 up
[0m[UTIL]   threadCreate() for ue_tun_read_0_p1: creating thread with affinity ffffffff, priority 1
[0m[32m[OIP]    TUN Interface oaitun_ue1 successfully configured, IPv4 10.0.0.3, IPv6 (null)
[0m[NR_RRC] MeasurementReport Encoded 53 bits (7 bytes)
[0m[NR_MAC] UE 0 RNTI 275b stats sfn: 640.0, cumulated bad DCI 0
    DL Chan: SSB 0 SINR 46.3 dB RSRP -36 dBm, RI 0 CQI: N/A
    DL harq: 27/0 avg code rate 0.1, avg bit/symbol 2.0, avg per TB: (nb RBs 0.6, nb symbols 1.3)
    UL harq: 123/0 avg code rate 0.1, avg bit/symbol 2.1, avg per TB: (nb RBs 7.6, nb symbols 13.0)
[0m[NR_RRC] MeasurementReport Encoded 53 bits (7 bytes)
[0m[NR_MAC] UE 0 RNTI 275b stats sfn: 768.0, cumulated bad DCI 0
    DL Chan: SSB 0 SINR 44.1 dB RSRP -36 dBm, RI 0 CQI: N/A
    DL harq: 29/0 avg code rate 0.1, avg bit/symbol 2.0, avg per TB: (nb RBs 0.9, nb symbols 2.1)
    UL harq: 137/0 avg code rate 0.1, avg bit/symbol 2.0, avg per TB: (nb RBs 7.3, nb symbols 13.0)
[0m[NR_RRC] MeasurementReport Encoded 53 bits (7 bytes)
[0m[NR_MAC] UE 0 RNTI 275b stats sfn: 896.0, cumulated bad DCI 0
    DL Chan: SSB 0 SINR 45.1 dB RSRP -36 dBm, RI 0 CQI: N/A
    DL harq: 32/0 avg code rate 0.1, avg bit/symbol 2.0, avg per TB: (nb RBs 1.2, nb symbols 3.0)
    UL harq: 151/0 avg code rate 0.1, avg bit/symbol 2.0, avg per TB: (nb RBs 7.1, nb symbols 13.0)
[0m[NR_RRC] MeasurementReport Encoded 53 bits (7 bytes)
[0m[NR_MAC] UE 0 RNTI 275b stats sfn: 0.0, cumulated bad DCI 0
    DL Chan: SSB 0 SINR 46.3 dB RSRP -36 dBm, RI 0 CQI: N/A
    DL harq: 35/0 avg code rate 0.1, avg bit/symbol 2.0, avg per TB: (nb RBs 1.6, nb symbols 3.8)
    UL harq: 165/0 avg code rate 0.1, avg bit/symbol 2.0, avg per TB: (nb RBs 6.9, nb symbols 13.0)
[0m[NR_RRC] MeasurementReport Encoded 53 bits (7 bytes)
[0m[NR_RRC] MeasurementReport Encoded 53 bits (7 bytes)
[0m[NR_MAC] UE 0 RNTI 275b stats sfn: 128.0, cumulated bad DCI 0
    DL Chan: SSB 0 SINR 45.1 dB RSRP -36 dBm, RI 0 CQI: N/A
    DL harq: 37/0 avg code rate 0.1, avg bit/symbol 2.0, avg per TB: (nb RBs 1.8, nb symbols 4.2)
    UL harq: 180/0 avg code rate 0.1, avg bit/symbol 2.0, avg per TB: (nb RBs 6.8, nb symbols 13.0)
[0m[NR_RRC] MeasurementReport Encoded 53 bits (7 bytes)
[0m[NR_MAC] UE 0 RNTI 275b stats sfn: 256.0, cumulated bad DCI 0
    DL Chan: SSB 0 SINR 45.1 dB RSRP -36 dBm, RI 0 CQI: N/A
    DL harq: 40/0 avg code rate 0.1, avg bit/symbol 2.0, avg per TB: (nb RBs 2.0, nb symbols 4.8)
    UL harq: 198/0 avg code rate 0.1, avg bit/symbol 2.0, avg per TB: (nb RBs 6.9, nb symbols 13.0)
[0m[NR_RRC] MeasurementReport Encoded 53 bits (7 bytes)
[0m[NR_MAC] UE 0 RNTI 275b stats sfn: 384.0, cumulated bad DCI 0
    DL Chan: SSB 0 SINR 45.1 dB RSRP -36 dBm, RI 0 CQI: N/A
    DL harq: 43/0 avg code rate 0.1, avg bit/symbol 2.0, avg per TB: (nb RBs 2.2, nb symbols 5.3)
    UL harq: 214/0 avg code rate 0.1, avg bit/symbol 2.0, avg per TB: (nb RBs 6.8, nb symbols 13.0)
[0m[NR_RRC] MeasurementReport Encoded 53 bits (7 bytes)
[0m[NR_MAC] UE 0 RNTI 275b stats sfn: 512.0, cumulated bad DCI 0
    DL Chan: SSB 0 SINR 45.1 dB RSRP -36 dBm, RI 0 CQI: N/A
    DL harq: 46/0 avg code rate 0.1, avg bit/symbol 2.0, avg per TB: (nb RBs 2.4, nb symbols 5.7)
    UL harq: 229/0 avg code rate 0.1, avg bit/symbol 2.0, avg per TB: (nb RBs 6.6, nb symbols 13.0)
[0m[NR_RRC] MeasurementReport Encoded 53 bits (7 bytes)
[0m[NR_RRC] MeasurementReport Encoded 53 bits (7 bytes)
[0m[NR_MAC] UE 0 RNTI 275b stats sfn: 640.0, cumulated bad DCI 0
    DL Chan: SSB 0 SINR 45.1 dB RSRP -36 dBm, RI 0 CQI: N/A
    DL harq: 48/0 avg code rate 0.1, avg bit/symbol 2.0, avg per TB: (nb RBs 2.5, nb symbols 6.0)
    UL harq: 244/0 avg code rate 0.1, avg bit/symbol 2.0, avg per TB: (nb RBs 6.5, nb symbols 13.0)
[0m[NR_RRC] MeasurementReport Encoded 53 bits (7 bytes)
[0m[NR_MAC] UE 0 RNTI 275b stats sfn: 768.0, cumulated bad DCI 0
    DL Chan: SSB 0 SINR 45.1 dB RSRP -36 dBm, RI 0 CQI: N/A
    DL harq: 49/0 avg code rate 0.1, avg bit/symbol 2.0, avg per TB: (nb RBs 2.6, nb symbols 6.1)
    UL harq: 258/0 avg code rate 0.1, avg bit/symbol 2.0, avg per TB: (nb RBs 6.5, nb symbols 13.0)
[0m[NR_RRC] MeasurementReport Encoded 53 bits (7 bytes)
[0m[NR_MAC] UE 0 RNTI 275b stats sfn: 896.0, cumulated bad DCI 0
    DL Chan: SSB 0 SINR 46.3 dB RSRP -36 dBm, RI 0 CQI: N/A
    DL harq: 53/0 avg code rate 0.1, avg bit/symbol 2.0, avg per TB: (nb RBs 2.7, nb symbols 6.6)
    UL harq: 274/0 avg code rate 0.1, avg bit/symbol 2.0, avg per TB: (nb RBs 6.4, nb symbols 13.0)
[0m[NR_RRC] MeasurementReport Encoded 53 bits (7 bytes)
[0m[NR_MAC] UE 0 RNTI 275b stats sfn: 0.0, cumulated bad DCI 0
    DL Chan: SSB 0 SINR 44.1 dB RSRP -36 dBm, RI 0 CQI: N/A
    DL harq: 55/0 avg code rate 0.1, avg bit/symbol 2.0, avg per TB: (nb RBs 2.8, nb symbols 6.8)
    UL harq: 288/0 avg code rate 0.1, avg bit/symbol 2.0, avg per TB: (nb RBs 6.3, nb symbols 13.0)
[0m[NR_RRC] MeasurementReport Encoded 53 bits (7 bytes)
[0m[NR_RRC] MeasurementReport Encoded 53 bits (7 bytes)
[0m[NR_MAC] UE 0 RNTI 275b stats sfn: 128.0, cumulated bad DCI 0
    DL Chan: SSB 0 SINR 44.1 dB RSRP -36 dBm, RI 0 CQI: N/A
    DL harq: 57/0 avg code rate 0.1, avg bit/symbol 2.0, avg per TB: (nb RBs 2.9, nb symbols 6.9)
    UL harq: 302/0 avg code rate 0.1, avg bit/symbol 2.0, avg per TB: (nb RBs 6.2, nb symbols 13.0)
[0m[NR_RRC] MeasurementReport Encoded 53 bits (7 bytes)
[0m[NR_MAC] UE 0 RNTI 275b stats sfn: 256.0, cumulated bad DCI 0
    DL Chan: SSB 0 SINR 45.1 dB RSRP -36 dBm, RI 0 CQI: N/A
    DL harq: 59/0 avg code rate 0.1, avg bit/symbol 2.0, avg per TB: (nb RBs 3.0, nb symbols 7.1)
    UL harq: 321/0 avg code rate 0.1, avg bit/symbol 2.0, avg per TB: (nb RBs 6.3, nb symbols 13.0)
[0m[NR_RRC] MeasurementReport Encoded 53 bits (7 bytes)
[0m[NR_MAC] UE 0 RNTI 275b stats sfn: 384.0, cumulated bad DCI 0
    DL Chan: SSB 0 SINR 45.1 dB RSRP -36 dBm, RI 0 CQI: N/A
    DL harq: 64/0 avg code rate 0.1, avg bit/symbol 2.0, avg per TB: (nb RBs 3.1, nb symbols 7.5)
    UL harq: 339/0 avg code rate 0.1, avg bit/symbol 2.0, avg per TB: (nb RBs 6.2, nb symbols 13.0)
[0m[NR_RRC] MeasurementReport Encoded 53 bits (7 bytes)
[0m[NR_MAC] UE 0 RNTI 275b stats sfn: 512.0, cumulated bad DCI 0
    DL Chan: SSB 0 SINR 44.1 dB RSRP -36 dBm, RI 0 CQI: N/A
    DL harq: 66/0 avg code rate 0.1, avg bit/symbol 2.0, avg per TB: (nb RBs 3.2, nb symbols 7.6)
    UL harq: 353/0 avg code rate 0.1, avg bit/symbol 2.0, avg per TB: (nb RBs 6.2, nb symbols 13.0)
[0m[NR_RRC] MeasurementReport Encoded 53 bits (7 bytes)
[0m[NR_RRC] MeasurementReport Encoded 53 bits (7 bytes)
[0m[NR_MAC] UE 0 RNTI 275b stats sfn: 640.0, cumulated bad DCI 0
    DL Chan: SSB 0 SINR 45.1 dB RSRP -36 dBm, RI 0 CQI: N/A
    DL harq: 68/0 avg code rate 0.1, avg bit/symbol 2.0, avg per TB: (nb RBs 3.2, nb symbols 7.8)
    UL harq: 368/0 avg code rate 0.1, avg bit/symbol 2.0, avg per TB: (nb RBs 6.1, nb symbols 13.0)
[0m[NR_RRC] MeasurementReport Encoded 53 bits (7 bytes)
[0m[NR_MAC] UE 0 RNTI 275b stats sfn: 768.0, cumulated bad DCI 0
    DL Chan: SSB 0 SINR 44.1 dB RSRP -36 dBm, RI 0 CQI: N/A
    DL harq: 71/0 avg code rate 0.1, avg bit/symbol 2.0, avg per TB: (nb RBs 3.3, nb symbols 7.9)
    UL harq: 382/0 avg code rate 0.1, avg bit/symbol 2.0, avg per TB: (nb RBs 6.1, nb symbols 13.0)
[0m[NR_RRC] MeasurementReport Encoded 53 bits (7 bytes)
[0m[NR_MAC] UE 0 RNTI 275b stats sfn: 896.0, cumulated bad DCI 0
    DL Chan: SSB 0 SINR 45.1 dB RSRP -36 dBm, RI 0 CQI: N/A
    DL harq: 73/0 avg code rate 0.1, avg bit/symbol 2.0, avg per TB: (nb RBs 3.4, nb symbols 8.1)
    UL harq: 398/0 avg code rate 0.1, avg bit/symbol 2.0, avg per TB: (nb RBs 6.1, nb symbols 13.0)
[0m[NR_RRC] MeasurementReport Encoded 53 bits (7 bytes)
[0m[NR_MAC] UE 0 RNTI 275b stats sfn: 0.0, cumulated bad DCI 0
    DL Chan: SSB 0 SINR 44.1 dB RSRP -36 dBm, RI 0 CQI: N/A
    DL harq: 76/0 avg code rate 0.1, avg bit/symbol 2.0, avg per TB: (nb RBs 3.4, nb symbols 8.2)
    UL harq: 413/0 avg code rate 0.1, avg bit/symbol 2.0, avg per TB: (nb RBs 6.0, nb symbols 13.0)
[0m[NR_RRC] MeasurementReport Encoded 53 bits (7 bytes)
[0m[NR_RRC] MeasurementReport Encoded 53 bits (7 bytes)
[0m[NR_MAC] UE 0 RNTI 275b stats sfn: 128.0, cumulated bad DCI 0
    DL Chan: SSB 0 SINR 44.1 dB RSRP -36 dBm, RI 0 CQI: N/A
    DL harq: 78/0 avg code rate 0.1, avg bit/symbol 2.0, avg per TB: (nb RBs 3.5, nb symbols 8.3)
    UL harq: 428/0 avg code rate 0.1, avg bit/symbol 2.0, avg per TB: (nb RBs 6.0, nb symbols 13.0)
[0m[NR_RRC] MeasurementReport Encoded 53 bits (7 bytes)
[0m[NR_MAC] UE 0 RNTI 275b stats sfn: 256.0, cumulated bad DCI 0
    DL Chan: SSB 0 SINR 44.1 dB RSRP -36 dBm, RI 0 CQI: N/A
    DL harq: 81/0 avg code rate 0.1, avg bit/symbol 2.0, avg per TB: (nb RBs 3.5, nb symbols 8.4)
    UL harq: 442/0 avg code rate 0.1, avg bit/symbol 2.0, avg per TB: (nb RBs 5.9, nb symbols 13.0)
[0m[NR_RRC] MeasurementReport Encoded 53 bits (7 bytes)
[0m[NR_MAC] UE 0 RNTI 275b stats sfn: 384.0, cumulated bad DCI 0
    DL Chan: SSB 0 SINR 44.1 dB RSRP -36 dBm, RI 0 CQI: N/A
    DL harq: 83/0 avg code rate 0.1, avg bit/symbol 2.0, avg per TB: (nb RBs 3.6, nb symbols 8.5)
    UL harq: 457/0 avg code rate 0.1, avg bit/symbol 2.0, avg per TB: (nb RBs 5.9, nb symbols 13.0)
[0m[NR_RRC] MeasurementReport Encoded 53 bits (7 bytes)
[0m[NR_MAC] UE 0 RNTI 275b stats sfn: 512.0, cumulated bad DCI 0
    DL Chan: SSB 0 SINR 45.1 dB RSRP -36 dBm, RI 0 CQI: N/A
    DL harq: 86/0 avg code rate 0.1, avg bit/symbol 2.0, avg per TB: (nb RBs 3.6, nb symbols 8.7)
    UL harq: 472/0 avg code rate 0.1, avg bit/symbol 2.0, avg per TB: (nb RBs 5.9, nb symbols 13.0)
[0m[NR_RRC] MeasurementReport Encoded 53 bits (7 bytes)
[0m[NR_RRC] MeasurementReport Encoded 53 bits (7 bytes)
[0m[NR_MAC] UE 0 RNTI 275b stats sfn: 640.0, cumulated bad DCI 0
    DL Chan: SSB 0 SINR 44.1 dB RSRP -36 dBm, RI 0 CQI: N/A
    DL harq: 89/0 avg code rate 0.1, avg bit/symbol 2.0, avg per TB: (nb RBs 3.7, nb symbols 8.8)
    UL harq: 487/0 avg code rate 0.1, avg bit/symbol 2.0, avg per TB: (nb RBs 5.9, nb symbols 13.0)
[0m[NR_RRC] MeasurementReport Encoded 53 bits (7 bytes)
[0m[NR_MAC] UE 0 RNTI 275b stats sfn: 768.0, cumulated bad DCI 0
    DL Chan: SSB 0 SINR 45.1 dB RSRP -36 dBm, RI 0 CQI: N/A
    DL harq: 91/0 avg code rate 0.1, avg bit/symbol 2.0, avg per TB: (nb RBs 3.7, nb symbols 8.8)
    UL harq: 501/0 avg code rate 0.1, avg bit/symbol 2.0, avg per TB: (nb RBs 5.8, nb symbols 13.0)
[0m[NR_RRC] MeasurementReport Encoded 53 bits (7 bytes)
[0m[NR_MAC] UE 0 RNTI 275b stats sfn: 896.0, cumulated bad DCI 0
    DL Chan: SSB 0 SINR 43.3 dB RSRP -36 dBm, RI 0 CQI: N/A
    DL harq: 93/0 avg code rate 0.1, avg bit/symbol 2.0, avg per TB: (nb RBs 3.7, nb symbols 8.9)
    UL harq: 518/0 avg code rate 0.1, avg bit/symbol 2.0, avg per TB: (nb RBs 5.8, nb symbols 13.0)
[0m[NR_RRC] MeasurementReport Encoded 53 bits (7 bytes)
[0m[NR_MAC] UE 0 RNTI 275b stats sfn: 0.0, cumulated bad DCI 0
    DL Chan: SSB 0 SINR 43.3 dB RSRP -36 dBm, RI 0 CQI: N/A
    DL harq: 96/0 avg code rate 0.1, avg bit/symbol 2.0, avg per TB: (nb RBs 3.8, nb symbols 9.0)
    UL harq: 532/0 avg code rate 0.1, avg bit/symbol 2.0, avg per TB: (nb RBs 5.8, nb symbols 13.0)
[0m[NR_RRC] MeasurementReport Encoded 53 bits (7 bytes)
[0m[NR_RRC] MeasurementReport Encoded 53 bits (7 bytes)
[0m[NR_MAC] UE 0 RNTI 275b stats sfn: 128.0, cumulated bad DCI 0
    DL Chan: SSB 0 SINR 45.1 dB RSRP -36 dBm, RI 0 CQI: N/A
    DL harq: 99/0 avg code rate 0.1, avg bit/symbol 2.0, avg per TB: (nb RBs 3.8, nb symbols 9.1)
    UL harq: 546/0 avg code rate 0.1, avg bit/symbol 2.0, avg per TB: (nb RBs 5.8, nb symbols 13.0)
[0m[NR_RRC] MeasurementReport Encoded 53 bits (7 bytes)
[0m[NR_MAC] UE 0 RNTI 275b stats sfn: 256.0, cumulated bad DCI 0
    DL Chan: SSB 0 SINR 46.3 dB RSRP -36 dBm, RI 0 CQI: N/A
    DL harq: 101/0 avg code rate 0.1, avg bit/symbol 2.0, avg per TB: (nb RBs 3.8, nb symbols 9.1)
    UL harq: 560/0 avg code rate 0.1, avg bit/symbol 2.0, avg per TB: (nb RBs 5.7, nb symbols 13.0)
[0m[NR_RRC] MeasurementReport Encoded 53 bits (7 bytes)
[0m[NR_MAC] UE 0 RNTI 275b stats sfn: 384.0, cumulated bad DCI 0
    DL Chan: SSB 0 SINR 43.3 dB RSRP -36 dBm, RI 0 CQI: N/A
    DL harq: 103/0 avg code rate 0.1, avg bit/symbol 2.0, avg per TB: (nb RBs 3.8, nb symbols 9.2)
    UL harq: 577/0 avg code rate 0.1, avg bit/symbol 2.0, avg per TB: (nb RBs 5.7, nb symbols 13.0)
[0m[NR_RRC] MeasurementReport Encoded 53 bits (7 bytes)
[0m[NR_MAC] UE 0 RNTI 275b stats sfn: 512.0, cumulated bad DCI 0
    DL Chan: SSB 0 SINR 44.1 dB RSRP -36 dBm, RI 0 CQI: N/A
    DL harq: 106/0 avg code rate 0.1, avg bit/symbol 2.0, avg per TB: (nb RBs 3.9, nb symbols 9.3)
    UL harq: 591/0 avg code rate 0.1, avg bit/symbol 2.0, avg per TB: (nb RBs 5.7, nb symbols 13.0)
[0m[NR_RRC] MeasurementReport Encoded 53 bits (7 bytes)
[0m[NR_RRC] MeasurementReport Encoded 53 bits (7 bytes)
[0m[NR_MAC] UE 0 RNTI 275b stats sfn: 640.0, cumulated bad DCI 0
    DL Chan: SSB 0 SINR 45.1 dB RSRP -36 dBm, RI 0 CQI: N/A
    DL harq: 109/0 avg code rate 0.1, avg bit/symbol 2.0, avg per TB: (nb RBs 3.9, nb symbols 9.4)
    UL harq: 612/0 avg code rate 0.1, avg bit/symbol 2.0, avg per TB: (nb RBs 5.8, nb symbols 13.0)
[0m[NR_RRC] MeasurementReport Encoded 53 bits (7 bytes)
[0m[NR_MAC] UE 0 RNTI 275b stats sfn: 768.0, cumulated bad DCI 0
    DL Chan: SSB 0 SINR 46.3 dB RSRP -36 dBm, RI 0 CQI: N/A
    DL harq: 112/0 avg code rate 0.1, avg bit/symbol 2.0, avg per TB: (nb RBs 3.9, nb symbols 9.4)
    UL harq: 627/0 avg code rate 0.1, avg bit/symbol 2.0, avg per TB: (nb RBs 5.7, nb symbols 13.0)
[0m[NR_RRC] MeasurementReport Encoded 53 bits (7 bytes)
[0m[NR_MAC] UE 0 RNTI 275b stats sfn: 896.0, cumulated bad DCI 0
    DL Chan: SSB 0 SINR 46.3 dB RSRP -36 dBm, RI 0 CQI: N/A
    DL harq: 114/0 avg code rate 0.1, avg bit/symbol 2.0, avg per TB: (nb RBs 3.9, nb symbols 9.5)
    UL harq: 642/0 avg code rate 0.1, avg bit/symbol 2.0, avg per TB: (nb RBs 5.7, nb symbols 13.0)
[0m[NR_RRC] MeasurementReport Encoded 53 bits (7 bytes)
[0m[NR_MAC] UE 0 RNTI 275b stats sfn: 0.0, cumulated bad DCI 0
    DL Chan: SSB 0 SINR 45.1 dB RSRP -36 dBm, RI 0 CQI: N/A
    DL harq: 118/0 avg code rate 0.1, avg bit/symbol 2.0, avg per TB: (nb RBs 4.0, nb symbols 9.6)
    UL harq: 657/0 avg code rate 0.1, avg bit/symbol 2.0, avg per TB: (nb RBs 5.7, nb symbols 13.0)
[0m[NR_RRC] MeasurementReport Encoded 53 bits (7 bytes)
[0m[NR_RRC] MeasurementReport Encoded 53 bits (7 bytes)
[0m[NR_MAC] UE 0 RNTI 275b stats sfn: 128.0, cumulated bad DCI 0
    DL Chan: SSB 0 SINR 46.3 dB RSRP -36 dBm, RI 0 CQI: N/A
    DL harq: 120/0 avg code rate 0.1, avg bit/symbol 2.0, avg per TB: (nb RBs 4.0, nb symbols 9.6)
    UL harq: 672/0 avg code rate 0.1, avg bit/symbol 2.0, avg per TB: (nb RBs 5.7, nb symbols 13.0)
[0m[NR_RRC] MeasurementReport Encoded 53 bits (7 bytes)
[0m[NR_MAC] UE 0 RNTI 275b stats sfn: 256.0, cumulated bad DCI 0
    DL Chan: SSB 0 SINR 46.3 dB RSRP -36 dBm, RI 0 CQI: N/A
    DL harq: 122/0 avg code rate 0.1, avg bit/symbol 2.0, avg per TB: (nb RBs 4.0, nb symbols 9.6)
    UL harq: 687/0 avg code rate 0.1, avg bit/symbol 2.0, avg per TB: (nb RBs 5.7, nb symbols 13.0)
[0m[NR_RRC] MeasurementReport Encoded 53 bits (7 bytes)
[0m[NR_MAC] UE 0 RNTI 275b stats sfn: 384.0, cumulated bad DCI 0
    DL Chan: SSB 0 SINR 45.1 dB RSRP -36 dBm, RI 0 CQI: N/A
    DL harq: 124/0 avg code rate 0.1, avg bit/symbol 2.0, avg per TB: (nb RBs 4.0, nb symbols 9.7)
    UL harq: 701/0 avg code rate 0.1, avg bit/symbol 2.0, avg per TB: (nb RBs 5.7, nb symbols 13.0)
[0m[NR_RRC] MeasurementReport Encoded 53 bits (7 bytes)
[0m[NR_MAC] UE 0 RNTI 275b stats sfn: 512.0, cumulated bad DCI 0
    DL Chan: SSB 0 SINR 45.1 dB RSRP -36 dBm, RI 0 CQI: N/A
    DL harq: 128/0 avg code rate 0.1, avg bit/symbol 2.0, avg per TB: (nb RBs 4.1, nb symbols 9.8)
    UL harq: 717/0 avg code rate 0.1, avg bit/symbol 2.0, avg per TB: (nb RBs 5.7, nb symbols 13.0)
[0m[NR_RRC] MeasurementReport Encoded 53 bits (7 bytes)
[0m[NR_MAC] UE 0 RNTI 275b stats sfn: 640.0, cumulated bad DCI 0
    DL Chan: SSB 0 SINR 44.1 dB RSRP -36 dBm, RI 0 CQI: N/A
    DL harq: 130/0 avg code rate 0.1, avg bit/symbol 2.0, avg per TB: (nb RBs 4.1, nb symbols 9.8)
    UL harq: 732/0 avg code rate 0.1, avg bit/symbol 2.0, avg per TB: (nb RBs 5.6, nb symbols 13.0)
[0m[NR_RRC] MeasurementReport Encoded 53 bits (7 bytes)
[0m[NR_RRC] MeasurementReport Encoded 53 bits (7 bytes)
[0m[NR_MAC] UE 0 RNTI 275b stats sfn: 768.0, cumulated bad DCI 0
    DL Chan: SSB 0 SINR 43.3 dB RSRP -36 dBm, RI 0 CQI: N/A
    DL harq: 134/0 avg code rate 0.1, avg bit/symbol 2.0, avg per TB: (nb RBs 4.3, nb symbols 9.9)
    UL harq: 757/0 avg code rate 0.1, avg bit/symbol 2.0, avg per TB: (nb RBs 5.8, nb symbols 13.0)
[0m[NR_RRC] MeasurementReport Encoded 53 bits (7 bytes)
[0m[NR_MAC] UE 0 RNTI 275b stats sfn: 896.0, cumulated bad DCI 0
    DL Chan: SSB 0 SINR 45.1 dB RSRP -36 dBm, RI 0 CQI: N/A
    DL harq: 139/0 avg code rate 0.1, avg bit/symbol 2.0, avg per TB: (nb RBs 4.4, nb symbols 9.9)
    UL harq: 780/0 avg code rate 0.1, avg bit/symbol 2.0, avg per TB: (nb RBs 5.9, nb symbols 13.0)
[0m[NR_RRC] MeasurementReport Encoded 53 bits (7 bytes)
[0m[NR_MAC] UE 0 RNTI 275b stats sfn: 0.0, cumulated bad DCI 0
    DL Chan: SSB 0 SINR 45.1 dB RSRP -36 dBm, RI 0 CQI: N/A
    DL harq: 142/0 avg code rate 0.1, avg bit/symbol 2.0, avg per TB: (nb RBs 4.4, nb symbols 10.0)
    UL harq: 800/0 avg code rate 0.1, avg bit/symbol 2.0, avg per TB: (nb RBs 6.0, nb symbols 13.0)
[0m[NR_RRC] MeasurementReport Encoded 53 bits (7 bytes)
[0m[NR_MAC] UE 0 RNTI 275b stats sfn: 128.0, cumulated bad DCI 0
    DL Chan: SSB 0 SINR 46.3 dB RSRP -36 dBm, RI 0 CQI: N/A
    DL harq: 146/0 avg code rate 0.1, avg bit/symbol 2.0, avg per TB: (nb RBs 4.6, nb symbols 10.0)
    UL harq: 822/0 avg code rate 0.1, avg bit/symbol 2.0, avg per TB: (nb RBs 6.0, nb symbols 13.0)
[0m[NR_RRC] MeasurementReport Encoded 53 bits (7 bytes)
[0m[NR_RRC] MeasurementReport Encoded 53 bits (7 bytes)
[0m[NR_MAC] UE 0 RNTI 275b stats sfn: 256.0, cumulated bad DCI 0
    DL Chan: SSB 0 SINR 46.3 dB RSRP -36 dBm, RI 0 CQI: N/A
    DL harq: 150/0 avg code rate 0.1, avg bit/symbol 2.0, avg per TB: (nb RBs 4.7, nb symbols 10.1)
    UL harq: 844/0 avg code rate 0.1, avg bit/symbol 2.0, avg per TB: (nb RBs 6.1, nb symbols 13.0)
[0m[NR_RRC] MeasurementReport Encoded 53 bits (7 bytes)
[0m[NR_MAC] UE 0 RNTI 275b stats sfn: 384.0, cumulated bad DCI 0
    DL Chan: SSB 0 SINR 44.1 dB RSRP -36 dBm, RI 0 CQI: N/A
    DL harq: 155/0 avg code rate 0.1, avg bit/symbol 2.0, avg per TB: (nb RBs 4.9, nb symbols 10.1)
    UL harq: 865/0 avg code rate 0.1, avg bit/symbol 2.0, avg per TB: (nb RBs 6.2, nb symbols 13.0)
[0m[NR_RRC] MeasurementReport Encoded 53 bits (7 bytes)
[0m[NR_MAC] UE 0 RNTI 275b stats sfn: 512.0, cumulated bad DCI 0
    DL Chan: SSB 0 SINR 46.3 dB RSRP -36 dBm, RI 0 CQI: N/A
    DL harq: 158/0 avg code rate 0.1, avg bit/symbol 2.0, avg per TB: (nb RBs 4.9, nb symbols 10.2)
    UL harq: 881/0 avg code rate 0.1, avg bit/symbol 2.0, avg per TB: (nb RBs 6.2, nb symbols 13.0)
[0m[NR_RRC] MeasurementReport Encoded 53 bits (7 bytes)
[0m[NR_MAC] UE 0 RNTI 275b stats sfn: 640.0, cumulated bad DCI 0
    DL Chan: SSB 0 SINR 45.1 dB RSRP -36 dBm, RI 0 CQI: N/A
    DL harq: 160/0 avg code rate 0.1, avg bit/symbol 2.0, avg per TB: (nb RBs 4.9, nb symbols 10.2)
    UL harq: 896/0 avg code rate 0.1, avg bit/symbol 2.0, avg per TB: (nb RBs 6.2, nb symbols 13.0)
[0m[NR_RRC] MeasurementReport Encoded 53 bits (7 bytes)
[0m[NR_RRC] MeasurementReport Encoded 53 bits (7 bytes)
[0m[NR_MAC] UE 0 RNTI 275b stats sfn: 768.0, cumulated bad DCI 0
    DL Chan: SSB 0 SINR 44.1 dB RSRP -36 dBm, RI 0 CQI: N/A
    DL harq: 163/0 avg code rate 0.1, avg bit/symbol 2.0, avg per TB: (nb RBs 4.9, nb symbols 10.2)
    UL harq: 911/0 avg code rate 0.1, avg bit/symbol 2.0, avg per TB: (nb RBs 6.2, nb symbols 13.0)
[0m[NR_RRC] MeasurementReport Encoded 53 bits (7 bytes)
[0m[NR_MAC] UE 0 RNTI 275b stats sfn: 896.0, cumulated bad DCI 0
    DL Chan: SSB 0 SINR 44.1 dB RSRP -36 dBm, RI 0 CQI: N/A
    DL harq: 165/0 avg code rate 0.1, avg bit/symbol 2.0, avg per TB: (nb RBs 4.9, nb symbols 10.3)
    UL harq: 926/0 avg code rate 0.1, avg bit/symbol 2.0, avg per TB: (nb RBs 6.1, nb symbols 13.0)
[0m[NR_RRC] MeasurementReport Encoded 53 bits (7 bytes)
[0m[NR_MAC] UE 0 RNTI 275b stats sfn: 0.0, cumulated bad DCI 0
    DL Chan: SSB 0 SINR 45.1 dB RSRP -36 dBm, RI 0 CQI: N/A
    DL harq: 168/0 avg code rate 0.1, avg bit/symbol 2.0, avg per TB: (nb RBs 4.9, nb symbols 10.3)
    UL harq: 941/0 avg code rate 0.1, avg bit/symbol 2.0, avg per TB: (nb RBs 6.1, nb symbols 13.0)
[0m[NR_RRC] MeasurementReport Encoded 53 bits (7 bytes)
[0m[NR_MAC] UE 0 RNTI 275b stats sfn: 128.0, cumulated bad DCI 0
    DL Chan: SSB 0 SINR 44.1 dB RSRP -36 dBm, RI 0 CQI: N/A
    DL harq: 170/0 avg code rate 0.1, avg bit/symbol 2.0, avg per TB: (nb RBs 4.9, nb symbols 10.3)
    UL harq: 956/0 avg code rate 0.1, avg bit/symbol 2.0, avg per TB: (nb RBs 6.1, nb symbols 13.0)
[0m[NR_RRC] MeasurementReport Encoded 53 bits (7 bytes)
[0m[NR_RRC] MeasurementReport Encoded 53 bits (7 bytes)
[0m[NR_MAC] UE 0 RNTI 275b stats sfn: 256.0, cumulated bad DCI 0
    DL Chan: SSB 0 SINR 44.1 dB RSRP -36 dBm, RI 0 CQI: N/A
    DL harq: 173/0 avg code rate 0.1, avg bit/symbol 2.0, avg per TB: (nb RBs 4.9, nb symbols 10.3)
    UL harq: 970/0 avg code rate 0.1, avg bit/symbol 2.0, avg per TB: (nb RBs 6.1, nb symbols 13.0)
[0m[NR_RRC] MeasurementReport Encoded 53 bits (7 bytes)
[0m[NR_MAC] UE 0 RNTI 275b stats sfn: 384.0, cumulated bad DCI 0
    DL Chan: SSB 0 SINR 45.1 dB RSRP -36 dBm, RI 0 CQI: N/A
    DL harq: 175/0 avg code rate 0.1, avg bit/symbol 2.0, avg per TB: (nb RBs 4.9, nb symbols 10.4)
    UL harq: 985/0 avg code rate 0.1, avg bit/symbol 2.0, avg per TB: (nb RBs 6.1, nb symbols 13.0)
[0m[NR_RRC] MeasurementReport Encoded 53 bits (7 bytes)
[0m[NR_MAC] UE 0 RNTI 275b stats sfn: 512.0, cumulated bad DCI 0
    DL Chan: SSB 0 SINR 44.1 dB RSRP -36 dBm, RI 0 CQI: N/A
    DL harq: 178/0 avg code rate 0.1, avg bit/symbol 2.0, avg per TB: (nb RBs 4.9, nb symbols 10.4)
    UL harq: 1002/0 avg code rate 0.1, avg bit/symbol 2.0, avg per TB: (nb RBs 6.1, nb symbols 13.0)
[0m[NR_RRC] MeasurementReport Encoded 53 bits (7 bytes)
[0m[NR_MAC] UE 0 RNTI 275b stats sfn: 640.0, cumulated bad DCI 0
    DL Chan: SSB 0 SINR 43.3 dB RSRP -36 dBm, RI 0 CQI: N/A
    DL harq: 180/0 avg code rate 0.1, avg bit/symbol 2.0, avg per TB: (nb RBs 4.9, nb symbols 10.4)
    UL harq: 1017/0 avg code rate 0.1, avg bit/symbol 2.0, avg per TB: (nb RBs 6.0, nb symbols 13.0)
[0m[NR_RRC] MeasurementReport Encoded 53 bits (7 bytes)
[0m[NR_RRC] MeasurementReport Encoded 53 bits (7 bytes)
[0m[NR_MAC] UE 0 RNTI 275b stats sfn: 768.0, cumulated bad DCI 0
    DL Chan: SSB 0 SINR 44.1 dB RSRP -36 dBm, RI 0 CQI: N/A
    DL harq: 183/0 avg code rate 0.1, avg bit/symbol 2.0, avg per TB: (nb RBs 4.9, nb symbols 10.4)
    UL harq: 1030/0 avg code rate 0.1, avg bit/symbol 2.0, avg per TB: (nb RBs 6.0, nb symbols 13.0)
[0m[NR_RRC] MeasurementReport Encoded 53 bits (7 bytes)
[0m[NR_MAC] UE 0 RNTI 275b stats sfn: 896.0, cumulated bad DCI 0
    DL Chan: SSB 0 SINR 45.1 dB RSRP -36 dBm, RI 0 CQI: N/A
    DL harq: 185/0 avg code rate 0.1, avg bit/symbol 2.0, avg per TB: (nb RBs 4.9, nb symbols 10.4)
    UL harq: 1045/0 avg code rate 0.1, avg bit/symbol 2.0, avg per TB: (nb RBs 6.0, nb symbols 13.0)
[0m[NR_RRC] MeasurementReport Encoded 53 bits (7 bytes)
[0m[NR_MAC] UE 0 RNTI 275b stats sfn: 0.0, cumulated bad DCI 0
    DL Chan: SSB 0 SINR 46.3 dB RSRP -36 dBm, RI 0 CQI: N/A
    DL harq: 187/0 avg code rate 0.1, avg bit/symbol 2.0, avg per TB: (nb RBs 4.9, nb symbols 10.5)
    UL harq: 1062/0 avg code rate 0.1, avg bit/symbol 2.0, avg per TB: (nb RBs 6.0, nb symbols 13.0)
[0m[NR_RRC] MeasurementReport Encoded 53 bits (7 bytes)
[0m[NR_MAC] UE 0 RNTI 275b stats sfn: 128.0, cumulated bad DCI 0
    DL Chan: SSB 0 SINR 45.1 dB RSRP -36 dBm, RI 0 CQI: N/A
    DL harq: 191/0 avg code rate 0.1, avg bit/symbol 2.0, avg per TB: (nb RBs 4.9, nb symbols 10.5)
    UL harq: 1076/0 avg code rate 0.1, avg bit/symbol 2.0, avg per TB: (nb RBs 6.0, nb symbols 13.0)
[0m[NR_RRC] MeasurementReport Encoded 53 bits (7 bytes)
[0m[NR_RRC] MeasurementReport Encoded 53 bits (7 bytes)
[0m[NR_MAC] UE 0 RNTI 275b stats sfn: 256.0, cumulated bad DCI 0
    DL Chan: SSB 0 SINR 45.1 dB RSRP -36 dBm, RI 0 CQI: N/A
    DL harq: 193/0 avg code rate 0.1, avg bit/symbol 2.0, avg per TB: (nb RBs 4.9, nb symbols 10.5)
    UL harq: 1090/0 avg code rate 0.1, avg bit/symbol 2.0, avg per TB: (nb RBs 6.0, nb symbols 13.0)
[0m[NR_RRC] MeasurementReport Encoded 53 bits (7 bytes)
[0m[NR_MAC] UE 0 RNTI 275b stats sfn: 384.0, cumulated bad DCI 0
    DL Chan: SSB 0 SINR 43.3 dB RSRP -36 dBm, RI 0 CQI: N/A
    DL harq: 195/0 avg code rate 0.1, avg bit/symbol 2.0, avg per TB: (nb RBs 4.9, nb symbols 10.5)
    UL harq: 1104/0 avg code rate 0.1, avg bit/symbol 2.0, avg per TB: (nb RBs 6.0, nb symbols 13.0)
[0m[NR_RRC] MeasurementReport Encoded 53 bits (7 bytes)
[0m[NR_MAC] UE 0 RNTI 275b stats sfn: 512.0, cumulated bad DCI 0
    DL Chan: SSB 0 SINR 43.3 dB RSRP -36 dBm, RI 0 CQI: N/A
    DL harq: 197/0 avg code rate 0.1, avg bit/symbol 2.0, avg per TB: (nb RBs 4.9, nb symbols 10.5)
    UL harq: 1120/0 avg code rate 0.1, avg bit/symbol 2.0, avg per TB: (nb RBs 5.9, nb symbols 13.0)
[0m[NR_RRC] MeasurementReport Encoded 53 bits (7 bytes)
[0m[NR_MAC] UE 0 RNTI 275b stats sfn: 640.0, cumulated bad DCI 0
    DL Chan: SSB 0 SINR 45.1 dB RSRP -36 dBm, RI 0 CQI: N/A
    DL harq: 201/0 avg code rate 0.1, avg bit/symbol 2.0, avg per TB: (nb RBs 4.9, nb symbols 10.6)
    UL harq: 1135/0 avg code rate 0.1, avg bit/symbol 2.0, avg per TB: (nb RBs 5.9, nb symbols 13.0)
[0m[NR_RRC] MeasurementReport Encoded 53 bits (7 bytes)
[0m[NR_RRC] MeasurementReport Encoded 53 bits (7 bytes)
[0m[NR_MAC] UE 0 RNTI 275b stats sfn: 768.0, cumulated bad DCI 0
    DL Chan: SSB 0 SINR 46.3 dB RSRP -36 dBm, RI 0 CQI: N/A
    DL harq: 203/0 avg code rate 0.1, avg bit/symbol 2.0, avg per TB: (nb RBs 4.9, nb symbols 10.6)
    UL harq: 1150/0 avg code rate 0.1, avg bit/symbol 2.0, avg per TB: (nb RBs 5.9, nb symbols 13.0)
[0m[NR_RRC] MeasurementReport Encoded 53 bits (7 bytes)
[0m[NR_MAC] UE 0 RNTI 275b stats sfn: 896.0, cumulated bad DCI 0
    DL Chan: SSB 0 SINR 44.1 dB RSRP -36 dBm, RI 0 CQI: N/A
    DL harq: 205/0 avg code rate 0.1, avg bit/symbol 2.0, avg per TB: (nb RBs 4.9, nb symbols 10.6)
    UL harq: 1165/0 avg code rate 0.1, avg bit/symbol 2.0, avg per TB: (nb RBs 5.9, nb symbols 13.0)
[0m[NR_RRC] MeasurementReport Encoded 53 bits (7 bytes)
[0m[NR_MAC] UE 0 RNTI 275b stats sfn: 0.0, cumulated bad DCI 0
    DL Chan: SSB 0 SINR 45.1 dB RSRP -36 dBm, RI 0 CQI: N/A
    DL harq: 208/0 avg code rate 0.1, avg bit/symbol 2.0, avg per TB: (nb RBs 4.9, nb symbols 10.6)
    UL harq: 1179/0 avg code rate 0.1, avg bit/symbol 2.0, avg per TB: (nb RBs 5.9, nb symbols 13.0)
[0m[NR_RRC] MeasurementReport Encoded 53 bits (7 bytes)
[0m[NR_MAC] UE 0 RNTI 275b stats sfn: 128.0, cumulated bad DCI 0
    DL Chan: SSB 0 SINR 45.1 dB RSRP -36 dBm, RI 0 CQI: N/A
    DL harq: 211/0 avg code rate 0.1, avg bit/symbol 2.0, avg per TB: (nb RBs 4.9, nb symbols 10.6)
    UL harq: 1195/0 avg code rate 0.1, avg bit/symbol 2.0, avg per TB: (nb RBs 5.9, nb symbols 13.0)
[0m[NR_RRC] MeasurementReport Encoded 53 bits (7 bytes)
[0m[NR_RRC] MeasurementReport Encoded 53 bits (7 bytes)
[0m[NR_MAC] UE 0 RNTI 275b stats sfn: 256.0, cumulated bad DCI 0
    DL Chan: SSB 0 SINR 46.3 dB RSRP -36 dBm, RI 0 CQI: N/A
    DL harq: 213/0 avg code rate 0.1, avg bit/symbol 2.0, avg per TB: (nb RBs 4.9, nb symbols 10.6)
    UL harq: 1209/0 avg code rate 0.1, avg bit/symbol 2.0, avg per TB: (nb RBs 5.9, nb symbols 13.0)
[0m[NR_RRC] MeasurementReport Encoded 53 bits (7 bytes)
[0m[NR_MAC] UE 0 RNTI 275b stats sfn: 384.0, cumulated bad DCI 0
    DL Chan: SSB 0 SINR 45.1 dB RSRP -36 dBm, RI 0 CQI: N/A
    DL harq: 215/0 avg code rate 0.1, avg bit/symbol 2.0, avg per TB: (nb RBs 4.9, nb symbols 10.7)
    UL harq: 1223/0 avg code rate 0.1, avg bit/symbol 2.0, avg per TB: (nb RBs 5.9, nb symbols 13.0)
[0m[NR_RRC] MeasurementReport Encoded 53 bits (7 bytes)
[0m[NR_MAC] UE 0 RNTI 275b stats sfn: 512.0, cumulated bad DCI 0
    DL Chan: SSB 0 SINR 45.1 dB RSRP -36 dBm, RI 0 CQI: N/A
    DL harq: 219/0 avg code rate 0.1, avg bit/symbol 2.0, avg per TB: (nb RBs 4.9, nb symbols 10.7)
    UL harq: 1243/0 avg code rate 0.1, avg bit/symbol 2.0, avg per TB: (nb RBs 5.9, nb symbols 13.0)
[0m[NR_RRC] MeasurementReport Encoded 53 bits (7 bytes)
[0m[NR_MAC] UE 0 RNTI 275b stats sfn: 640.0, cumulated bad DCI 0
    DL Chan: SSB 0 SINR 45.1 dB RSRP -36 dBm, RI 0 CQI: N/A
    DL harq: 222/0 avg code rate 0.1, avg bit/symbol 2.0, avg per TB: (nb RBs 4.9, nb symbols 10.7)
    UL harq: 1259/0 avg code rate 0.1, avg bit/symbol 2.0, avg per TB: (nb RBs 5.9, nb symbols 13.0)
[0m[NR_RRC] MeasurementReport Encoded 53 bits (7 bytes)
[0m[NR_MAC] UE 0 RNTI 275b stats sfn: 768.0, cumulated bad DCI 0
    DL Chan: SSB 0 SINR 44.1 dB RSRP -36 dBm, RI 0 CQI: N/A
    DL harq: 224/0 avg code rate 0.1, avg bit/symbol 2.0, avg per TB: (nb RBs 4.9, nb symbols 10.7)
    UL harq: 1273/0 avg code rate 0.1, avg bit/symbol 2.0, avg per TB: (nb RBs 5.9, nb symbols 13.0)
[0m[NR_RRC] MeasurementReport Encoded 53 bits (7 bytes)
[0m[NR_RRC] MeasurementReport Encoded 53 bits (7 bytes)
[0m[NR_MAC] UE 0 RNTI 275b stats sfn: 896.0, cumulated bad DCI 0
    DL Chan: SSB 0 SINR 46.3 dB RSRP -36 dBm, RI 0 CQI: N/A
    DL harq: 227/0 avg code rate 0.1, avg bit/symbol 2.0, avg per TB: (nb RBs 4.9, nb symbols 10.7)
    UL harq: 1287/0 avg code rate 0.1, avg bit/symbol 2.0, avg per TB: (nb RBs 5.9, nb symbols 13.0)
[0m[NR_RRC] MeasurementReport Encoded 53 bits (7 bytes)
[0m[NR_MAC] UE 0 RNTI 275b stats sfn: 0.0, cumulated bad DCI 0
    DL Chan: SSB 0 SINR 46.3 dB RSRP -36 dBm, RI 0 CQI: N/A
    DL harq: 229/0 avg code rate 0.1, avg bit/symbol 2.0, avg per TB: (nb RBs 4.9, nb symbols 10.7)
    UL harq: 1302/0 avg code rate 0.1, avg bit/symbol 2.0, avg per TB: (nb RBs 5.8, nb symbols 13.0)
[0m[NR_RRC] MeasurementReport Encoded 53 bits (7 bytes)
[0m[NR_MAC] UE 0 RNTI 275b stats sfn: 128.0, cumulated bad DCI 0
    DL Chan: SSB 0 SINR 46.3 dB RSRP -36 dBm, RI 0 CQI: N/A
    DL harq: 232/0 avg code rate 0.1, avg bit/symbol 2.0, avg per TB: (nb RBs 4.9, nb symbols 10.8)
    UL harq: 1317/0 avg code rate 0.1, avg bit/symbol 2.0, avg per TB: (nb RBs 5.8, nb symbols 13.0)
[0m[NR_RRC] MeasurementReport Encoded 53 bits (7 bytes)
[0m[NR_MAC] UE 0 RNTI 275b stats sfn: 256.0, cumulated bad DCI 0
    DL Chan: SSB 0 SINR 44.1 dB RSRP -36 dBm, RI 0 CQI: N/A
    DL harq: 234/0 avg code rate 0.1, avg bit/symbol 2.0, avg per TB: (nb RBs 4.9, nb symbols 10.8)
    UL harq: 1332/0 avg code rate 0.1, avg bit/symbol 2.0, avg per TB: (nb RBs 5.8, nb symbols 13.0)
[0m[NR_RRC] MeasurementReport Encoded 53 bits (7 bytes)
[0m[NR_RRC] MeasurementReport Encoded 53 bits (7 bytes)
[0m[NR_MAC] UE 0 RNTI 275b stats sfn: 384.0, cumulated bad DCI 0
    DL Chan: SSB 0 SINR 44.1 dB RSRP -36 dBm, RI 0 CQI: N/A
    DL harq: 237/0 avg code rate 0.1, avg bit/symbol 2.0, avg per TB: (nb RBs 4.9, nb symbols 10.8)
    UL harq: 1347/0 avg code rate 0.1, avg bit/symbol 2.0, avg per TB: (nb RBs 5.8, nb symbols 13.0)
[0m[NR_RRC] MeasurementReport Encoded 53 bits (7 bytes)
[0m[NR_MAC] UE 0 RNTI 275b stats sfn: 512.0, cumulated bad DCI 0
    DL Chan: SSB 0 SINR 43.3 dB RSRP -36 dBm, RI 0 CQI: N/A
    DL harq: 239/0 avg code rate 0.1, avg bit/symbol 2.0, avg per TB: (nb RBs 4.9, nb symbols 10.8)
    UL harq: 1362/0 avg code rate 0.1, avg bit/symbol 2.0, avg per TB: (nb RBs 5.8, nb symbols 13.0)
[0m[NR_RRC] MeasurementReport Encoded 53 bits (7 bytes)
[0m[NR_MAC] UE 0 RNTI 275b stats sfn: 640.0, cumulated bad DCI 0
    DL Chan: SSB 0 SINR 43.3 dB RSRP -36 dBm, RI 0 CQI: N/A
    DL harq: 242/0 avg code rate 0.1, avg bit/symbol 2.0, avg per TB: (nb RBs 4.9, nb symbols 10.8)
    UL harq: 1378/0 avg code rate 0.1, avg bit/symbol 2.0, avg per TB: (nb RBs 5.8, nb symbols 13.0)
[0m[NR_RRC] MeasurementReport Encoded 53 bits (7 bytes)
[0m[NR_MAC] UE 0 RNTI 275b stats sfn: 768.0, cumulated bad DCI 0
    DL Chan: SSB 0 SINR 45.1 dB RSRP -36 dBm, RI 0 CQI: N/A
    DL harq: 244/0 avg code rate 0.1, avg bit/symbol 2.0, avg per TB: (nb RBs 4.9, nb symbols 10.8)
    UL harq: 1393/0 avg code rate 0.1, avg bit/symbol 2.0, avg per TB: (nb RBs 5.8, nb symbols 13.0)
[0m[NR_RRC] MeasurementReport Encoded 53 bits (7 bytes)
[0m[NR_RRC] MeasurementReport Encoded 53 bits (7 bytes)
[0m[NR_MAC] UE 0 RNTI 275b stats sfn: 896.0, cumulated bad DCI 0
    DL Chan: SSB 0 SINR 45.1 dB RSRP -36 dBm, RI 0 CQI: N/A
    DL harq: 247/0 avg code rate 0.1, avg bit/symbol 2.0, avg per TB: (nb RBs 4.9, nb symbols 10.8)
    UL harq: 1408/0 avg code rate 0.1, avg bit/symbol 2.0, avg per TB: (nb RBs 5.8, nb symbols 13.0)
[0m[NR_RRC] MeasurementReport Encoded 53 bits (7 bytes)
[0m[NR_MAC] UE 0 RNTI 275b stats sfn: 0.0, cumulated bad DCI 0
    DL Chan: SSB 0 SINR 46.3 dB RSRP -36 dBm, RI 0 CQI: N/A
    DL harq: 249/0 avg code rate 0.1, avg bit/symbol 2.0, avg per TB: (nb RBs 4.9, nb symbols 10.8)
    UL harq: 1422/0 avg code rate 0.1, avg bit/symbol 2.0, avg per TB: (nb RBs 5.8, nb symbols 13.0)
[0m[NR_RRC] MeasurementReport Encoded 53 bits (7 bytes)
[0m[NR_MAC] UE 0 RNTI 275b stats sfn: 128.0, cumulated bad DCI 0
    DL Chan: SSB 0 SINR 46.3 dB RSRP -36 dBm, RI 0 CQI: N/A
    DL harq: 252/0 avg code rate 0.1, avg bit/symbol 2.0, avg per TB: (nb RBs 4.9, nb symbols 10.9)
    UL harq: 1438/0 avg code rate 0.1, avg bit/symbol 2.0, avg per TB: (nb RBs 5.8, nb symbols 13.0)
[0m[NR_RRC] MeasurementReport Encoded 53 bits (7 bytes)
[0m[NR_MAC] UE 0 RNTI 275b stats sfn: 256.0, cumulated bad DCI 0
    DL Chan: SSB 0 SINR 45.1 dB RSRP -36 dBm, RI 0 CQI: N/A
    DL harq: 255/0 avg code rate 0.1, avg bit/symbol 2.0, avg per TB: (nb RBs 4.9, nb symbols 10.9)
    UL harq: 1452/0 avg code rate 0.1, avg bit/symbol 2.0, avg per TB: (nb RBs 5.8, nb symbols 13.0)
[0m[NR_RRC] MeasurementReport Encoded 53 bits (7 bytes)
[0m[NR_RRC] MeasurementReport Encoded 53 bits (7 bytes)
[0m[NR_MAC] UE 0 RNTI 275b stats sfn: 384.0, cumulated bad DCI 0
    DL Chan: SSB 0 SINR 46.3 dB RSRP -36 dBm, RI 0 CQI: N/A
    DL harq: 257/0 avg code rate 0.1, avg bit/symbol 2.0, avg per TB: (nb RBs 4.9, nb symbols 10.9)
    UL harq: 1466/0 avg code rate 0.1, avg bit/symbol 2.0, avg per TB: (nb RBs 5.8, nb symbols 13.0)
[0m[NR_RRC] [UE 0] 465:0 Decoding SI
[0m[32m[NR_RRC] Found SIB19
[0m[NR_RRC] Get EPOCHTIME: x:10, N:10, slot_endw:10, frame:466, subframe:0 , slot:0
[0m[NR_RRC] Epoch frame 466 ahead by 1 frames
[0m[NR_RRC] val430:240 s, T430:240010 ms, sib19_timer:120010 ms
[0m[NR_MAC] NTN Config Rxd. Epoch HFN: 12, Epoch SFN: 466, Epoch Subframe: 0, k_offset: 478ms, N_Common_Ta: 238.740000ms, drift: 0.000000µs/s, variant: 0.000000µs/s²
[0m[NR_MAC] Satellite orbital radius 42163999.800000 m, pos_sat_0 = {0.000000, 0.000000, 42163999.800000}, pos_sat_90 = {0.000000, 0.000000, 42163999.800000}
[0m[NR_MAC] Satellite velocity 0.000000 m/s, angular velocity = 0.000000e+00 rad/ms, vel_sat_0 = {0.000000, 0.000000, 0.000000}, vel_sat_90 = {0.000000, 0.000000, 0.000000}
[0m[PHY]    k_offset: 478ms, N_Common_Ta: 238.740000ms, drift: 0.000000µs/s, variant: 0.000000µs/s², timing_advance_ntn: 3667039 samples, DL Doppler shift: 0.000000kHz, UL Doppler shift: 0.000000kHz
[0m[NR_RRC] MeasurementReport Encoded 53 bits (7 bytes)
[0m[NR_MAC] UE 0 RNTI 275b stats sfn: 512.0, cumulated bad DCI 0
    DL Chan: SSB 0 SINR 45.1 dB RSRP -36 dBm, RI 0 CQI: N/A
    DL harq: 259/0 avg code rate 0.1, avg bit/symbol 2.0, avg per TB: (nb RBs 4.9, nb symbols 10.9)
    UL harq: 1481/0 avg code rate 0.1, avg bit/symbol 2.0, avg per TB: (nb RBs 5.7, nb symbols 13.0)
[0m[NR_RRC] MeasurementReport Encoded 53 bits (7 bytes)
[0m[NR_MAC] UE 0 RNTI 275b stats sfn: 640.0, cumulated bad DCI 0
    DL Chan: SSB 0 SINR 46.3 dB RSRP -36 dBm, RI 0 CQI: N/A
    DL harq: 262/0 avg code rate 0.1, avg bit/symbol 2.0, avg per TB: (nb RBs 4.9, nb symbols 10.9)
    UL harq: 1498/0 avg code rate 0.1, avg bit/symbol 2.0, avg per TB: (nb RBs 5.7, nb symbols 13.0)
[0m[NR_RRC] MeasurementReport Encoded 53 bits (7 bytes)
[0m[NR_MAC] UE 0 RNTI 275b stats sfn: 768.0, cumulated bad DCI 0
    DL Chan: SSB 0 SINR 43.3 dB RSRP -36 dBm, RI 0 CQI: N/A
    DL harq: 265/0 avg code rate 0.1, avg bit/symbol 2.0, avg per TB: (nb RBs 4.9, nb symbols 10.9)
    UL harq: 1512/0 avg code rate 0.1, avg bit/symbol 2.0, avg per TB: (nb RBs 5.7, nb symbols 13.0)
[0m[NR_RRC] MeasurementReport Encoded 53 bits (7 bytes)
[0m[NR_RRC] MeasurementReport Encoded 53 bits (7 bytes)
[0m[NR_MAC] UE 0 RNTI 275b stats sfn: 896.0, cumulated bad DCI 0
    DL Chan: SSB 0 SINR 46.3 dB RSRP -36 dBm, RI 0 CQI: N/A
    DL harq: 267/0 avg code rate 0.1, avg bit/symbol 2.0, avg per TB: (nb RBs 4.9, nb symbols 10.9)
    UL harq: 1526/0 avg code rate 0.1, avg bit/symbol 2.0, avg per TB: (nb RBs 5.7, nb symbols 13.0)
[0m[NR_RRC] MeasurementReport Encoded 53 bits (7 bytes)
[0m[NR_MAC] UE 0 RNTI 275b stats sfn: 0.0, cumulated bad DCI 0
    DL Chan: SSB 0 SINR 43.3 dB RSRP -36 dBm, RI 0 CQI: N/A
    DL harq: 269/0 avg code rate 0.1, avg bit/symbol 2.0, avg per TB: (nb RBs 4.9, nb symbols 10.9)
    UL harq: 1541/0 avg code rate 0.1, avg bit/symbol 2.0, avg per TB: (nb RBs 5.7, nb symbols 13.0)
[0m[NR_RRC] MeasurementReport Encoded 53 bits (7 bytes)
[0m[NR_MAC] UE 0 RNTI 275b stats sfn: 128.0, cumulated bad DCI 0
    DL Chan: SSB 0 SINR 46.3 dB RSRP -36 dBm, RI 0 CQI: N/A
    DL harq: 272/0 avg code rate 0.1, avg bit/symbol 2.0, avg per TB: (nb RBs 4.9, nb symbols 10.9)
    UL harq: 1556/0 avg code rate 0.1, avg bit/symbol 2.0, avg per TB: (nb RBs 5.7, nb symbols 13.0)
[0m[NR_RRC] MeasurementReport Encoded 53 bits (7 bytes)
[0m[NR_MAC] UE 0 RNTI 275b stats sfn: 256.0, cumulated bad DCI 0
    DL Chan: SSB 0 SINR 45.1 dB RSRP -36 dBm, RI 0 CQI: N/A
    DL harq: 275/0 avg code rate 0.1, avg bit/symbol 2.0, avg per TB: (nb RBs 4.9, nb symbols 11.0)
    UL harq: 1571/0 avg code rate 0.1, avg bit/symbol 2.0, avg per TB: (nb RBs 5.7, nb symbols 13.0)
[0m[NR_RRC] MeasurementReport Encoded 53 bits (7 bytes)
[0m[NR_RRC] MeasurementReport Encoded 53 bits (7 bytes)
[0m[NR_MAC] UE 0 RNTI 275b stats sfn: 384.0, cumulated bad DCI 0
    DL Chan: SSB 0 SINR 46.3 dB RSRP -36 dBm, RI 0 CQI: N/A
    DL harq: 277/0 avg code rate 0.1, avg bit/symbol 2.0, avg per TB: (nb RBs 4.9, nb symbols 11.0)
    UL harq: 1586/0 avg code rate 0.1, avg bit/symbol 2.0, avg per TB: (nb RBs 5.7, nb symbols 13.0)
[0m[NR_RRC] MeasurementReport Encoded 53 bits (7 bytes)
[0m[NR_MAC] UE 0 RNTI 275b stats sfn: 512.0, cumulated bad DCI 0
    DL Chan: SSB 0 SINR 43.3 dB RSRP -36 dBm, RI 0 CQI: N/A
    DL harq: 279/0 avg code rate 0.1, avg bit/symbol 2.0, avg per TB: (nb RBs 4.9, nb symbols 11.0)
    UL harq: 1600/0 avg code rate 0.1, avg bit/symbol 2.0, avg per TB: (nb RBs 5.7, nb symbols 13.0)
[0m[NR_RRC] MeasurementReport Encoded 53 bits (7 bytes)
[0m[NR_MAC] UE 0 RNTI 275b stats sfn: 640.0, cumulated bad DCI 0
    DL Chan: SSB 0 SINR 46.3 dB RSRP -36 dBm, RI 0 CQI: N/A
    DL harq: 282/0 avg code rate 0.1, avg bit/symbol 2.0, avg per TB: (nb RBs 4.9, nb symbols 11.0)
    UL harq: 1617/0 avg code rate 0.1, avg bit/symbol 2.0, avg per TB: (nb RBs 5.7, nb symbols 13.0)
[0m[NR_RRC] MeasurementReport Encoded 53 bits (7 bytes)
[0m[NR_MAC] UE 0 RNTI 275b stats sfn: 768.0, cumulated bad DCI 0
    DL Chan: SSB 0 SINR 45.1 dB RSRP -36 dBm, RI 0 CQI: N/A
    DL harq: 285/0 avg code rate 0.1, avg bit/symbol 2.0, avg per TB: (nb RBs 4.9, nb symbols 11.0)
    UL harq: 1632/0 avg code rate 0.1, avg bit/symbol 2.0, avg per TB: (nb RBs 5.7, nb symbols 13.0)
[0m[NR_RRC] MeasurementReport Encoded 53 bits (7 bytes)
[0m[NR_RRC] MeasurementReport Encoded 53 bits (7 bytes)
[0m[NR_MAC] UE 0 RNTI 275b stats sfn: 896.0, cumulated bad DCI 0
    DL Chan: SSB 0 SINR 43.3 dB RSRP -36 dBm, RI 0 CQI: N/A
    DL harq: 287/0 avg code rate 0.1, avg bit/symbol 2.0, avg per TB: (nb RBs 4.9, nb symbols 11.0)
    UL harq: 1647/0 avg code rate 0.1, avg bit/symbol 2.0, avg per TB: (nb RBs 5.7, nb symbols 13.0)
[0m[NR_RRC] MeasurementReport Encoded 53 bits (7 bytes)
[0m[NR_MAC] UE 0 RNTI 275b stats sfn: 0.0, cumulated bad DCI 0
    DL Chan: SSB 0 SINR 44.1 dB RSRP -36 dBm, RI 0 CQI: N/A
    DL harq: 290/0 avg code rate 0.1, avg bit/symbol 2.0, avg per TB: (nb RBs 4.9, nb symbols 11.0)
    UL harq: 1661/0 avg code rate 0.1, avg bit/symbol 2.0, avg per TB: (nb RBs 5.7, nb symbols 13.0)
[0m[NR_RRC] MeasurementReport Encoded 53 bits (7 bytes)
[0m[NR_MAC] UE 0 RNTI 275b stats sfn: 128.0, cumulated bad DCI 0
    DL Chan: SSB 0 SINR 44.1 dB RSRP -36 dBm, RI 0 CQI: N/A
    DL harq: 292/0 avg code rate 0.1, avg bit/symbol 2.0, avg per TB: (nb RBs 4.9, nb symbols 11.0)
    UL harq: 1675/0 avg code rate 0.1, avg bit/symbol 2.0, avg per TB: (nb RBs 5.7, nb symbols 13.0)
[0m[NR_RRC] MeasurementReport Encoded 53 bits (7 bytes)
[0m[NR_MAC] UE 0 RNTI 275b stats sfn: 256.0, cumulated bad DCI 0
    DL Chan: SSB 0 SINR 44.1 dB RSRP -36 dBm, RI 0 CQI: N/A
    DL harq: 295/0 avg code rate 0.1, avg bit/symbol 2.0, avg per TB: (nb RBs 4.9, nb symbols 11.0)
    UL harq: 1691/0 avg code rate 0.1, avg bit/symbol 2.0, avg per TB: (nb RBs 5.7, nb symbols 13.0)
[0m[NR_RRC] MeasurementReport Encoded 53 bits (7 bytes)
[0m[NR_RRC] MeasurementReport Encoded 53 bits (7 bytes)
[0m[NR_MAC] UE 0 RNTI 275b stats sfn: 384.0, cumulated bad DCI 0
    DL Chan: SSB 0 SINR 44.1 dB RSRP -36 dBm, RI 0 CQI: N/A
    DL harq: 297/0 avg code rate 0.1, avg bit/symbol 2.0, avg per TB: (nb RBs 4.9, nb symbols 11.0)
    UL harq: 1705/0 avg code rate 0.1, avg bit/symbol 2.0, avg per TB: (nb RBs 5.6, nb symbols 13.0)
[0m[NR_RRC] MeasurementReport Encoded 53 bits (7 bytes)
[0m[NR_MAC] UE 0 RNTI 275b stats sfn: 512.0, cumulated bad DCI 0
    DL Chan: SSB 0 SINR 46.3 dB RSRP -36 dBm, RI 0 CQI: N/A
    DL harq: 300/0 avg code rate 0.1, avg bit/symbol 2.0, avg per TB: (nb RBs 4.9, nb symbols 11.0)
    UL harq: 1720/0 avg code rate 0.1, avg bit/symbol 2.0, avg per TB: (nb RBs 5.6, nb symbols 13.0)
[0m[NR_RRC] MeasurementReport Encoded 53 bits (7 bytes)
[0m[NR_MAC] UE 0 RNTI 275b stats sfn: 640.0, cumulated bad DCI 0
    DL Chan: SSB 0 SINR 46.3 dB RSRP -36 dBm, RI 0 CQI: N/A
    DL harq: 302/0 avg code rate 0.1, avg bit/symbol 2.0, avg per TB: (nb RBs 4.9, nb symbols 11.0)
    UL harq: 1737/0 avg code rate 0.1, avg bit/symbol 2.0, avg per TB: (nb RBs 5.6, nb symbols 13.0)
[0m[NR_RRC] MeasurementReport Encoded 53 bits (7 bytes)
[0m[NR_MAC] UE 0 RNTI 275b stats sfn: 768.0, cumulated bad DCI 0
    DL Chan: SSB 0 SINR 46.3 dB RSRP -36 dBm, RI 0 CQI: N/A
    DL harq: 305/0 avg code rate 0.1, avg bit/symbol 2.0, avg per TB: (nb RBs 4.9, nb symbols 11.1)
    UL harq: 1750/0 avg code rate 0.1, avg bit/symbol 2.0, avg per TB: (nb RBs 5.6, nb symbols 13.0)
[0m[NR_RRC] MeasurementReport Encoded 53 bits (7 bytes)
[0m[NR_MAC] UE 0 RNTI 275b stats sfn: 896.0, cumulated bad DCI 0
    DL Chan: SSB 0 SINR 46.3 dB RSRP -36 dBm, RI 0 CQI: N/A
    DL harq: 307/0 avg code rate 0.1, avg bit/symbol 2.0, avg per TB: (nb RBs 4.9, nb symbols 11.1)
    UL harq: 1765/0 avg code rate 0.1, avg bit/symbol 2.0, avg per TB: (nb RBs 5.6, nb symbols 13.0)
[0m[NR_RRC] MeasurementReport Encoded 53 bits (7 bytes)
[0m[NR_RRC] MeasurementReport Encoded 53 bits (7 bytes)
[0m[NR_MAC] UE 0 RNTI 275b stats sfn: 0.0, cumulated bad DCI 0
    DL Chan: SSB 0 SINR 45.1 dB RSRP -36 dBm, RI 0 CQI: N/A
    DL harq: 310/0 avg code rate 0.1, avg bit/symbol 2.0, avg per TB: (nb RBs 4.9, nb symbols 11.1)
    UL harq: 1780/0 avg code rate 0.1, avg bit/symbol 2.0, avg per TB: (nb RBs 5.6, nb symbols 13.0)
[0m[NR_RRC] MeasurementReport Encoded 53 bits (7 bytes)
[0m[NR_MAC] UE 0 RNTI 275b stats sfn: 128.0, cumulated bad DCI 0
    DL Chan: SSB 0 SINR 44.1 dB RSRP -36 dBm, RI 0 CQI: N/A
    DL harq: 312/0 avg code rate 0.1, avg bit/symbol 2.0, avg per TB: (nb RBs 4.9, nb symbols 11.1)
    UL harq: 1794/0 avg code rate 0.1, avg bit/symbol 2.0, avg per TB: (nb RBs 5.6, nb symbols 13.0)
[0m[NR_RRC] MeasurementReport Encoded 53 bits (7 bytes)
[0m[NR_MAC] UE 0 RNTI 275b stats sfn: 256.0, cumulated bad DCI 0
    DL Chan: SSB 0 SINR 46.3 dB RSRP -36 dBm, RI 0 CQI: N/A
    DL harq: 315/0 avg code rate 0.1, avg bit/symbol 2.0, avg per TB: (nb RBs 4.9, nb symbols 11.1)
    UL harq: 1810/0 avg code rate 0.1, avg bit/symbol 2.0, avg per TB: (nb RBs 5.6, nb symbols 13.0)
[0m[NR_RRC] MeasurementReport Encoded 53 bits (7 bytes)
[0m[NR_MAC] UE 0 RNTI 275b stats sfn: 384.0, cumulated bad DCI 0
    DL Chan: SSB 0 SINR 45.1 dB RSRP -36 dBm, RI 0 CQI: N/A
    DL harq: 318/0 avg code rate 0.1, avg bit/symbol 2.0, avg per TB: (nb RBs 4.9, nb symbols 11.1)
    UL harq: 1824/0 avg code rate 0.1, avg bit/symbol 2.0, avg per TB: (nb RBs 5.6, nb symbols 13.0)
[0m[NR_RRC] MeasurementReport Encoded 53 bits (7 bytes)
[0m[NR_RRC] MeasurementReport Encoded 53 bits (7 bytes)
[0m[NR_MAC] UE 0 RNTI 275b stats sfn: 512.0, cumulated bad DCI 0
    DL Chan: SSB 0 SINR 45.1 dB RSRP -36 dBm, RI 0 CQI: N/A
    DL harq: 320/0 avg code rate 0.1, avg bit/symbol 2.0, avg per TB: (nb RBs 4.9, nb symbols 11.1)
    UL harq: 1839/0 avg code rate 0.1, avg bit/symbol 2.0, avg per TB: (nb RBs 5.6, nb symbols 13.0)
[0m[NR_RRC] MeasurementReport Encoded 53 bits (7 bytes)
[0m[NR_MAC] UE 0 RNTI 275b stats sfn: 640.0, cumulated bad DCI 0
    DL Chan: SSB 0 SINR 46.3 dB RSRP -36 dBm, RI 0 CQI: N/A
    DL harq: 322/0 avg code rate 0.1, avg bit/symbol 2.0, avg per TB: (nb RBs 4.9, nb symbols 11.1)
    UL harq: 1853/0 avg code rate 0.1, avg bit/symbol 2.0, avg per TB: (nb RBs 5.6, nb symbols 13.0)
[0m[NR_RRC] MeasurementReport Encoded 53 bits (7 bytes)
[0m[NR_MAC] UE 0 RNTI 275b stats sfn: 768.0, cumulated bad DCI 0
    DL Chan: SSB 0 SINR 44.1 dB RSRP -36 dBm, RI 0 CQI: N/A
    DL harq: 325/0 avg code rate 0.1, avg bit/symbol 2.0, avg per TB: (nb RBs 4.9, nb symbols 11.1)
    UL harq: 1870/0 avg code rate 0.1, avg bit/symbol 2.0, avg per TB: (nb RBs 5.6, nb symbols 13.0)
[0m[NR_RRC] MeasurementReport Encoded 53 bits (7 bytes)
[0m[NR_MAC] UE 0 RNTI 275b stats sfn: 896.0, cumulated bad DCI 0
    DL Chan: SSB 0 SINR 44.1 dB RSRP -36 dBm, RI 0 CQI: N/A
    DL harq: 328/0 avg code rate 0.1, avg bit/symbol 2.0, avg per TB: (nb RBs 4.9, nb symbols 11.1)
    UL harq: 1885/0 avg code rate 0.1, avg bit/symbol 2.0, avg per TB: (nb RBs 5.6, nb symbols 13.0)
[0m[NR_RRC] MeasurementReport Encoded 53 bits (7 bytes)
[0m[NR_RRC] MeasurementReport Encoded 53 bits (7 bytes)
[0m[NR_MAC] UE 0 RNTI 275b stats sfn: 0.0, cumulated bad DCI 0
    DL Chan: SSB 0 SINR 45.1 dB RSRP -36 dBm, RI 0 CQI: N/A
    DL harq: 330/0 avg code rate 0.1, avg bit/symbol 2.0, avg per TB: (nb RBs 4.9, nb symbols 11.1)
    UL harq: 1898/0 avg code rate 0.1, avg bit/symbol 2.0, avg per TB: (nb RBs 5.6, nb symbols 13.0)
[0m[NR_RRC] MeasurementReport Encoded 53 bits (7 bytes)
[0m[NR_MAC] UE 0 RNTI 275b stats sfn: 128.0, cumulated bad DCI 0
    DL Chan: SSB 0 SINR 46.3 dB RSRP -36 dBm, RI 0 CQI: N/A
    DL harq: 332/0 avg code rate 0.1, avg bit/symbol 2.0, avg per TB: (nb RBs 4.9, nb symbols 11.1)
    UL harq: 1912/0 avg code rate 0.1, avg bit/symbol 2.0, avg per TB: (nb RBs 5.6, nb symbols 13.0)
[0m[NR_RRC] MeasurementReport Encoded 53 bits (7 bytes)
[0m[NR_MAC] UE 0 RNTI 275b stats sfn: 256.0, cumulated bad DCI 0
    DL Chan: SSB 0 SINR 45.1 dB RSRP -36 dBm, RI 0 CQI: N/A
    DL harq: 336/0 avg code rate 0.1, avg bit/symbol 2.0, avg per TB: (nb RBs 4.9, nb symbols 11.1)
    UL harq: 1929/0 avg code rate 0.1, avg bit/symbol 2.0, avg per TB: (nb RBs 5.6, nb symbols 13.0)
[0m[NR_RRC] MeasurementReport Encoded 53 bits (7 bytes)
[0m[NR_MAC] UE 0 RNTI 275b stats sfn: 384.0, cumulated bad DCI 0
    DL Chan: SSB 0 SINR 45.1 dB RSRP -36 dBm, RI 0 CQI: N/A
    DL harq: 338/0 avg code rate 0.1, avg bit/symbol 2.0, avg per TB: (nb RBs 4.9, nb symbols 11.1)
    UL harq: 1943/0 avg code rate 0.1, avg bit/symbol 2.0, avg per TB: (nb RBs 5.6, nb symbols 13.0)
[0m[NR_RRC] MeasurementReport Encoded 53 bits (7 bytes)
[0m[NR_RRC] MeasurementReport Encoded 53 bits (7 bytes)
[0m[NR_MAC] UE 0 RNTI 275b stats sfn: 512.0, cumulated bad DCI 0
    DL Chan: SSB 0 SINR 46.3 dB RSRP -36 dBm, RI 0 CQI: N/A
    DL harq: 340/0 avg code rate 0.1, avg bit/symbol 2.0, avg per TB: (nb RBs 4.9, nb symbols 11.2)
    UL harq: 1958/0 avg code rate 0.1, avg bit/symbol 2.0, avg per TB: (nb RBs 5.6, nb symbols 13.0)
[0m[NR_RRC] MeasurementReport Encoded 53 bits (7 bytes)
[0m[NR_MAC] UE 0 RNTI 275b stats sfn: 640.0, cumulated bad DCI 0
    DL Chan: SSB 0 SINR 46.3 dB RSRP -36 dBm, RI 0 CQI: N/A
    DL harq: 342/0 avg code rate 0.1, avg bit/symbol 2.0, avg per TB: (nb RBs 4.9, nb symbols 11.2)
    UL harq: 1972/0 avg code rate 0.1, avg bit/symbol 2.0, avg per TB: (nb RBs 5.6, nb symbols 13.0)
[0m[NR_RRC] MeasurementReport Encoded 53 bits (7 bytes)
[0m[NR_MAC] UE 0 RNTI 275b stats sfn: 768.0, cumulated bad DCI 0
    DL Chan: SSB 0 SINR 44.1 dB RSRP -36 dBm, RI 0 CQI: N/A
    DL harq: 345/0 avg code rate 0.1, avg bit/symbol 2.0, avg per TB: (nb RBs 4.9, nb symbols 11.2)
    UL harq: 1988/0 avg code rate 0.1, avg bit/symbol 2.0, avg per TB: (nb RBs 5.6, nb symbols 13.0)
[0m[NR_RRC] MeasurementReport Encoded 53 bits (7 bytes)
[0m[NR_MAC] UE 0 RNTI 275b stats sfn: 896.0, cumulated bad DCI 0
    DL Chan: SSB 0 SINR 45.1 dB RSRP -36 dBm, RI 0 CQI: N/A
    DL harq: 348/0 avg code rate 0.1, avg bit/symbol 2.0, avg per TB: (nb RBs 4.9, nb symbols 11.2)
    UL harq: 2003/0 avg code rate 0.1, avg bit/symbol 2.0, avg per TB: (nb RBs 5.6, nb symbols 13.0)
[0m[NR_RRC] MeasurementReport Encoded 53 bits (7 bytes)
[0m[NR_RRC] MeasurementReport Encoded 53 bits (7 bytes)
[0m[NR_MAC] UE 0 RNTI 275b stats sfn: 0.0, cumulated bad DCI 0
    DL Chan: SSB 0 SINR 46.3 dB RSRP -36 dBm, RI 0 CQI: N/A
    DL harq: 350/0 avg code rate 0.1, avg bit/symbol 2.0, avg per TB: (nb RBs 4.9, nb symbols 11.2)
    UL harq: 2018/0 avg code rate 0.1, avg bit/symbol 2.0, avg per TB: (nb RBs 5.5, nb symbols 13.0)
[0m[NR_RRC] MeasurementReport Encoded 53 bits (7 bytes)
[0m[NR_MAC] UE 0 RNTI 275b stats sfn: 128.0, cumulated bad DCI 0
    DL Chan: SSB 0 SINR 48.1 dB RSRP -36 dBm, RI 0 CQI: N/A
    DL harq: 353/0 avg code rate 0.1, avg bit/symbol 2.0, avg per TB: (nb RBs 4.9, nb symbols 11.2)
    UL harq: 2032/0 avg code rate 0.1, avg bit/symbol 2.0, avg per TB: (nb RBs 5.5, nb symbols 13.0)
[0m[NR_RRC] MeasurementReport Encoded 53 bits (7 bytes)
[0m[NR_MAC] UE 0 RNTI 275b stats sfn: 256.0, cumulated bad DCI 0
    DL Chan: SSB 0 SINR 46.3 dB RSRP -36 dBm, RI 0 CQI: N/A
    DL harq: 355/0 avg code rate 0.1, avg bit/symbol 2.0, avg per TB: (nb RBs 4.9, nb symbols 11.2)
    UL harq: 2047/0 avg code rate 0.1, avg bit/symbol 2.0, avg per TB: (nb RBs 5.5, nb symbols 13.0)
[0m[NR_RRC] MeasurementReport Encoded 53 bits (7 bytes)
[0m[NR_MAC] UE 0 RNTI 275b stats sfn: 384.0, cumulated bad DCI 0
    DL Chan: SSB 0 SINR 45.1 dB RSRP -36 dBm, RI 0 CQI: N/A
    DL harq: 358/0 avg code rate 0.1, avg bit/symbol 2.0, avg per TB: (nb RBs 4.9, nb symbols 11.2)
    UL harq: 2062/0 avg code rate 0.1, avg bit/symbol 2.0, avg per TB: (nb RBs 5.5, nb symbols 13.0)
[0m[NR_RRC] MeasurementReport Encoded 53 bits (7 bytes)
[0m[NR_RRC] MeasurementReport Encoded 53 bits (7 bytes)
[0m[NR_MAC] UE 0 RNTI 275b stats sfn: 512.0, cumulated bad DCI 0
    DL Chan: SSB 0 SINR 46.3 dB RSRP -36 dBm, RI 0 CQI: N/A
    DL harq: 360/0 avg code rate 0.1, avg bit/symbol 2.0, avg per TB: (nb RBs 4.9, nb symbols 11.2)
    UL harq: 2077/0 avg code rate 0.1, avg bit/symbol 2.0, avg per TB: (nb RBs 5.5, nb symbols 13.0)
[0m[NR_RRC] MeasurementReport Encoded 53 bits (7 bytes)
[0m[NR_MAC] UE 0 RNTI 275b stats sfn: 640.0, cumulated bad DCI 0
    DL Chan: SSB 0 SINR 46.3 dB RSRP -36 dBm, RI 0 CQI: N/A
    DL harq: 363/0 avg code rate 0.1, avg bit/symbol 2.0, avg per TB: (nb RBs 4.9, nb symbols 11.2)
    UL harq: 2091/0 avg code rate 0.1, avg bit/symbol 2.0, avg per TB: (nb RBs 5.5, nb symbols 13.0)
[0m[NR_RRC] MeasurementReport Encoded 53 bits (7 bytes)
[0m[NR_MAC] UE 0 RNTI 275b stats sfn: 768.0, cumulated bad DCI 0
    DL Chan: SSB 0 SINR 45.1 dB RSRP -36 dBm, RI 0 CQI: N/A
    DL harq: 365/0 avg code rate 0.1, avg bit/symbol 2.0, avg per TB: (nb RBs 4.9, nb symbols 11.2)
    UL harq: 2108/0 avg code rate 0.1, avg bit/symbol 2.0, avg per TB: (nb RBs 5.5, nb symbols 13.0)
[0m[NR_RRC] MeasurementReport Encoded 53 bits (7 bytes)
[0m[NR_MAC] UE 0 RNTI 275b stats sfn: 896.0, cumulated bad DCI 0
    DL Chan: SSB 0 SINR 44.1 dB RSRP -36 dBm, RI 0 CQI: N/A
    DL harq: 368/0 avg code rate 0.1, avg bit/symbol 2.0, avg per TB: (nb RBs 4.9, nb symbols 11.2)
    UL harq: 2122/0 avg code rate 0.1, avg bit/symbol 2.0, avg per TB: (nb RBs 5.5, nb symbols 13.0)
[0m[NR_RRC] MeasurementReport Encoded 53 bits (7 bytes)
[0m[NR_RRC] MeasurementReport Encoded 53 bits (7 bytes)
[0m[NR_MAC] UE 0 RNTI 275b stats sfn: 0.0, cumulated bad DCI 0
    DL Chan: SSB 0 SINR 45.1 dB RSRP -36 dBm, RI 0 CQI: N/A
    DL harq: 370/0 avg code rate 0.1, avg bit/symbol 2.0, avg per TB: (nb RBs 4.9, nb symbols 11.2)
    UL harq: 2136/0 avg code rate 0.1, avg bit/symbol 2.0, avg per TB: (nb RBs 5.5, nb symbols 13.0)
[0m[NR_RRC] MeasurementReport Encoded 53 bits (7 bytes)
[0m[NR_MAC] UE 0 RNTI 275b stats sfn: 128.0, cumulated bad DCI 0
    DL Chan: SSB 0 SINR 45.1 dB RSRP -36 dBm, RI 0 CQI: N/A
    DL harq: 373/0 avg code rate 0.1, avg bit/symbol 2.0, avg per TB: (nb RBs 4.9, nb symbols 11.2)
    UL harq: 2150/0 avg code rate 0.1, avg bit/symbol 2.0, avg per TB: (nb RBs 5.5, nb symbols 13.0)
[0m[NR_RRC] MeasurementReport Encoded 53 bits (7 bytes)
[0m[NR_MAC] UE 0 RNTI 275b stats sfn: 256.0, cumulated bad DCI 0
    DL Chan: SSB 0 SINR 46.3 dB RSRP -36 dBm, RI 0 CQI: N/A
    DL harq: 375/0 avg code rate 0.1, avg bit/symbol 2.0, avg per TB: (nb RBs 4.9, nb symbols 11.2)
    UL harq: 2167/0 avg code rate 0.1, avg bit/symbol 2.0, avg per TB: (nb RBs 5.5, nb symbols 13.0)
[0m[NR_RRC] MeasurementReport Encoded 53 bits (7 bytes)
[0m[NR_MAC] UE 0 RNTI 275b stats sfn: 384.0, cumulated bad DCI 0
    DL Chan: SSB 0 SINR 46.3 dB RSRP -36 dBm, RI 0 CQI: N/A
    DL harq: 378/0 avg code rate 0.1, avg bit/symbol 2.0, avg per TB: (nb RBs 4.9, nb symbols 11.2)
    UL harq: 2181/0 avg code rate 0.1, avg bit/symbol 2.0, avg per TB: (nb RBs 5.5, nb symbols 13.0)
[0m[NR_RRC] MeasurementReport Encoded 53 bits (7 bytes)
[0m[NR_RRC] MeasurementReport Encoded 53 bits (7 bytes)
[0m[NR_MAC] UE 0 RNTI 275b stats sfn: 512.0, cumulated bad DCI 0
    DL Chan: SSB 0 SINR 48.1 dB RSRP -36 dBm, RI 0 CQI: N/A
    DL harq: 381/0 avg code rate 0.1, avg bit/symbol 2.0, avg per TB: (nb RBs 5.0, nb symbols 11.2)
    UL harq: 2195/0 avg code rate 0.1, avg bit/symbol 2.0, avg per TB: (nb RBs 5.5, nb symbols 13.0)
[0m[NR_RRC] MeasurementReport Encoded 53 bits (7 bytes)
[0m[NR_MAC] UE 0 RNTI 275b stats sfn: 640.0, cumulated bad DCI 0
    DL Chan: SSB 0 SINR 45.1 dB RSRP -36 dBm, RI 0 CQI: N/A
    DL harq: 383/0 avg code rate 0.1, avg bit/symbol 2.0, avg per TB: (nb RBs 5.0, nb symbols 11.2)
    UL harq: 2210/0 avg code rate 0.1, avg bit/symbol 2.0, avg per TB: (nb RBs 5.5, nb symbols 13.0)
[0m[NR_RRC] MeasurementReport Encoded 53 bits (7 bytes)
[0m[NR_MAC] UE 0 RNTI 275b stats sfn: 768.0, cumulated bad DCI 0
    DL Chan: SSB 0 SINR 45.1 dB RSRP -36 dBm, RI 0 CQI: N/A
    DL harq: 385/0 avg code rate 0.1, avg bit/symbol 2.0, avg per TB: (nb RBs 5.0, nb symbols 11.3)
    UL harq: 2225/0 avg code rate 0.1, avg bit/symbol 2.0, avg per TB: (nb RBs 5.5, nb symbols 13.0)
[0m[NR_RRC] MeasurementReport Encoded 53 bits (7 bytes)
[0m[NR_MAC] UE 0 RNTI 275b stats sfn: 896.0, cumulated bad DCI 0
    DL Chan: SSB 0 SINR 45.1 dB RSRP -36 dBm, RI 0 CQI: N/A
    DL harq: 388/0 avg code rate 0.1, avg bit/symbol 2.0, avg per TB: (nb RBs 5.0, nb symbols 11.3)
    UL harq: 2241/0 avg code rate 0.1, avg bit/symbol 2.0, avg per TB: (nb RBs 5.5, nb symbols 13.0)
[0m[NR_RRC] MeasurementReport Encoded 53 bits (7 bytes)
[0m[NR_RRC] MeasurementReport Encoded 53 bits (7 bytes)
[0m[NR_MAC] UE 0 RNTI 275b stats sfn: 0.0, cumulated bad DCI 0
    DL Chan: SSB 0 SINR 44.1 dB RSRP -36 dBm, RI 0 CQI: N/A
    DL harq: 391/0 avg code rate 0.1, avg bit/symbol 2.0, avg per TB: (nb RBs 5.0, nb symbols 11.3)
    UL harq: 2256/0 avg code rate 0.1, avg bit/symbol 2.0, avg per TB: (nb RBs 5.5, nb symbols 13.0)
[0m[NR_RRC] MeasurementReport Encoded 53 bits (7 bytes)
[0m[NR_MAC] UE 0 RNTI 275b stats sfn: 128.0, cumulated bad DCI 0
    DL Chan: SSB 0 SINR 44.1 dB RSRP -36 dBm, RI 0 CQI: N/A
    DL harq: 393/0 avg code rate 0.1, avg bit/symbol 2.0, avg per TB: (nb RBs 5.0, nb symbols 11.3)
    UL harq: 2269/0 avg code rate 0.1, avg bit/symbol 2.0, avg per TB: (nb RBs 5.5, nb symbols 13.0)
[0m[NR_RRC] MeasurementReport Encoded 53 bits (7 bytes)
[0m[NR_MAC] UE 0 RNTI 275b stats sfn: 256.0, cumulated bad DCI 0
    DL Chan: SSB 0 SINR 45.1 dB RSRP -36 dBm, RI 0 CQI: N/A
    DL harq: 395/0 avg code rate 0.1, avg bit/symbol 2.0, avg per TB: (nb RBs 5.0, nb symbols 11.3)
    UL harq: 2284/0 avg code rate 0.1, avg bit/symbol 2.0, avg per TB: (nb RBs 5.5, nb symbols 13.0)
[0m[NR_RRC] MeasurementReport Encoded 53 bits (7 bytes)
[0m[NR_MAC] UE 0 RNTI 275b stats sfn: 384.0, cumulated bad DCI 0
    DL Chan: SSB 0 SINR 45.1 dB RSRP -36 dBm, RI 0 CQI: N/A
    DL harq: 399/0 avg code rate 0.1, avg bit/symbol 2.0, avg per TB: (nb RBs 5.0, nb symbols 11.3)
    UL harq: 2300/0 avg code rate 0.1, avg bit/symbol 2.0, avg per TB: (nb RBs 5.5, nb symbols 13.0)
[0m[NR_RRC] MeasurementReport Encoded 53 bits (7 bytes)
[0m[NR_MAC] UE 0 RNTI 275b stats sfn: 512.0, cumulated bad DCI 0
    DL Chan: SSB 0 SINR 44.1 dB RSRP -36 dBm, RI 0 CQI: N/A
    DL harq: 401/0 avg code rate 0.1, avg bit/symbol 2.0, avg per TB: (nb RBs 5.0, nb symbols 11.3)
    UL harq: 2315/0 avg code rate 0.1, avg bit/symbol 2.0, avg per TB: (nb RBs 5.5, nb symbols 13.0)
[0m[NR_RRC] MeasurementReport Encoded 53 bits (7 bytes)
[0m[NR_RRC] MeasurementReport Encoded 53 bits (7 bytes)
[0m[NR_MAC] UE 0 RNTI 275b stats sfn: 640.0, cumulated bad DCI 0
    DL Chan: SSB 0 SINR 45.1 dB RSRP -36 dBm, RI 0 CQI: N/A
    DL harq: 402/0 avg code rate 0.1, avg bit/symbol 2.0, avg per TB: (nb RBs 5.0, nb symbols 11.3)
    UL harq: 2331/0 avg code rate 0.1, avg bit/symbol 2.0, avg per TB: (nb RBs 5.5, nb symbols 13.0)
[0m[NR_RRC] MeasurementReport Encoded 53 bits (7 bytes)
[0m[NR_MAC] UE 0 RNTI 275b stats sfn: 768.0, cumulated bad DCI 0
    DL Chan: SSB 0 SINR 44.1 dB RSRP -36 dBm, RI 0 CQI: N/A
    DL harq: 405/0 avg code rate 0.1, avg bit/symbol 2.0, avg per TB: (nb RBs 5.0, nb symbols 11.3)
    UL harq: 2347/0 avg code rate 0.1, avg bit/symbol 2.0, avg per TB: (nb RBs 5.5, nb symbols 13.0)
[0m[NR_RRC] MeasurementReport Encoded 53 bits (7 bytes)
[0m[NR_MAC] UE 0 RNTI 275b stats sfn: 896.0, cumulated bad DCI 0
    DL Chan: SSB 0 SINR 45.1 dB RSRP -36 dBm, RI 0 CQI: N/A
    DL harq: 409/0 avg code rate 0.1, avg bit/symbol 2.0, avg per TB: (nb RBs 5.0, nb symbols 11.3)
    UL harq: 2364/0 avg code rate 0.1, avg bit/symbol 2.0, avg per TB: (nb RBs 5.5, nb symbols 13.0)
[0m[NR_RRC] MeasurementReport Encoded 53 bits (7 bytes)
[0m[NR_MAC] UE 0 RNTI 275b stats sfn: 0.0, cumulated bad DCI 0
    DL Chan: SSB 0 SINR 44.1 dB RSRP -36 dBm, RI 0 CQI: N/A
    DL harq: 411/0 avg code rate 0.1, avg bit/symbol 2.0, avg per TB: (nb RBs 5.0, nb symbols 11.3)
    UL harq: 2378/0 avg code rate 0.1, avg bit/symbol 2.0, avg per TB: (nb RBs 5.5, nb symbols 13.0)
[0m[NR_RRC] MeasurementReport Encoded 53 bits (7 bytes)
[0m[NR_RRC] MeasurementReport Encoded 53 bits (7 bytes)
[0m[NR_MAC] UE 0 RNTI 275b stats sfn: 128.0, cumulated bad DCI 0
    DL Chan: SSB 0 SINR 44.1 dB RSRP -36 dBm, RI 0 CQI: N/A
    DL harq: 413/0 avg code rate 0.1, avg bit/symbol 2.0, avg per TB: (nb RBs 5.0, nb symbols 11.3)
    UL harq: 2393/0 avg code rate 0.1, avg bit/symbol 2.0, avg per TB: (nb RBs 5.5, nb symbols 13.0)
[0m[NR_RRC] MeasurementReport Encoded 53 bits (7 bytes)
[0m[NR_MAC] UE 0 RNTI 275b stats sfn: 256.0, cumulated bad DCI 0
    DL Chan: SSB 0 SINR 45.1 dB RSRP -36 dBm, RI 0 CQI: N/A
    DL harq: 416/0 avg code rate 0.1, avg bit/symbol 2.0, avg per TB: (nb RBs 5.0, nb symbols 11.3)
    UL harq: 2408/0 avg code rate 0.1, avg bit/symbol 2.0, avg per TB: (nb RBs 5.5, nb symbols 13.0)
[0m[NR_RRC] MeasurementReport Encoded 53 bits (7 bytes)
[0m[NR_MAC] UE 0 RNTI 275b stats sfn: 384.0, cumulated bad DCI 0
    DL Chan: SSB 0 SINR 46.3 dB RSRP -36 dBm, RI 0 CQI: N/A
    DL harq: 419/0 avg code rate 0.1, avg bit/symbol 2.0, avg per TB: (nb RBs 5.0, nb symbols 11.3)
    UL harq: 2424/0 avg code rate 0.1, avg bit/symbol 2.0, avg per TB: (nb RBs 5.5, nb symbols 13.0)
[0m[NR_RRC] MeasurementReport Encoded 53 bits (7 bytes)
[0m[NR_MAC] UE 0 RNTI 275b stats sfn: 512.0, cumulated bad DCI 0
    DL Chan: SSB 0 SINR 46.3 dB RSRP -36 dBm, RI 0 CQI: N/A
    DL harq: 421/0 avg code rate 0.1, avg bit/symbol 2.0, avg per TB: (nb RBs 5.0, nb symbols 11.3)
    UL harq: 2438/0 avg code rate 0.1, avg bit/symbol 2.0, avg per TB: (nb RBs 5.5, nb symbols 13.0)
[0m[NR_RRC] MeasurementReport Encoded 53 bits (7 bytes)
[0m[NR_RRC] MeasurementReport Encoded 53 bits (7 bytes)
[0m[NR_MAC] UE 0 RNTI 275b stats sfn: 640.0, cumulated bad DCI 0
    DL Chan: SSB 0 SINR 45.1 dB RSRP -36 dBm, RI 0 CQI: N/A
    DL harq: 423/0 avg code rate 0.1, avg bit/symbol 2.0, avg per TB: (nb RBs 5.0, nb symbols 11.3)
    UL harq: 2453/0 avg code rate 0.1, avg bit/symbol 2.0, avg per TB: (nb RBs 5.5, nb symbols 13.0)
[0m[NR_RRC] MeasurementReport Encoded 53 bits (7 bytes)
[0m[NR_MAC] UE 0 RNTI 275b stats sfn: 768.0, cumulated bad DCI 0
    DL Chan: SSB 0 SINR 45.1 dB RSRP -36 dBm, RI 0 CQI: N/A
    DL harq: 426/0 avg code rate 0.1, avg bit/symbol 2.0, avg per TB: (nb RBs 5.0, nb symbols 11.3)
    UL harq: 2467/0 avg code rate 0.1, avg bit/symbol 2.0, avg per TB: (nb RBs 5.5, nb symbols 13.0)
[0m[NR_RRC] MeasurementReport Encoded 53 bits (7 bytes)
[0m[NR_MAC] UE 0 RNTI 275b stats sfn: 896.0, cumulated bad DCI 0
    DL Chan: SSB 0 SINR 46.3 dB RSRP -36 dBm, RI 0 CQI: N/A
    DL harq: 429/0 avg code rate 0.1, avg bit/symbol 2.0, avg per TB: (nb RBs 5.0, nb symbols 11.3)
    UL harq: 2483/0 avg code rate 0.1, avg bit/symbol 2.0, avg per TB: (nb RBs 5.5, nb symbols 13.0)
[0m[NR_RRC] MeasurementReport Encoded 53 bits (7 bytes)
[0m[NR_MAC] UE 0 RNTI 275b stats sfn: 0.0, cumulated bad DCI 0
    DL Chan: SSB 0 SINR 44.1 dB RSRP -36 dBm, RI 0 CQI: N/A
    DL harq: 431/0 avg code rate 0.1, avg bit/symbol 2.0, avg per TB: (nb RBs 5.0, nb symbols 11.3)
    UL harq: 2498/0 avg code rate 0.1, avg bit/symbol 2.0, avg per TB: (nb RBs 5.5, nb symbols 13.0)
[0m[NR_RRC] MeasurementReport Encoded 53 bits (7 bytes)
[0m[NR_RRC] MeasurementReport Encoded 53 bits (7 bytes)
[0m[NR_MAC] UE 0 RNTI 275b stats sfn: 128.0, cumulated bad DCI 0
    DL Chan: SSB 0 SINR 44.1 dB RSRP -36 dBm, RI 0 CQI: N/A
    DL harq: 433/0 avg code rate 0.1, avg bit/symbol 2.0, avg per TB: (nb RBs 5.0, nb symbols 11.3)
    UL harq: 2511/0 avg code rate 0.1, avg bit/symbol 2.0, avg per TB: (nb RBs 5.5, nb symbols 13.0)
[0m[NR_RRC] MeasurementReport Encoded 53 bits (7 bytes)
[0m[NR_MAC] UE 0 RNTI 275b stats sfn: 256.0, cumulated bad DCI 0
    DL Chan: SSB 0 SINR 45.1 dB RSRP -36 dBm, RI 0 CQI: N/A
    DL harq: 436/0 avg code rate 0.1, avg bit/symbol 2.0, avg per TB: (nb RBs 5.0, nb symbols 11.3)
    UL harq: 2525/0 avg code rate 0.1, avg bit/symbol 2.0, avg per TB: (nb RBs 5.5, nb symbols 13.0)
[0m[NR_RRC] MeasurementReport Encoded 53 bits (7 bytes)
[0m[NR_MAC] UE 0 RNTI 275b stats sfn: 384.0, cumulated bad DCI 0
    DL Chan: SSB 0 SINR 46.3 dB RSRP -36 dBm, RI 0 CQI: N/A
    DL harq: 438/0 avg code rate 0.1, avg bit/symbol 2.0, avg per TB: (nb RBs 5.0, nb symbols 11.3)
    UL harq: 2542/0 avg code rate 0.1, avg bit/symbol 2.0, avg per TB: (nb RBs 5.5, nb symbols 13.0)
[0m[NR_RRC] MeasurementReport Encoded 53 bits (7 bytes)
[0m[NR_MAC] UE 0 RNTI 275b stats sfn: 512.0, cumulated bad DCI 0
    DL Chan: SSB 0 SINR 46.3 dB RSRP -36 dBm, RI 0 CQI: N/A
    DL harq: 441/0 avg code rate 0.1, avg bit/symbol 2.0, avg per TB: (nb RBs 5.0, nb symbols 11.3)
    UL harq: 2557/0 avg code rate 0.1, avg bit/symbol 2.0, avg per TB: (nb RBs 5.4, nb symbols 13.0)
[0m[NR_RRC] MeasurementReport Encoded 53 bits (7 bytes)
[0m[NR_RRC] MeasurementReport Encoded 53 bits (7 bytes)
[0m[NR_MAC] UE 0 RNTI 275b stats sfn: 640.0, cumulated bad DCI 0
    DL Chan: SSB 0 SINR 44.1 dB RSRP -36 dBm, RI 0 CQI: N/A
    DL harq: 444/0 avg code rate 0.1, avg bit/symbol 2.0, avg per TB: (nb RBs 5.0, nb symbols 11.4)
    UL harq: 2571/0 avg code rate 0.1, avg bit/symbol 2.0, avg per TB: (nb RBs 5.4, nb symbols 13.0)
[0m[NR_RRC] MeasurementReport Encoded 53 bits (7 bytes)
[0m[NR_MAC] UE 0 RNTI 275b stats sfn: 768.0, cumulated bad DCI 0
    DL Chan: SSB 0 SINR 45.1 dB RSRP -36 dBm, RI 0 CQI: N/A
    DL harq: 446/0 avg code rate 0.1, avg bit/symbol 2.0, avg per TB: (nb RBs 5.0, nb symbols 11.4)
    UL harq: 2584/0 avg code rate 0.1, avg bit/symbol 2.0, avg per TB: (nb RBs 5.4, nb symbols 13.0)
[0m[NR_RRC] MeasurementReport Encoded 53 bits (7 bytes)
[0m[NR_MAC] UE 0 RNTI 275b stats sfn: 896.0, cumulated bad DCI 0
    DL Chan: SSB 0 SINR 44.1 dB RSRP -36 dBm, RI 0 CQI: N/A
    DL harq: 448/0 avg code rate 0.1, avg bit/symbol 2.0, avg per TB: (nb RBs 5.0, nb symbols 11.4)
    UL harq: 2601/0 avg code rate 0.1, avg bit/symbol 2.0, avg per TB: (nb RBs 5.4, nb symbols 13.0)
[0m[NR_RRC] MeasurementReport Encoded 53 bits (7 bytes)
[0m[NR_MAC] UE 0 RNTI 275b stats sfn: 0.0, cumulated bad DCI 0
    DL Chan: SSB 0 SINR 44.1 dB RSRP -36 dBm, RI 0 CQI: N/A
    DL harq: 451/0 avg code rate 0.1, avg bit/symbol 2.0, avg per TB: (nb RBs 5.0, nb symbols 11.4)
    UL harq: 2615/0 avg code rate 0.1, avg bit/symbol 2.0, avg per TB: (nb RBs 5.4, nb symbols 13.0)
[0m[NR_RRC] MeasurementReport Encoded 53 bits (7 bytes)
[0m[NR_RRC] MeasurementReport Encoded 53 bits (7 bytes)
[0m[NR_MAC] UE 0 RNTI 275b stats sfn: 128.0, cumulated bad DCI 0
    DL Chan: SSB 0 SINR 45.1 dB RSRP -36 dBm, RI 0 CQI: N/A
    DL harq: 454/0 avg code rate 0.1, avg bit/symbol 2.0, avg per TB: (nb RBs 5.0, nb symbols 11.4)
    UL harq: 2630/0 avg code rate 0.1, avg bit/symbol 2.0, avg per TB: (nb RBs 5.4, nb symbols 13.0)
[0m[NR_RRC] MeasurementReport Encoded 53 bits (7 bytes)
[0m[NR_MAC] UE 0 RNTI 275b stats sfn: 256.0, cumulated bad DCI 0
    DL Chan: SSB 0 SINR 45.1 dB RSRP -36 dBm, RI 0 CQI: N/A
    DL harq: 456/0 avg code rate 0.1, avg bit/symbol 2.0, avg per TB: (nb RBs 5.0, nb symbols 11.4)
    UL harq: 2645/0 avg code rate 0.1, avg bit/symbol 2.0, avg per TB: (nb RBs 5.4, nb symbols 13.0)
[0m[NR_RRC] MeasurementReport Encoded 53 bits (7 bytes)
[0m[NR_MAC] UE 0 RNTI 275b stats sfn: 384.0, cumulated bad DCI 0
    DL Chan: SSB 0 SINR 45.1 dB RSRP -36 dBm, RI 0 CQI: N/A
    DL harq: 458/0 avg code rate 0.1, avg bit/symbol 2.0, avg per TB: (nb RBs 5.0, nb symbols 11.4)
    UL harq: 2659/0 avg code rate 0.1, avg bit/symbol 2.0, avg per TB: (nb RBs 5.4, nb symbols 13.0)
[0m[NR_RRC] MeasurementReport Encoded 53 bits (7 bytes)
[0m[NR_MAC] UE 0 RNTI 275b stats sfn: 512.0, cumulated bad DCI 0
    DL Chan: SSB 0 SINR 44.1 dB RSRP -36 dBm, RI 0 CQI: N/A
    DL harq: 462/0 avg code rate 0.1, avg bit/symbol 2.0, avg per TB: (nb RBs 5.0, nb symbols 11.4)
    UL harq: 2675/0 avg code rate 0.1, avg bit/symbol 2.0, avg per TB: (nb RBs 5.4, nb symbols 13.0)
[0m[NR_RRC] MeasurementReport Encoded 53 bits (7 bytes)
[0m[NR_RRC] MeasurementReport Encoded 53 bits (7 bytes)
[0m[NR_MAC] UE 0 RNTI 275b stats sfn: 640.0, cumulated bad DCI 0
    DL Chan: SSB 0 SINR 43.3 dB RSRP -36 dBm, RI 0 CQI: N/A
    DL harq: 464/0 avg code rate 0.1, avg bit/symbol 2.0, avg per TB: (nb RBs 5.0, nb symbols 11.4)
    UL harq: 2690/0 avg code rate 0.1, avg bit/symbol 2.0, avg per TB: (nb RBs 5.4, nb symbols 13.0)
[0m[NR_RRC] MeasurementReport Encoded 53 bits (7 bytes)
[0m[NR_MAC] UE 0 RNTI 275b stats sfn: 768.0, cumulated bad DCI 0
    DL Chan: SSB 0 SINR 45.1 dB RSRP -36 dBm, RI 0 CQI: N/A
    DL harq: 466/0 avg code rate 0.1, avg bit/symbol 2.0, avg per TB: (nb RBs 5.0, nb symbols 11.4)
    UL harq: 2704/0 avg code rate 0.1, avg bit/symbol 2.0, avg per TB: (nb RBs 5.4, nb symbols 13.0)
[0m[NR_RRC] MeasurementReport Encoded 53 bits (7 bytes)
[0m[NR_MAC] UE 0 RNTI 275b stats sfn: 896.0, cumulated bad DCI 0
    DL Chan: SSB 0 SINR 46.3 dB RSRP -36 dBm, RI 0 CQI: N/A
    DL harq: 468/0 avg code rate 0.1, avg bit/symbol 2.0, avg per TB: (nb RBs 5.0, nb symbols 11.4)
    UL harq: 2720/0 avg code rate 0.1, avg bit/symbol 2.0, avg per TB: (nb RBs 5.4, nb symbols 13.0)
[0m[NR_RRC] MeasurementReport Encoded 53 bits (7 bytes)
[0m[NR_MAC] UE 0 RNTI 275b stats sfn: 0.0, cumulated bad DCI 0
    DL Chan: SSB 0 SINR 46.3 dB RSRP -36 dBm, RI 0 CQI: N/A
    DL harq: 472/0 avg code rate 0.1, avg bit/symbol 2.0, avg per TB: (nb RBs 5.0, nb symbols 11.4)
    UL harq: 2734/0 avg code rate 0.1, avg bit/symbol 2.0, avg per TB: (nb RBs 5.4, nb symbols 13.0)
[0m[NR_RRC] MeasurementReport Encoded 53 bits (7 bytes)
[0m[NR_RRC] MeasurementReport Encoded 53 bits (7 bytes)
[0m[NR_MAC] UE 0 RNTI 275b stats sfn: 128.0, cumulated bad DCI 0
    DL Chan: SSB 0 SINR 46.3 dB RSRP -36 dBm, RI 0 CQI: N/A
    DL harq: 474/0 avg code rate 0.1, avg bit/symbol 2.0, avg per TB: (nb RBs 5.0, nb symbols 11.4)
    UL harq: 2749/0 avg code rate 0.1, avg bit/symbol 2.0, avg per TB: (nb RBs 5.4, nb symbols 13.0)
[0m[NR_RRC] MeasurementReport Encoded 53 bits (7 bytes)
[0m[NR_MAC] UE 0 RNTI 275b stats sfn: 256.0, cumulated bad DCI 0
    DL Chan: SSB 0 SINR 46.3 dB RSRP -36 dBm, RI 0 CQI: N/A
    DL harq: 476/0 avg code rate 0.1, avg bit/symbol 2.0, avg per TB: (nb RBs 5.0, nb symbols 11.4)
    UL harq: 2763/0 avg code rate 0.1, avg bit/symbol 2.0, avg per TB: (nb RBs 5.4, nb symbols 13.0)
[0m[NR_RRC] MeasurementReport Encoded 53 bits (7 bytes)
[0m[NR_MAC] UE 0 RNTI 275b stats sfn: 384.0, cumulated bad DCI 0
    DL Chan: SSB 0 SINR 46.3 dB RSRP -36 dBm, RI 0 CQI: N/A
    DL harq: 479/0 avg code rate 0.1, avg bit/symbol 2.0, avg per TB: (nb RBs 5.0, nb symbols 11.4)
    UL harq: 2779/0 avg code rate 0.1, avg bit/symbol 2.0, avg per TB: (nb RBs 5.4, nb symbols 13.0)
[0m[NR_RRC] MeasurementReport Encoded 53 bits (7 bytes)
[0m[NR_MAC] UE 0 RNTI 275b stats sfn: 512.0, cumulated bad DCI 0
    DL Chan: SSB 0 SINR 48.1 dB RSRP -36 dBm, RI 0 CQI: N/A
    DL harq: 482/0 avg code rate 0.1, avg bit/symbol 2.0, avg per TB: (nb RBs 5.0, nb symbols 11.4)
    UL harq: 2795/0 avg code rate 0.1, avg bit/symbol 2.0, avg per TB: (nb RBs 5.4, nb symbols 13.0)
[0m[NR_RRC] MeasurementReport Encoded 53 bits (7 bytes)
[0m[NR_MAC] UE 0 RNTI 275b stats sfn: 640.0, cumulated bad DCI 0
    DL Chan: SSB 0 SINR 46.3 dB RSRP -36 dBm, RI 0 CQI: N/A
    DL harq: 484/0 avg code rate 0.1, avg bit/symbol 2.0, avg per TB: (nb RBs 5.0, nb symbols 11.4)
    UL harq: 2808/0 avg code rate 0.1, avg bit/symbol 2.0, avg per TB: (nb RBs 5.4, nb symbols 13.0)
[0m[NR_RRC] MeasurementReport Encoded 53 bits (7 bytes)
[0m[NR_RRC] MeasurementReport Encoded 53 bits (7 bytes)
[0m[NR_MAC] UE 0 RNTI 275b stats sfn: 768.0, cumulated bad DCI 0
    DL Chan: SSB 0 SINR 45.1 dB RSRP -36 dBm, RI 0 CQI: N/A
    DL harq: 486/0 avg code rate 0.1, avg bit/symbol 2.0, avg per TB: (nb RBs 5.0, nb symbols 11.4)
    UL harq: 2822/0 avg code rate 0.1, avg bit/symbol 2.0, avg per TB: (nb RBs 5.4, nb symbols 13.0)
[0m[NR_RRC] MeasurementReport Encoded 53 bits (7 bytes)
[0m[NR_MAC] UE 0 RNTI 275b stats sfn: 896.0, cumulated bad DCI 0
    DL Chan: SSB 0 SINR 45.1 dB RSRP -36 dBm, RI 0 CQI: N/A
    DL harq: 489/0 avg code rate 0.1, avg bit/symbol 2.0, avg per TB: (nb RBs 5.0, nb symbols 11.4)
    UL harq: 2837/0 avg code rate 0.1, avg bit/symbol 2.0, avg per TB: (nb RBs 5.4, nb symbols 13.0)
[0m[NR_RRC] MeasurementReport Encoded 53 bits (7 bytes)
[0m[NR_MAC] UE 0 RNTI 275b stats sfn: 0.0, cumulated bad DCI 0
    DL Chan: SSB 0 SINR 45.1 dB RSRP -36 dBm, RI 0 CQI: N/A
    DL harq: 492/0 avg code rate 0.1, avg bit/symbol 2.0, avg per TB: (nb RBs 5.0, nb symbols 11.4)
    UL harq: 2852/0 avg code rate 0.1, avg bit/symbol 2.0, avg per TB: (nb RBs 5.4, nb symbols 13.0)
[0m[NR_RRC] MeasurementReport Encoded 53 bits (7 bytes)
[0m[NR_MAC] UE 0 RNTI 275b stats sfn: 128.0, cumulated bad DCI 0
    DL Chan: SSB 0 SINR 45.1 dB RSRP -36 dBm, RI 0 CQI: N/A
    DL harq: 494/0 avg code rate 0.1, avg bit/symbol 2.0, avg per TB: (nb RBs 5.0, nb symbols 11.4)
    UL harq: 2867/0 avg code rate 0.1, avg bit/symbol 2.0, avg per TB: (nb RBs 5.4, nb symbols 13.0)
[0m[NR_RRC] MeasurementReport Encoded 53 bits (7 bytes)
[0m[NR_RRC] [UE 0] 193:0 Decoding SI
[0m[32m[NR_RRC] Found SIB19
[0m[NR_RRC] Get EPOCHTIME: x:10, N:10, slot_endw:10, frame:194, subframe:0 , slot:0
[0m[NR_RRC] Epoch frame 194 ahead by 1 frames
[0m[NR_RRC] val430:240 s, T430:240010 ms, sib19_timer:120010 ms
[0m[NR_MAC] NTN Config Rxd. Epoch HFN: 24, Epoch SFN: 194, Epoch Subframe: 0, k_offset: 478ms, N_Common_Ta: 238.740000ms, drift: 0.000000µs/s, variant: 0.000000µs/s²
[0m[NR_MAC] Satellite orbital radius 42163999.800000 m, pos_sat_0 = {0.000000, 0.000000, 42163999.800000}, pos_sat_90 = {0.000000, 0.000000, 42163999.800000}
[0m[NR_MAC] Satellite velocity 0.000000 m/s, angular velocity = 0.000000e+00 rad/ms, vel_sat_0 = {0.000000, 0.000000, 0.000000}, vel_sat_90 = {0.000000, 0.000000, 0.000000}
[0m[PHY]    k_offset: 478ms, N_Common_Ta: 238.740000ms, drift: 0.000000µs/s, variant: 0.000000µs/s², timing_advance_ntn: 3667039 samples, DL Doppler shift: 0.000000kHz, UL Doppler shift: 0.000000kHz
[0m[NR_RRC] MeasurementReport Encoded 53 bits (7 bytes)
[0m[NR_MAC] UE 0 RNTI 275b stats sfn: 256.0, cumulated bad DCI 0
    DL Chan: SSB 0 SINR 44.1 dB RSRP -36 dBm, RI 0 CQI: N/A
    DL harq: 496/0 avg code rate 0.1, avg bit/symbol 2.0, avg per TB: (nb RBs 5.0, nb symbols 11.4)
    UL harq: 2881/0 avg code rate 0.1, avg bit/symbol 2.0, avg per TB: (nb RBs 5.4, nb symbols 13.0)
[0m[NR_RRC] MeasurementReport Encoded 53 bits (7 bytes)
[0m[NR_MAC] UE 0 RNTI 275b stats sfn: 384.0, cumulated bad DCI 0
    DL Chan: SSB 0 SINR 44.1 dB RSRP -36 dBm, RI 0 CQI: N/A
    DL harq: 499/0 avg code rate 0.1, avg bit/symbol 2.0, avg per TB: (nb RBs 5.0, nb symbols 11.4)
    UL harq: 2896/0 avg code rate 0.1, avg bit/symbol 2.0, avg per TB: (nb RBs 5.4, nb symbols 13.0)
[0m[NR_RRC] MeasurementReport Encoded 53 bits (7 bytes)
[0m[NR_MAC] UE 0 RNTI 275b stats sfn: 512.0, cumulated bad DCI 0
    DL Chan: SSB 0 SINR 44.1 dB RSRP -36 dBm, RI 0 CQI: N/A
    DL harq: 502/0 avg code rate 0.1, avg bit/symbol 2.0, avg per TB: (nb RBs 5.0, nb symbols 11.4)
    UL harq: 2912/0 avg code rate 0.1, avg bit/symbol 2.0, avg per TB: (nb RBs 5.4, nb symbols 13.0)
[0m[NR_RRC] MeasurementReport Encoded 53 bits (7 bytes)
[0m[NR_MAC] UE 0 RNTI 275b stats sfn: 640.0, cumulated bad DCI 0
    DL Chan: SSB 0 SINR 44.1 dB RSRP -36 dBm, RI 0 CQI: N/A
    DL harq: 504/0 avg code rate 0.1, avg bit/symbol 2.0, avg per TB: (nb RBs 5.0, nb symbols 11.4)
    UL harq: 2927/0 avg code rate 0.1, avg bit/symbol 2.0, avg per TB: (nb RBs 5.4, nb symbols 13.0)
[0m[NR_RRC] MeasurementReport Encoded 53 bits (7 bytes)
[0m[NR_RRC] MeasurementReport Encoded 53 bits (7 bytes)
[0m[NR_MAC] UE 0 RNTI 275b stats sfn: 768.0, cumulated bad DCI 0
    DL Chan: SSB 0 SINR 46.3 dB RSRP -36 dBm, RI 0 CQI: N/A
    DL harq: 507/0 avg code rate 0.1, avg bit/symbol 2.0, avg per TB: (nb RBs 5.0, nb symbols 11.4)
    UL harq: 2941/0 avg code rate 0.1, avg bit/symbol 2.0, avg per TB: (nb RBs 5.4, nb symbols 13.0)
[0m[NR_RRC] MeasurementReport Encoded 53 bits (7 bytes)
[0m[NR_MAC] UE 0 RNTI 275b stats sfn: 896.0, cumulated bad DCI 0
    DL Chan: SSB 0 SINR 46.3 dB RSRP -36 dBm, RI 0 CQI: N/A
    DL harq: 509/0 avg code rate 0.1, avg bit/symbol 2.0, avg per TB: (nb RBs 5.0, nb symbols 11.4)
    UL harq: 2954/0 avg code rate 0.1, avg bit/symbol 2.0, avg per TB: (nb RBs 5.4, nb symbols 13.0)
[0m[NR_RRC] MeasurementReport Encoded 53 bits (7 bytes)
[0m[NR_MAC] UE 0 RNTI 275b stats sfn: 0.0, cumulated bad DCI 0
    DL Chan: SSB 0 SINR 46.3 dB RSRP -36 dBm, RI 0 CQI: N/A
    DL harq: 512/0 avg code rate 0.1, avg bit/symbol 2.0, avg per TB: (nb RBs 5.0, nb symbols 11.4)
    UL harq: 2971/0 avg code rate 0.1, avg bit/symbol 2.0, avg per TB: (nb RBs 5.4, nb symbols 13.0)
[0m[NR_RRC] MeasurementReport Encoded 53 bits (7 bytes)
[0m[NR_MAC] UE 0 RNTI 275b stats sfn: 128.0, cumulated bad DCI 0
    DL Chan: SSB 0 SINR 46.3 dB RSRP -36 dBm, RI 0 CQI: N/A
    DL harq: 514/0 avg code rate 0.1, avg bit/symbol 2.0, avg per TB: (nb RBs 5.0, nb symbols 11.4)
    UL harq: 2986/0 avg code rate 0.1, avg bit/symbol 2.0, avg per TB: (nb RBs 5.4, nb symbols 13.0)
[0m[NR_RRC] MeasurementReport Encoded 53 bits (7 bytes)
[0m[NR_RRC] MeasurementReport Encoded 53 bits (7 bytes)
[0m[NR_MAC] UE 0 RNTI 275b stats sfn: 256.0, cumulated bad DCI 0
    DL Chan: SSB 0 SINR 45.1 dB RSRP -36 dBm, RI 0 CQI: N/A
    DL harq: 517/0 avg code rate 0.1, avg bit/symbol 2.0, avg per TB: (nb RBs 5.0, nb symbols 11.4)
    UL harq: 3000/0 avg code rate 0.1, avg bit/symbol 2.0, avg per TB: (nb RBs 5.4, nb symbols 13.0)
[0m[NR_RRC] MeasurementReport Encoded 53 bits (7 bytes)
[0m[NR_MAC] UE 0 RNTI 275b stats sfn: 384.0, cumulated bad DCI 0
    DL Chan: SSB 0 SINR 44.1 dB RSRP -36 dBm, RI 0 CQI: N/A
    DL harq: 519/0 avg code rate 0.1, avg bit/symbol 2.0, avg per TB: (nb RBs 5.0, nb symbols 11.4)
    UL harq: 3015/0 avg code rate 0.1, avg bit/symbol 2.0, avg per TB: (nb RBs 5.4, nb symbols 13.0)
[0m[NR_RRC] MeasurementReport Encoded 53 bits (7 bytes)
[0m[NR_MAC] UE 0 RNTI 275b stats sfn: 512.0, cumulated bad DCI 0
    DL Chan: SSB 0 SINR 44.1 dB RSRP -36 dBm, RI 0 CQI: N/A
    DL harq: 521/0 avg code rate 0.1, avg bit/symbol 2.0, avg per TB: (nb RBs 5.0, nb symbols 11.4)
    UL harq: 3031/0 avg code rate 0.1, avg bit/symbol 2.0, avg per TB: (nb RBs 5.4, nb symbols 13.0)
[0m[NR_RRC] MeasurementReport Encoded 53 bits (7 bytes)
[0m[NR_MAC] UE 0 RNTI 275b stats sfn: 640.0, cumulated bad DCI 0
    DL Chan: SSB 0 SINR 45.1 dB RSRP -36 dBm, RI 0 CQI: N/A
    DL harq: 525/0 avg code rate 0.1, avg bit/symbol 2.0, avg per TB: (nb RBs 5.0, nb symbols 11.5)
    UL harq: 3045/0 avg code rate 0.1, avg bit/symbol 2.0, avg per TB: (nb RBs 5.4, nb symbols 13.0)
[0m[NR_RRC] MeasurementReport Encoded 53 bits (7 bytes)
[0m[NR_RRC] MeasurementReport Encoded 53 bits (7 bytes)
[0m[NR_MAC] UE 0 RNTI 275b stats sfn: 768.0, cumulated bad DCI 0
    DL Chan: SSB 0 SINR 44.1 dB RSRP -36 dBm, RI 0 CQI: N/A
    DL harq: 527/0 avg code rate 0.1, avg bit/symbol 2.0, avg per TB: (nb RBs 5.0, nb symbols 11.5)
    UL harq: 3059/0 avg code rate 0.1, avg bit/symbol 2.0, avg per TB: (nb RBs 5.4, nb symbols 13.0)
[0m[NR_RRC] MeasurementReport Encoded 53 bits (7 bytes)
[0m[NR_MAC] UE 0 RNTI 275b stats sfn: 896.0, cumulated bad DCI 0
    DL Chan: SSB 0 SINR 46.3 dB RSRP -36 dBm, RI 0 CQI: N/A
    DL harq: 529/0 avg code rate 0.1, avg bit/symbol 2.0, avg per TB: (nb RBs 5.0, nb symbols 11.5)
    UL harq: 3074/0 avg code rate 0.1, avg bit/symbol 2.0, avg per TB: (nb RBs 5.4, nb symbols 13.0)
[0m[NR_RRC] MeasurementReport Encoded 53 bits (7 bytes)
[0m[NR_MAC] UE 0 RNTI 275b stats sfn: 0.0, cumulated bad DCI 0
    DL Chan: SSB 0 SINR 45.1 dB RSRP -36 dBm, RI 0 CQI: N/A
    DL harq: 532/0 avg code rate 0.1, avg bit/symbol 2.0, avg per TB: (nb RBs 5.0, nb symbols 11.5)
    UL harq: 3091/0 avg code rate 0.1, avg bit/symbol 2.0, avg per TB: (nb RBs 5.4, nb symbols 13.0)
[0m[NR_RRC] MeasurementReport Encoded 53 bits (7 bytes)
[0m[NR_MAC] UE 0 RNTI 275b stats sfn: 128.0, cumulated bad DCI 0
    DL Chan: SSB 0 SINR 45.1 dB RSRP -36 dBm, RI 0 CQI: N/A
    DL harq: 535/0 avg code rate 0.1, avg bit/symbol 2.0, avg per TB: (nb RBs 5.0, nb symbols 11.5)
    UL harq: 3105/0 avg code rate 0.1, avg bit/symbol 2.0, avg per TB: (nb RBs 5.4, nb symbols 13.0)
[0m[NR_RRC] MeasurementReport Encoded 53 bits (7 bytes)
[0m[NR_RRC] MeasurementReport Encoded 53 bits (7 bytes)
[0m[NR_MAC] UE 0 RNTI 275b stats sfn: 256.0, cumulated bad DCI 0
    DL Chan: SSB 0 SINR 45.1 dB RSRP -36 dBm, RI 0 CQI: N/A
    DL harq: 537/0 avg code rate 0.1, avg bit/symbol 2.0, avg per TB: (nb RBs 5.0, nb symbols 11.5)
    UL harq: 3120/0 avg code rate 0.1, avg bit/symbol 2.0, avg per TB: (nb RBs 5.4, nb symbols 13.0)
[0m[NR_RRC] MeasurementReport Encoded 53 bits (7 bytes)
[0m[NR_MAC] UE 0 RNTI 275b stats sfn: 384.0, cumulated bad DCI 0
    DL Chan: SSB 0 SINR 46.3 dB RSRP -36 dBm, RI 0 CQI: N/A
    DL harq: 539/0 avg code rate 0.1, avg bit/symbol 2.0, avg per TB: (nb RBs 5.0, nb symbols 11.5)
    UL harq: 3135/0 avg code rate 0.1, avg bit/symbol 2.0, avg per TB: (nb RBs 5.4, nb symbols 13.0)
[0m[NR_RRC] MeasurementReport Encoded 53 bits (7 bytes)
[0m[NR_MAC] UE 0 RNTI 275b stats sfn: 512.0, cumulated bad DCI 0
    DL Chan: SSB 0 SINR 42.6 dB RSRP -36 dBm, RI 0 CQI: N/A
    DL harq: 542/0 avg code rate 0.1, avg bit/symbol 2.0, avg per TB: (nb RBs 5.0, nb symbols 11.5)
    UL harq: 3151/0 avg code rate 0.1, avg bit/symbol 2.0, avg per TB: (nb RBs 5.4, nb symbols 13.0)
[0m[NR_RRC] MeasurementReport Encoded 53 bits (7 bytes)
[0m[NR_MAC] UE 0 RNTI 275b stats sfn: 640.0, cumulated bad DCI 0
    DL Chan: SSB 0 SINR 44.1 dB RSRP -36 dBm, RI 0 CQI: N/A
    DL harq: 545/0 avg code rate 0.1, avg bit/symbol 2.0, avg per TB: (nb RBs 5.0, nb symbols 11.5)
    UL harq: 3165/0 avg code rate 0.1, avg bit/symbol 2.0, avg per TB: (nb RBs 5.4, nb symbols 13.0)
[0m[NR_RRC] MeasurementReport Encoded 53 bits (7 bytes)
[0m[NR_RRC] MeasurementReport Encoded 53 bits (7 bytes)
[0m[NR_MAC] UE 0 RNTI 275b stats sfn: 768.0, cumulated bad DCI 0
    DL Chan: SSB 0 SINR 46.3 dB RSRP -36 dBm, RI 0 CQI: N/A
    DL harq: 547/0 avg code rate 0.1, avg bit/symbol 2.0, avg per TB: (nb RBs 5.0, nb symbols 11.5)
    UL harq: 3179/0 avg code rate 0.1, avg bit/symbol 2.0, avg per TB: (nb RBs 5.4, nb symbols 13.0)
[0m[NR_RRC] MeasurementReport Encoded 53 bits (7 bytes)
[0m[NR_MAC] UE 0 RNTI 275b stats sfn: 896.0, cumulated bad DCI 0
    DL Chan: SSB 0 SINR 43.3 dB RSRP -36 dBm, RI 0 CQI: N/A
    DL harq: 549/0 avg code rate 0.1, avg bit/symbol 2.0, avg per TB: (nb RBs 5.0, nb symbols 11.5)
    UL harq: 3193/0 avg code rate 0.1, avg bit/symbol 2.0, avg per TB: (nb RBs 5.4, nb symbols 13.0)
[0m[NR_RRC] MeasurementReport Encoded 53 bits (7 bytes)
[0m[NR_MAC] UE 0 RNTI 275b stats sfn: 0.0, cumulated bad DCI 0
    DL Chan: SSB 0 SINR 45.1 dB RSRP -36 dBm, RI 0 CQI: N/A
    DL harq: 552/0 avg code rate 0.1, avg bit/symbol 2.0, avg per TB: (nb RBs 5.0, nb symbols 11.5)
    UL harq: 3210/0 avg code rate 0.1, avg bit/symbol 2.0, avg per TB: (nb RBs 5.4, nb symbols 13.0)
[0m[NR_RRC] MeasurementReport Encoded 53 bits (7 bytes)
[0m[NR_MAC] UE 0 RNTI 275b stats sfn: 128.0, cumulated bad DCI 0
    DL Chan: SSB 0 SINR 45.1 dB RSRP -36 dBm, RI 0 CQI: N/A
    DL harq: 555/0 avg code rate 0.1, avg bit/symbol 2.0, avg per TB: (nb RBs 5.0, nb symbols 11.5)
    UL harq: 3225/0 avg code rate 0.1, avg bit/symbol 2.0, avg per TB: (nb RBs 5.4, nb symbols 13.0)
[0m[NR_RRC] MeasurementReport Encoded 53 bits (7 bytes)
[0m[NR_RRC] MeasurementReport Encoded 53 bits (7 bytes)
[0m[NR_MAC] UE 0 RNTI 275b stats sfn: 256.0, cumulated bad DCI 0
    DL Chan: SSB 0 SINR 45.1 dB RSRP -36 dBm, RI 0 CQI: N/A
    DL harq: 557/0 avg code rate 0.1, avg bit/symbol 2.0, avg per TB: (nb RBs 5.0, nb symbols 11.5)
    UL harq: 3239/0 avg code rate 0.1, avg bit/symbol 2.0, avg per TB: (nb RBs 5.4, nb symbols 13.0)
[0m[NR_RRC] MeasurementReport Encoded 53 bits (7 bytes)
[0m[NR_MAC] UE 0 RNTI 275b stats sfn: 384.0, cumulated bad DCI 0
    DL Chan: SSB 0 SINR 43.3 dB RSRP -36 dBm, RI 0 CQI: N/A
    DL harq: 559/0 avg code rate 0.1, avg bit/symbol 2.0, avg per TB: (nb RBs 5.0, nb symbols 11.5)
    UL harq: 3253/0 avg code rate 0.1, avg bit/symbol 2.0, avg per TB: (nb RBs 5.4, nb symbols 13.0)
[0m[NR_RRC] MeasurementReport Encoded 53 bits (7 bytes)
[0m[NR_MAC] UE 0 RNTI 275b stats sfn: 512.0, cumulated bad DCI 0
    DL Chan: SSB 0 SINR 44.1 dB RSRP -36 dBm, RI 0 CQI: N/A
    DL harq: 562/0 avg code rate 0.1, avg bit/symbol 2.0, avg per TB: (nb RBs 5.0, nb symbols 11.5)
    UL harq: 3269/0 avg code rate 0.1, avg bit/symbol 2.0, avg per TB: (nb RBs 5.4, nb symbols 13.0)
[0m[NR_RRC] MeasurementReport Encoded 53 bits (7 bytes)
[0m[NR_MAC] UE 0 RNTI 275b stats sfn: 640.0, cumulated bad DCI 0
    DL Chan: SSB 0 SINR 45.1 dB RSRP -36 dBm, RI 0 CQI: N/A
    DL harq: 565/0 avg code rate 0.1, avg bit/symbol 2.0, avg per TB: (nb RBs 5.0, nb symbols 11.5)
    UL harq: 3284/0 avg code rate 0.1, avg bit/symbol 2.0, avg per TB: (nb RBs 5.3, nb symbols 13.0)
[0m[NR_RRC] MeasurementReport Encoded 53 bits (7 bytes)
[0m[NR_MAC] UE 0 RNTI 275b stats sfn: 768.0, cumulated bad DCI 0
    DL Chan: SSB 0 SINR 45.1 dB RSRP -36 dBm, RI 0 CQI: N/A
    DL harq: 567/0 avg code rate 0.1, avg bit/symbol 2.0, avg per TB: (nb RBs 5.0, nb symbols 11.5)
    UL harq: 3298/0 avg code rate 0.1, avg bit/symbol 2.0, avg per TB: (nb RBs 5.3, nb symbols 13.0)
[0m[NR_RRC] MeasurementReport Encoded 53 bits (7 bytes)
[0m[NR_RRC] MeasurementReport Encoded 53 bits (7 bytes)
[0m[NR_MAC] UE 0 RNTI 275b stats sfn: 896.0, cumulated bad DCI 0
    DL Chan: SSB 0 SINR 46.3 dB RSRP -36 dBm, RI 0 CQI: N/A
    DL harq: 570/0 avg code rate 0.1, avg bit/symbol 2.0, avg per TB: (nb RBs 5.0, nb symbols 11.5)
    UL harq: 3313/0 avg code rate 0.1, avg bit/symbol 2.0, avg per TB: (nb RBs 5.3, nb symbols 13.0)
[0m[NR_RRC] MeasurementReport Encoded 53 bits (7 bytes)
[0m[NR_MAC] UE 0 RNTI 275b stats sfn: 0.0, cumulated bad DCI 0
    DL Chan: SSB 0 SINR 45.1 dB RSRP -36 dBm, RI 0 CQI: N/A
    DL harq: 572/0 avg code rate 0.1, avg bit/symbol 2.0, avg per TB: (nb RBs 5.0, nb symbols 11.5)
    UL harq: 3327/0 avg code rate 0.1, avg bit/symbol 2.0, avg per TB: (nb RBs 5.3, nb symbols 13.0)
[0m[NR_RRC] MeasurementReport Encoded 53 bits (7 bytes)
[0m[NR_MAC] UE 0 RNTI 275b stats sfn: 128.0, cumulated bad DCI 0
    DL Chan: SSB 0 SINR 46.3 dB RSRP -36 dBm, RI 0 CQI: N/A
    DL harq: 575/0 avg code rate 0.1, avg bit/symbol 2.0, avg per TB: (nb RBs 5.0, nb symbols 11.5)
    UL harq: 3343/0 avg code rate 0.1, avg bit/symbol 2.0, avg per TB: (nb RBs 5.3, nb symbols 13.0)
[0m[NR_RRC] MeasurementReport Encoded 53 bits (7 bytes)
[0m[NR_MAC] UE 0 RNTI 275b stats sfn: 256.0, cumulated bad DCI 0
    DL Chan: SSB 0 SINR 44.1 dB RSRP -36 dBm, RI 0 CQI: N/A
    DL harq: 577/0 avg code rate 0.1, avg bit/symbol 2.0, avg per TB: (nb RBs 5.0, nb symbols 11.5)
    UL harq: 3358/0 avg code rate 0.1, avg bit/symbol 2.0, avg per TB: (nb RBs 5.3, nb symbols 13.0)
[0m[NR_RRC] MeasurementReport Encoded 53 bits (7 bytes)
[0m[NR_RRC] MeasurementReport Encoded 53 bits (7 bytes)
[0m[NR_MAC] UE 0 RNTI 275b stats sfn: 384.0, cumulated bad DCI 0
    DL Chan: SSB 0 SINR 46.3 dB RSRP -36 dBm, RI 0 CQI: N/A
    DL harq: 580/0 avg code rate 0.1, avg bit/symbol 2.0, avg per TB: (nb RBs 5.0, nb symbols 11.5)
    UL harq: 3373/0 avg code rate 0.1, avg bit/symbol 2.0, avg per TB: (nb RBs 5.3, nb symbols 13.0)
[0m[NR_RRC] MeasurementReport Encoded 53 bits (7 bytes)
[0m[NR_MAC] UE 0 RNTI 275b stats sfn: 512.0, cumulated bad DCI 0
    DL Chan: SSB 0 SINR 45.1 dB RSRP -36 dBm, RI 0 CQI: N/A
    DL harq: 582/0 avg code rate 0.1, avg bit/symbol 2.0, avg per TB: (nb RBs 5.0, nb symbols 11.5)
    UL harq: 3387/0 avg code rate 0.1, avg bit/symbol 2.0, avg per TB: (nb RBs 5.3, nb symbols 13.0)
[0m[NR_RRC] MeasurementReport Encoded 53 bits (7 bytes)
[0m[NR_MAC] UE 0 RNTI 275b stats sfn: 640.0, cumulated bad DCI 0
    DL Chan: SSB 0 SINR 44.1 dB RSRP -36 dBm, RI 0 CQI: N/A
    DL harq: 585/0 avg code rate 0.1, avg bit/symbol 2.0, avg per TB: (nb RBs 5.0, nb symbols 11.5)
    UL harq: 3403/0 avg code rate 0.1, avg bit/symbol 2.0, avg per TB: (nb RBs 5.3, nb symbols 13.0)
[0m[NR_RRC] MeasurementReport Encoded 53 bits (7 bytes)
[0m[NR_MAC] UE 0 RNTI 275b stats sfn: 768.0, cumulated bad DCI 0
    DL Chan: SSB 0 SINR 45.1 dB RSRP -36 dBm, RI 0 CQI: N/A
    DL harq: 588/0 avg code rate 0.1, avg bit/symbol 2.0, avg per TB: (nb RBs 5.0, nb symbols 11.5)
    UL harq: 3417/0 avg code rate 0.1, avg bit/symbol 2.0, avg per TB: (nb RBs 5.3, nb symbols 13.0)
[0m[NR_RRC] MeasurementReport Encoded 53 bits (7 bytes)
[0m[NR_RRC] MeasurementReport Encoded 53 bits (7 bytes)
[0m[NR_MAC] UE 0 RNTI 275b stats sfn: 896.0, cumulated bad DCI 0
    DL Chan: SSB 0 SINR 46.3 dB RSRP -36 dBm, RI 0 CQI: N/A
    DL harq: 590/0 avg code rate 0.1, avg bit/symbol 2.0, avg per TB: (nb RBs 5.0, nb symbols 11.5)
    UL harq: 3431/0 avg code rate 0.1, avg bit/symbol 2.0, avg per TB: (nb RBs 5.3, nb symbols 13.0)
[0m[NR_RRC] MeasurementReport Encoded 53 bits (7 bytes)
[0m[NR_MAC] UE 0 RNTI 275b stats sfn: 0.0, cumulated bad DCI 0
    DL Chan: SSB 0 SINR 45.1 dB RSRP -36 dBm, RI 0 CQI: N/A
    DL harq: 592/0 avg code rate 0.1, avg bit/symbol 2.0, avg per TB: (nb RBs 5.0, nb symbols 11.5)
    UL harq: 3446/0 avg code rate 0.1, avg bit/symbol 2.0, avg per TB: (nb RBs 5.3, nb symbols 13.0)
[0m[NR_RRC] MeasurementReport Encoded 53 bits (7 bytes)
[0m[NR_MAC] UE 0 RNTI 275b stats sfn: 128.0, cumulated bad DCI 0
    DL Chan: SSB 0 SINR 46.3 dB RSRP -36 dBm, RI 0 CQI: N/A
    DL harq: 595/0 avg code rate 0.1, avg bit/symbol 2.0, avg per TB: (nb RBs 5.0, nb symbols 11.5)
    UL harq: 3463/0 avg code rate 0.1, avg bit/symbol 2.0, avg per TB: (nb RBs 5.3, nb symbols 13.0)
[0m[NR_RRC] MeasurementReport Encoded 53 bits (7 bytes)
[0m[NR_MAC] UE 0 RNTI 275b stats sfn: 256.0, cumulated bad DCI 0
    DL Chan: SSB 0 SINR 44.1 dB RSRP -36 dBm, RI 0 CQI: N/A
    DL harq: 598/0 avg code rate 0.1, avg bit/symbol 2.0, avg per TB: (nb RBs 5.0, nb symbols 11.5)
    UL harq: 3476/0 avg code rate 0.1, avg bit/symbol 2.0, avg per TB: (nb RBs 5.3, nb symbols 13.0)
[0m[NR_RRC] MeasurementReport Encoded 53 bits (7 bytes)
[0m[NR_RRC] MeasurementReport Encoded 53 bits (7 bytes)
[0m[NR_MAC] UE 0 RNTI 275b stats sfn: 384.0, cumulated bad DCI 0
    DL Chan: SSB 0 SINR 45.1 dB RSRP -36 dBm, RI 0 CQI: N/A
    DL harq: 600/0 avg code rate 0.1, avg bit/symbol 2.0, avg per TB: (nb RBs 5.0, nb symbols 11.5)
    UL harq: 3491/0 avg code rate 0.1, avg bit/symbol 2.0, avg per TB: (nb RBs 5.3, nb symbols 13.0)
[0m[NR_RRC] MeasurementReport Encoded 53 bits (7 bytes)
[0m[NR_MAC] UE 0 RNTI 275b stats sfn: 512.0, cumulated bad DCI 0
    DL Chan: SSB 0 SINR 45.1 dB RSRP -36 dBm, RI 0 CQI: N/A
    DL harq: 602/0 avg code rate 0.1, avg bit/symbol 2.0, avg per TB: (nb RBs 5.0, nb symbols 11.5)
    UL harq: 3506/0 avg code rate 0.1, avg bit/symbol 2.0, avg per TB: (nb RBs 5.3, nb symbols 13.0)
[0m[NR_RRC] MeasurementReport Encoded 53 bits (7 bytes)
[0m[NR_MAC] UE 0 RNTI 275b stats sfn: 640.0, cumulated bad DCI 0
    DL Chan: SSB 0 SINR 45.1 dB RSRP -36 dBm, RI 0 CQI: N/A
    DL harq: 606/0 avg code rate 0.1, avg bit/symbol 2.0, avg per TB: (nb RBs 5.0, nb symbols 11.5)
    UL harq: 3521/0 avg code rate 0.1, avg bit/symbol 2.0, avg per TB: (nb RBs 5.3, nb symbols 13.0)
[0m[NR_RRC] MeasurementReport Encoded 53 bits (7 bytes)
[0m[NR_MAC] UE 0 RNTI 275b stats sfn: 768.0, cumulated bad DCI 0
    DL Chan: SSB 0 SINR 45.1 dB RSRP -36 dBm, RI 0 CQI: N/A
    DL harq: 608/0 avg code rate 0.1, avg bit/symbol 2.0, avg per TB: (nb RBs 5.0, nb symbols 11.5)
    UL harq: 3535/0 avg code rate 0.1, avg bit/symbol 2.0, avg per TB: (nb RBs 5.3, nb symbols 13.0)
[0m[NR_RRC] MeasurementReport Encoded 53 bits (7 bytes)
[0m[NR_RRC] MeasurementReport Encoded 53 bits (7 bytes)
[0m[NR_MAC] UE 0 RNTI 275b stats sfn: 896.0, cumulated bad DCI 0
    DL Chan: SSB 0 SINR 45.1 dB RSRP -36 dBm, RI 0 CQI: N/A
    DL harq: 610/0 avg code rate 0.1, avg bit/symbol 2.0, avg per TB: (nb RBs 5.0, nb symbols 11.5)
    UL harq: 3549/0 avg code rate 0.1, avg bit/symbol 2.0, avg per TB: (nb RBs 5.3, nb symbols 13.0)
[0m[NR_RRC] MeasurementReport Encoded 53 bits (7 bytes)
[0m[NR_MAC] UE 0 RNTI 275b stats sfn: 0.0, cumulated bad DCI 0
    DL Chan: SSB 0 SINR 43.3 dB RSRP -36 dBm, RI 0 CQI: N/A
    DL harq: 612/0 avg code rate 0.1, avg bit/symbol 2.0, avg per TB: (nb RBs 5.0, nb symbols 11.5)
    UL harq: 3564/0 avg code rate 0.1, avg bit/symbol 2.0, avg per TB: (nb RBs 5.3, nb symbols 13.0)
[0m[NR_RRC] MeasurementReport Encoded 53 bits (7 bytes)
[0m[NR_MAC] UE 0 RNTI 275b stats sfn: 128.0, cumulated bad DCI 0
    DL Chan: SSB 0 SINR 45.1 dB RSRP -36 dBm, RI 0 CQI: N/A
    DL harq: 615/0 avg code rate 0.1, avg bit/symbol 2.0, avg per TB: (nb RBs 5.0, nb symbols 11.5)
    UL harq: 3580/0 avg code rate 0.1, avg bit/symbol 2.0, avg per TB: (nb RBs 5.3, nb symbols 13.0)
[0m[NR_RRC] MeasurementReport Encoded 53 bits (7 bytes)
[0m[NR_MAC] UE 0 RNTI 275b stats sfn: 256.0, cumulated bad DCI 0
    DL Chan: SSB 0 SINR 45.1 dB RSRP -36 dBm, RI 0 CQI: N/A
    DL harq: 618/0 avg code rate 0.1, avg bit/symbol 2.0, avg per TB: (nb RBs 5.0, nb symbols 11.5)
    UL harq: 3595/0 avg code rate 0.1, avg bit/symbol 2.0, avg per TB: (nb RBs 5.3, nb symbols 13.0)
[0m[NR_RRC] MeasurementReport Encoded 53 bits (7 bytes)
[0m[NR_RRC] MeasurementReport Encoded 53 bits (7 bytes)
[0m[NR_MAC] UE 0 RNTI 275b stats sfn: 384.0, cumulated bad DCI 0
    DL Chan: SSB 0 SINR 45.1 dB RSRP -36 dBm, RI 0 CQI: N/A
    DL harq: 620/0 avg code rate 0.1, avg bit/symbol 2.0, avg per TB: (nb RBs 5.0, nb symbols 11.5)
    UL harq: 3610/0 avg code rate 0.1, avg bit/symbol 2.0, avg per TB: (nb RBs 5.3, nb symbols 13.0)
[0m[NR_RRC] MeasurementReport Encoded 53 bits (7 bytes)
[0m[NR_MAC] UE 0 RNTI 275b stats sfn: 512.0, cumulated bad DCI 0
    DL Chan: SSB 0 SINR 43.3 dB RSRP -36 dBm, RI 0 CQI: N/A
    DL harq: 622/0 avg code rate 0.1, avg bit/symbol 2.0, avg per TB: (nb RBs 5.0, nb symbols 11.5)
    UL harq: 3623/0 avg code rate 0.1, avg bit/symbol 2.0, avg per TB: (nb RBs 5.3, nb symbols 13.0)
[0m[NR_RRC] MeasurementReport Encoded 53 bits (7 bytes)
[0m[NR_MAC] UE 0 RNTI 275b stats sfn: 640.0, cumulated bad DCI 0
    DL Chan: SSB 0 SINR 45.1 dB RSRP -36 dBm, RI 0 CQI: N/A
    DL harq: 625/0 avg code rate 0.1, avg bit/symbol 2.0, avg per TB: (nb RBs 5.0, nb symbols 11.5)
    UL harq: 3640/0 avg code rate 0.1, avg bit/symbol 2.0, avg per TB: (nb RBs 5.3, nb symbols 13.0)
[0m[NR_RRC] MeasurementReport Encoded 53 bits (7 bytes)
[0m[NR_MAC] UE 0 RNTI 275b stats sfn: 768.0, cumulated bad DCI 0
    DL Chan: SSB 0 SINR 44.1 dB RSRP -36 dBm, RI 0 CQI: N/A
    DL harq: 628/0 avg code rate 0.1, avg bit/symbol 2.0, avg per TB: (nb RBs 5.0, nb symbols 11.5)
    UL harq: 3654/0 avg code rate 0.1, avg bit/symbol 2.0, avg per TB: (nb RBs 5.3, nb symbols 13.0)
[0m[NR_RRC] MeasurementReport Encoded 53 bits (7 bytes)
[0m[NR_RRC] MeasurementReport Encoded 53 bits (7 bytes)
[0m[NR_MAC] UE 0 RNTI 275b stats sfn: 896.0, cumulated bad DCI 0
    DL Chan: SSB 0 SINR 43.3 dB RSRP -36 dBm, RI 0 CQI: N/A
    DL harq: 630/0 avg code rate 0.1, avg bit/symbol 2.0, avg per TB: (nb RBs 5.0, nb symbols 11.5)
    UL harq: 3668/0 avg code rate 0.1, avg bit/symbol 2.0, avg per TB: (nb RBs 5.3, nb symbols 13.0)
[0m[NR_RRC] MeasurementReport Encoded 53 bits (7 bytes)
[0m[NR_MAC] UE 0 RNTI 275b stats sfn: 0.0, cumulated bad DCI 0
    DL Chan: SSB 0 SINR 44.1 dB RSRP -36 dBm, RI 0 CQI: N/A
    DL harq: 633/0 avg code rate 0.1, avg bit/symbol 2.0, avg per TB: (nb RBs 5.0, nb symbols 11.5)
    UL harq: 3683/0 avg code rate 0.1, avg bit/symbol 2.0, avg per TB: (nb RBs 5.3, nb symbols 13.0)
[0m[NR_RRC] MeasurementReport Encoded 53 bits (7 bytes)
[0m[NR_MAC] UE 0 RNTI 275b stats sfn: 128.0, cumulated bad DCI 0
    DL Chan: SSB 0 SINR 46.3 dB RSRP -36 dBm, RI 0 CQI: N/A
    DL harq: 635/0 avg code rate 0.1, avg bit/symbol 2.0, avg per TB: (nb RBs 5.0, nb symbols 11.5)
    UL harq: 3698/0 avg code rate 0.1, avg bit/symbol 2.0, avg per TB: (nb RBs 5.3, nb symbols 13.0)
[0m[NR_RRC] MeasurementReport Encoded 53 bits (7 bytes)
[0m[NR_MAC] UE 0 RNTI 275b stats sfn: 256.0, cumulated bad DCI 0
    DL Chan: SSB 0 SINR 45.1 dB RSRP -36 dBm, RI 0 CQI: N/A
    DL harq: 640/0 avg code rate 0.1, avg bit/symbol 2.0, avg per TB: (nb RBs 5.0, nb symbols 11.6)
    UL harq: 3718/0 avg code rate 0.1, avg bit/symbol 2.0, avg per TB: (nb RBs 5.3, nb symbols 13.0)
[0m[NR_RRC] MeasurementReport Encoded 53 bits (7 bytes)
[0m[NR_RRC] MeasurementReport Encoded 53 bits (7 bytes)
[0m[NR_MAC] UE 0 RNTI 275b stats sfn: 384.0, cumulated bad DCI 0
    DL Chan: SSB 0 SINR 45.1 dB RSRP -36 dBm, RI 0 CQI: N/A
    DL harq: 645/0 avg code rate 0.1, avg bit/symbol 2.0, avg per TB: (nb RBs 5.0, nb symbols 11.6)
    UL harq: 3743/0 avg code rate 0.1, avg bit/symbol 2.0, avg per TB: (nb RBs 5.4, nb symbols 13.0)
[0m[NR_RRC] MeasurementReport Encoded 53 bits (7 bytes)
[0m[NR_MAC] UE 0 RNTI 275b stats sfn: 512.0, cumulated bad DCI 0
    DL Chan: SSB 0 SINR 45.1 dB RSRP -36 dBm, RI 0 CQI: N/A
    DL harq: 651/0 avg code rate 0.1, avg bit/symbol 2.0, avg per TB: (nb RBs 5.1, nb symbols 11.6)
    UL harq: 3769/0 avg code rate 0.1, avg bit/symbol 2.0, avg per TB: (nb RBs 5.5, nb symbols 13.0)
[0m[NR_RRC] MeasurementReport Encoded 53 bits (7 bytes)
[0m[NR_MAC] UE 0 RNTI 275b stats sfn: 640.0, cumulated bad DCI 0
    DL Chan: SSB 0 SINR 45.1 dB RSRP -36 dBm, RI 0 CQI: N/A
    DL harq: 655/0 avg code rate 0.1, avg bit/symbol 2.0, avg per TB: (nb RBs 5.1, nb symbols 11.6)
    UL harq: 3799/0 avg code rate 0.1, avg bit/symbol 2.0, avg per TB: (nb RBs 5.5, nb symbols 13.0)
[0m[NR_RRC] MeasurementReport Encoded 53 bits (7 bytes)
[0m[NR_MAC] UE 0 RNTI 275b stats sfn: 768.0, cumulated bad DCI 0
    DL Chan: SSB 0 SINR 45.1 dB RSRP -36 dBm, RI 0 CQI: N/A
    DL harq: 661/0 avg code rate 0.1, avg bit/symbol 2.0, avg per TB: (nb RBs 5.1, nb symbols 11.6)
    UL harq: 3820/0 avg code rate 0.1, avg bit/symbol 2.0, avg per TB: (nb RBs 5.6, nb symbols 13.0)
[0m[NR_RRC] MeasurementReport Encoded 53 bits (7 bytes)
[0m[NR_RRC] MeasurementReport Encoded 53 bits (7 bytes)
[0m[NR_MAC] UE 0 RNTI 275b stats sfn: 896.0, cumulated bad DCI 0
    DL Chan: SSB 0 SINR 44.1 dB RSRP -36 dBm, RI 0 CQI: N/A
    DL harq: 666/0 avg code rate 0.1, avg bit/symbol 2.0, avg per TB: (nb RBs 5.2, nb symbols 11.6)
    UL harq: 3855/0 avg code rate 0.1, avg bit/symbol 2.0, avg per TB: (nb RBs 5.7, nb symbols 13.0)
[0m[NR_RRC] MeasurementReport Encoded 53 bits (7 bytes)
[0m[NR_MAC] UE 0 RNTI 275b stats sfn: 0.0, cumulated bad DCI 0
    DL Chan: SSB 0 SINR 44.1 dB RSRP -36 dBm, RI 0 CQI: N/A
    DL harq: 672/0 avg code rate 0.1, avg bit/symbol 2.0, avg per TB: (nb RBs 5.2, nb symbols 11.6)
    UL harq: 3901/0 avg code rate 0.1, avg bit/symbol 2.0, avg per TB: (nb RBs 5.9, nb symbols 13.0)
[0m[NR_RRC] MeasurementReport Encoded 53 bits (7 bytes)
[0m[NR_MAC] UE 0 RNTI 275b stats sfn: 128.0, cumulated bad DCI 0
    DL Chan: SSB 0 SINR 45.1 dB RSRP -36 dBm, RI 0 CQI: N/A
    DL harq: 677/0 avg code rate 0.1, avg bit/symbol 2.0, avg per TB: (nb RBs 5.3, nb symbols 11.6)
    UL harq: 3936/0 avg code rate 0.1, avg bit/symbol 2.0, avg per TB: (nb RBs 6.1, nb symbols 13.0)
[0m[NR_RRC] MeasurementReport Encoded 53 bits (7 bytes)
[0m[NR_MAC] UE 0 RNTI 275b stats sfn: 256.0, cumulated bad DCI 0
    DL Chan: SSB 0 SINR 46.3 dB RSRP -36 dBm, RI 0 CQI: N/A
    DL harq: 684/0 avg code rate 0.1, avg bit/symbol 2.0, avg per TB: (nb RBs 5.3, nb symbols 11.6)
    UL harq: 3982/0 avg code rate 0.1, avg bit/symbol 2.0, avg per TB: (nb RBs 6.3, nb symbols 13.0)
[0m[NR_RRC] MeasurementReport Encoded 53 bits (7 bytes)
[0m[NR_MAC] UE 0 RNTI 275b stats sfn: 384.0, cumulated bad DCI 0
    DL Chan: SSB 0 SINR 44.1 dB RSRP -36 dBm, RI 0 CQI: N/A
    DL harq: 689/0 avg code rate 0.1, avg bit/symbol 2.0, avg per TB: (nb RBs 5.4, nb symbols 11.6)
    UL harq: 4017/0 avg code rate 0.1, avg bit/symbol 2.0, avg per TB: (nb RBs 6.5, nb symbols 13.0)
[0m[NR_RRC] MeasurementReport Encoded 53 bits (7 bytes)
[0m[NR_RRC] MeasurementReport Encoded 53 bits (7 bytes)
[0m[NR_MAC] UE 0 RNTI 275b stats sfn: 512.0, cumulated bad DCI 0
    DL Chan: SSB 0 SINR 44.1 dB RSRP -36 dBm, RI 0 CQI: N/A
    DL harq: 695/0 avg code rate 0.1, avg bit/symbol 2.0, avg per TB: (nb RBs 5.4, nb symbols 11.6)
    UL harq: 4063/0 avg code rate 0.1, avg bit/symbol 2.0, avg per TB: (nb RBs 6.7, nb symbols 13.0)
[0m[NR_RRC] MeasurementReport Encoded 53 bits (7 bytes)
[0m[NR_MAC] UE 0 RNTI 275b stats sfn: 640.0, cumulated bad DCI 0
    DL Chan: SSB 0 SINR 45.1 dB RSRP -36 dBm, RI 0 CQI: N/A
    DL harq: 700/0 avg code rate 0.1, avg bit/symbol 2.0, avg per TB: (nb RBs 5.5, nb symbols 11.6)
    UL harq: 4109/0 avg code rate 0.1, avg bit/symbol 2.0, avg per TB: (nb RBs 6.9, nb symbols 13.0)
[0m[NR_RRC] MeasurementReport Encoded 53 bits (7 bytes)
[0m[NR_MAC] UE 0 RNTI 275b stats sfn: 768.0, cumulated bad DCI 0
    DL Chan: SSB 0 SINR 44.1 dB RSRP -36 dBm, RI 0 CQI: N/A
    DL harq: 708/0 avg code rate 0.1, avg bit/symbol 2.0, avg per TB: (nb RBs 5.5, nb symbols 11.6)
    UL harq: 4144/0 avg code rate 0.1, avg bit/symbol 2.0, avg per TB: (nb RBs 7.1, nb symbols 13.0)
[0m[NR_RRC] MeasurementReport Encoded 53 bits (7 bytes)
[0m[NR_MAC] UE 0 RNTI 275b stats sfn: 896.0, cumulated bad DCI 0
    DL Chan: SSB 0 SINR 46.3 dB RSRP -36 dBm, RI 0 CQI: N/A
    DL harq: 713/0 avg code rate 0.1, avg bit/symbol 2.0, avg per TB: (nb RBs 5.6, nb symbols 11.6)
    UL harq: 4190/0 avg code rate 0.1, avg bit/symbol 2.0, avg per TB: (nb RBs 7.3, nb symbols 13.0)
[0m[NR_RRC] MeasurementReport Encoded 53 bits (7 bytes)
[0m[NR_RRC] MeasurementReport Encoded 53 bits (7 bytes)
[0m[NR_MAC] UE 0 RNTI 275b stats sfn: 0.0, cumulated bad DCI 0
    DL Chan: SSB 0 SINR 46.3 dB RSRP -36 dBm, RI 0 CQI: N/A
    DL harq: 718/0 avg code rate 0.1, avg bit/symbol 2.0, avg per TB: (nb RBs 5.6, nb symbols 11.6)
    UL harq: 4225/0 avg code rate 0.1, avg bit/symbol 2.0, avg per TB: (nb RBs 7.4, nb symbols 13.0)
[0m[NR_RRC] MeasurementReport Encoded 53 bits (7 bytes)
[0m[NR_MAC] UE 0 RNTI 275b stats sfn: 128.0, cumulated bad DCI 0
    DL Chan: SSB 0 SINR 45.1 dB RSRP -36 dBm, RI 0 CQI: N/A
    DL harq: 723/0 avg code rate 0.1, avg bit/symbol 2.0, avg per TB: (nb RBs 5.7, nb symbols 11.6)
    UL harq: 4271/0 avg code rate 0.1, avg bit/symbol 2.0, avg per TB: (nb RBs 7.6, nb symbols 13.0)
[0m[NR_RRC] MeasurementReport Encoded 53 bits (7 bytes)
[0m[NR_MAC] UE 0 RNTI 275b stats sfn: 256.0, cumulated bad DCI 0
    DL Chan: SSB 0 SINR 46.3 dB RSRP -36 dBm, RI 0 CQI: N/A
    DL harq: 730/0 avg code rate 0.1, avg bit/symbol 2.0, avg per TB: (nb RBs 5.7, nb symbols 11.6)
    UL harq: 4309/0 avg code rate 0.1, avg bit/symbol 2.0, avg per TB: (nb RBs 7.7, nb symbols 13.0)
[0m[NR_RRC] MeasurementReport Encoded 53 bits (7 bytes)
[0m[NR_MAC] UE 0 RNTI 275b stats sfn: 384.0, cumulated bad DCI 0
    DL Chan: SSB 0 SINR 46.3 dB RSRP -36 dBm, RI 0 CQI: N/A
    DL harq: 736/0 avg code rate 0.1, avg bit/symbol 2.0, avg per TB: (nb RBs 5.7, nb symbols 11.6)
    UL harq: 4352/0 avg code rate 0.1, avg bit/symbol 2.0, avg per TB: (nb RBs 7.9, nb symbols 13.0)
[0m[NR_RRC] MeasurementReport Encoded 53 bits (7 bytes)
[0m[NR_RRC] MeasurementReport Encoded 53 bits (7 bytes)
[0m[NR_MAC] UE 0 RNTI 275b stats sfn: 512.0, cumulated bad DCI 0
    DL Chan: SSB 0 SINR 46.3 dB RSRP -36 dBm, RI 0 CQI: N/A
    DL harq: 741/0 avg code rate 0.1, avg bit/symbol 2.0, avg per TB: (nb RBs 5.8, nb symbols 11.6)
    UL harq: 4398/0 avg code rate 0.1, avg bit/symbol 2.0, avg per TB: (nb RBs 8.1, nb symbols 13.0)
[0m[NR_RRC] MeasurementReport Encoded 53 bits (7 bytes)
[0m[NR_MAC] UE 0 RNTI 275b stats sfn: 640.0, cumulated bad DCI 0
    DL Chan: SSB 0 SINR 44.1 dB RSRP -36 dBm, RI 0 CQI: N/A
    DL harq: 746/0 avg code rate 0.1, avg bit/symbol 2.0, avg per TB: (nb RBs 5.8, nb symbols 11.6)
    UL harq: 4433/0 avg code rate 0.1, avg bit/symbol 2.0, avg per TB: (nb RBs 8.2, nb symbols 13.0)
[0m[NR_RRC] MeasurementReport Encoded 53 bits (7 bytes)
[0m[NR_MAC] UE 0 RNTI 275b stats sfn: 768.0, cumulated bad DCI 0
    DL Chan: SSB 0 SINR 45.1 dB RSRP -36 dBm, RI 0 CQI: N/A
    DL harq: 753/0 avg code rate 0.1, avg bit/symbol 2.0, avg per TB: (nb RBs 5.8, nb symbols 11.6)
    UL harq: 4478/0 avg code rate 0.1, avg bit/symbol 2.0, avg per TB: (nb RBs 8.4, nb symbols 13.0)
[0m[NR_RRC] MeasurementReport Encoded 53 bits (7 bytes)
[0m[NR_MAC] UE 0 RNTI 275b stats sfn: 896.0, cumulated bad DCI 0
    DL Chan: SSB 0 SINR 45.1 dB RSRP -36 dBm, RI 0 CQI: N/A
    DL harq: 759/0 avg code rate 0.1, avg bit/symbol 2.0, avg per TB: (nb RBs 5.9, nb symbols 11.6)
    UL harq: 4514/0 avg code rate 0.1, avg bit/symbol 2.0, avg per TB: (nb RBs 8.5, nb symbols 13.0)
[0m[NR_RRC] MeasurementReport Encoded 53 bits (7 bytes)
[0m[NR_RRC] MeasurementReport Encoded 53 bits (7 bytes)
[0m[NR_MAC] UE 0 RNTI 275b stats sfn: 0.0, cumulated bad DCI 0
    DL Chan: SSB 0 SINR 45.1 dB RSRP -36 dBm, RI 0 CQI: N/A
    DL harq: 764/0 avg code rate 0.1, avg bit/symbol 2.0, avg per TB: (nb RBs 5.9, nb symbols 11.6)
    UL harq: 4559/0 avg code rate 0.1, avg bit/symbol 2.0, avg per TB: (nb RBs 8.7, nb symbols 13.0)
[0m[NR_RRC] MeasurementReport Encoded 53 bits (7 bytes)
[0m[NR_MAC] UE 0 RNTI 275b stats sfn: 128.0, cumulated bad DCI 0
    DL Chan: SSB 0 SINR 46.3 dB RSRP -36 dBm, RI 0 CQI: N/A
    DL harq: 770/0 avg code rate 0.1, avg bit/symbol 2.0, avg per TB: (nb RBs 6.0, nb symbols 11.6)
    UL harq: 4606/0 avg code rate 0.1, avg bit/symbol 2.0, avg per TB: (nb RBs 8.8, nb symbols 13.0)
[0m[NR_RRC] MeasurementReport Encoded 53 bits (7 bytes)
[0m[NR_MAC] UE 0 RNTI 275b stats sfn: 256.0, cumulated bad DCI 0
    DL Chan: SSB 0 SINR 45.1 dB RSRP -36 dBm, RI 0 CQI: N/A
    DL harq: 777/0 avg code rate 0.1, avg bit/symbol 2.0, avg per TB: (nb RBs 6.0, nb symbols 11.6)
    UL harq: 4640/0 avg code rate 0.1, avg bit/symbol 2.0, avg per TB: (nb RBs 9.0, nb symbols 13.0)
[0m[NR_RRC] MeasurementReport Encoded 53 bits (7 bytes)
[0m[NR_MAC] UE 0 RNTI 275b stats sfn: 384.0, cumulated bad DCI 0
    DL Chan: SSB 0 SINR 45.1 dB RSRP -36 dBm, RI 0 CQI: N/A
    DL harq: 782/0 avg code rate 0.1, avg bit/symbol 2.0, avg per TB: (nb RBs 6.1, nb symbols 11.6)
    UL harq: 4686/0 avg code rate 0.1, avg bit/symbol 2.0, avg per TB: (nb RBs 9.1, nb symbols 13.0)
[0m[NR_RRC] MeasurementReport Encoded 53 bits (7 bytes)
[0m[NR_RRC] MeasurementReport Encoded 53 bits (7 bytes)
[0m[NR_MAC] UE 0 RNTI 275b stats sfn: 512.0, cumulated bad DCI 0
    DL Chan: SSB 0 SINR 45.1 dB RSRP -36 dBm, RI 0 CQI: N/A
    DL harq: 786/0 avg code rate 0.1, avg bit/symbol 2.0, avg per TB: (nb RBs 6.1, nb symbols 11.6)
    UL harq: 4721/0 avg code rate 0.1, avg bit/symbol 2.0, avg per TB: (nb RBs 9.2, nb symbols 13.0)
[0m[NR_RRC] MeasurementReport Encoded 53 bits (7 bytes)
[0m[NR_MAC] UE 0 RNTI 275b stats sfn: 640.0, cumulated bad DCI 0
    DL Chan: SSB 0 SINR 43.3 dB RSRP -36 dBm, RI 0 CQI: N/A
    DL harq: 793/0 avg code rate 0.1, avg bit/symbol 2.0, avg per TB: (nb RBs 6.1, nb symbols 11.6)
    UL harq: 4767/0 avg code rate 0.1, avg bit/symbol 2.0, avg per TB: (nb RBs 9.4, nb symbols 13.0)
[0m[NR_RRC] MeasurementReport Encoded 53 bits (7 bytes)
[0m[1;31m[NR_MAC] Error in ul config consistency, clearing it slot 6
[0m[NR_MAC] UE 0 RNTI 275b stats sfn: 768.0, cumulated bad DCI 0
    DL Chan: SSB 0 SINR 46.3 dB RSRP -36 dBm, RI 0 CQI: N/A
    DL harq: 799/0 avg code rate 0.1, avg bit/symbol 2.0, avg per TB: (nb RBs 6.2, nb symbols 11.6)
    UL harq: 4813/0 avg code rate 0.1, avg bit/symbol 2.0, avg per TB: (nb RBs 9.5, nb symbols 13.0)
[0m[NR_RRC] MeasurementReport Encoded 53 bits (7 bytes)
[0m[NR_MAC] UE 0 RNTI 275b stats sfn: 896.0, cumulated bad DCI 0
    DL Chan: SSB 0 SINR 44.1 dB RSRP -36 dBm, RI 0 CQI: N/A
    DL harq: 803/0 avg code rate 0.1, avg bit/symbol 2.0, avg per TB: (nb RBs 6.2, nb symbols 11.6)
    UL harq: 4847/1 avg code rate 0.1, avg bit/symbol 2.0, avg per TB: (nb RBs 9.6, nb symbols 13.0)
[0m[NR_RRC] MeasurementReport Encoded 53 bits (7 bytes)
[0m[NR_RRC] MeasurementReport Encoded 53 bits (7 bytes)
[0m[NR_MAC] UE 0 RNTI 275b stats sfn: 0.0, cumulated bad DCI 0
    DL Chan: SSB 0 SINR 45.1 dB RSRP -36 dBm, RI 0 CQI: N/A
    DL harq: 810/0 avg code rate 0.1, avg bit/symbol 2.0, avg per TB: (nb RBs 6.2, nb symbols 11.6)
    UL harq: 4893/1 avg code rate 0.1, avg bit/symbol 2.0, avg per TB: (nb RBs 9.8, nb symbols 13.0)
[0m[NR_RRC] MeasurementReport Encoded 53 bits (7 bytes)
[0m[NR_MAC] UE 0 RNTI 275b stats sfn: 128.0, cumulated bad DCI 0
    DL Chan: SSB 0 SINR 45.1 dB RSRP -36 dBm, RI 0 CQI: N/A
    DL harq: 815/0 avg code rate 0.1, avg bit/symbol 2.0, avg per TB: (nb RBs 6.3, nb symbols 11.6)
    UL harq: 4928/1 avg code rate 0.1, avg bit/symbol 2.0, avg per TB: (nb RBs 9.9, nb symbols 13.0)
[0m[NR_RRC] MeasurementReport Encoded 53 bits (7 bytes)
[0m[NR_MAC] UE 0 RNTI 275b stats sfn: 256.0, cumulated bad DCI 0
    DL Chan: SSB 0 SINR 46.3 dB RSRP -36 dBm, RI 0 CQI: N/A
    DL harq: 821/0 avg code rate 0.1, avg bit/symbol 2.0, avg per TB: (nb RBs 6.3, nb symbols 11.6)
    UL harq: 4974/1 avg code rate 0.1, avg bit/symbol 2.0, avg per TB: (nb RBs 10.0, nb symbols 13.0)
[0m[NR_RRC] MeasurementReport Encoded 53 bits (7 bytes)
[0m[NR_MAC] UE 0 RNTI 275b stats sfn: 384.0, cumulated bad DCI 0
    DL Chan: SSB 0 SINR 46.3 dB RSRP -36 dBm, RI 0 CQI: N/A
    DL harq: 828/0 avg code rate 0.1, avg bit/symbol 2.0, avg per TB: (nb RBs 6.3, nb symbols 11.7)
    UL harq: 5020/1 avg code rate 0.1, avg bit/symbol 2.0, avg per TB: (nb RBs 10.2, nb symbols 13.0)
[0m[NR_RRC] MeasurementReport Encoded 53 bits (7 bytes)
[0m[NR_RRC] MeasurementReport Encoded 53 bits (7 bytes)
[0m[NR_MAC] UE 0 RNTI 275b stats sfn: 512.0, cumulated bad DCI 0
    DL Chan: SSB 0 SINR 45.1 dB RSRP -36 dBm, RI 0 CQI: N/A
    DL harq: 834/0 avg code rate 0.1, avg bit/symbol 2.0, avg per TB: (nb RBs 6.4, nb symbols 11.7)
    UL harq: 5055/1 avg code rate 0.1, avg bit/symbol 2.0, avg per TB: (nb RBs 10.3, nb symbols 13.0)
[0m[NR_RRC] MeasurementReport Encoded 53 bits (7 bytes)
[0m[NR_MAC] UE 0 RNTI 275b stats sfn: 640.0, cumulated bad DCI 0
    DL Chan: SSB 0 SINR 45.1 dB RSRP -36 dBm, RI 0 CQI: N/A
    DL harq: 839/0 avg code rate 0.1, avg bit/symbol 2.0, avg per TB: (nb RBs 6.4, nb symbols 11.7)
    UL harq: 5101/1 avg code rate 0.1, avg bit/symbol 2.0, avg per TB: (nb RBs 10.4, nb symbols 13.0)
[0m[NR_RRC] MeasurementReport Encoded 53 bits (7 bytes)
[0m[NR_MAC] UE 0 RNTI 275b stats sfn: 768.0, cumulated bad DCI 0
    DL Chan: SSB 0 SINR 45.1 dB RSRP -36 dBm, RI 0 CQI: N/A
    DL harq: 845/0 avg code rate 0.1, avg bit/symbol 2.0, avg per TB: (nb RBs 6.4, nb symbols 11.7)
    UL harq: 5136/1 avg code rate 0.1, avg bit/symbol 2.0, avg per TB: (nb RBs 10.5, nb symbols 13.0)
[0m[NR_RRC] MeasurementReport Encoded 53 bits (7 bytes)
[0m[NR_MAC] UE 0 RNTI 275b stats sfn: 896.0, cumulated bad DCI 0
    DL Chan: SSB 0 SINR 46.3 dB RSRP -36 dBm, RI 0 CQI: N/A
    DL harq: 853/0 avg code rate 0.1, avg bit/symbol 2.0, avg per TB: (nb RBs 6.5, nb symbols 11.7)
    UL harq: 5182/1 avg code rate 0.1, avg bit/symbol 2.0, avg per TB: (nb RBs 10.6, nb symbols 13.0)
[0m[NR_RRC] MeasurementReport Encoded 53 bits (7 bytes)
[0m[NR_RRC] [UE 0] 945:0 Decoding SI
[0m[32m[NR_RRC] Found SIB19
[0m[NR_RRC] Get EPOCHTIME: x:10, N:10, slot_endw:10, frame:946, subframe:0 , slot:0
[0m[NR_RRC] Epoch frame 946 ahead by 1 frames
[0m[NR_RRC] val430:240 s, T430:240010 ms, sib19_timer:120010 ms
[0m[NR_MAC] NTN Config Rxd. Epoch HFN: 35, Epoch SFN: 946, Epoch Subframe: 0, k_offset: 478ms, N_Common_Ta: 238.740000ms, drift: 0.000000µs/s, variant: 0.000000µs/s²
[0m[NR_MAC] Satellite orbital radius 42163999.800000 m, pos_sat_0 = {0.000000, 0.000000, 42163999.800000}, pos_sat_90 = {0.000000, 0.000000, 42163999.800000}
[0m[NR_MAC] Satellite velocity 0.000000 m/s, angular velocity = 0.000000e+00 rad/ms, vel_sat_0 = {0.000000, 0.000000, 0.000000}, vel_sat_90 = {0.000000, 0.000000, 0.000000}
[0m[PHY]    k_offset: 478ms, N_Common_Ta: 238.740000ms, drift: 0.000000µs/s, variant: 0.000000µs/s², timing_advance_ntn: 3667039 samples, DL Doppler shift: 0.000000kHz, UL Doppler shift: 0.000000kHz
[0m[NR_RRC] MeasurementReport Encoded 53 bits (7 bytes)
[0m[NR_MAC] UE 0 RNTI 275b stats sfn: 0.0, cumulated bad DCI 0
    DL Chan: SSB 0 SINR 46.3 dB RSRP -36 dBm, RI 0 CQI: N/A
    DL harq: 857/0 avg code rate 0.1, avg bit/symbol 2.0, avg per TB: (nb RBs 6.5, nb symbols 11.7)
    UL harq: 5228/1 avg code rate 0.1, avg bit/symbol 2.0, avg per TB: (nb RBs 10.8, nb symbols 13.0)
[0m[NR_RRC] MeasurementReport Encoded 53 bits (7 bytes)
[0m[NR_MAC] UE 0 RNTI 275b stats sfn: 128.0, cumulated bad DCI 0
    DL Chan: SSB 0 SINR 45.1 dB RSRP -36 dBm, RI 0 CQI: N/A
    DL harq: 863/0 avg code rate 0.1, avg bit/symbol 2.0, avg per TB: (nb RBs 6.5, nb symbols 11.7)
    UL harq: 5263/1 avg code rate 0.1, avg bit/symbol 2.0, avg per TB: (nb RBs 10.8, nb symbols 13.0)
[0m[NR_RRC] MeasurementReport Encoded 53 bits (7 bytes)
[0m[NR_MAC] UE 0 RNTI 275b stats sfn: 256.0, cumulated bad DCI 0
    DL Chan: SSB 0 SINR 46.3 dB RSRP -36 dBm, RI 0 CQI: N/A
    DL harq: 868/0 avg code rate 0.1, avg bit/symbol 2.0, avg per TB: (nb RBs 6.5, nb symbols 11.7)
    UL harq: 5309/1 avg code rate 0.1, avg bit/symbol 2.0, avg per TB: (nb RBs 11.0, nb symbols 13.0)
[0m[NR_RRC] MeasurementReport Encoded 53 bits (7 bytes)
[0m[NR_MAC] UE 0 RNTI 275b stats sfn: 384.0, cumulated bad DCI 0
    DL Chan: SSB 0 SINR 44.1 dB RSRP -36 dBm, RI 0 CQI: N/A
    DL harq: 874/0 avg code rate 0.1, avg bit/symbol 2.0, avg per TB: (nb RBs 6.6, nb symbols 11.7)
    UL harq: 5344/1 avg code rate 0.1, avg bit/symbol 2.0, avg per TB: (nb RBs 11.1, nb symbols 13.0)
[0m[NR_RRC] MeasurementReport Encoded 53 bits (7 bytes)
[0m[NR_MAC] UE 0 RNTI 275b stats sfn: 512.0, cumulated bad DCI 0
    DL Chan: SSB 0 SINR 44.1 dB RSRP -36 dBm, RI 0 CQI: N/A
    DL harq: 880/0 avg code rate 0.1, avg bit/symbol 2.0, avg per TB: (nb RBs 6.6, nb symbols 11.7)
    UL harq: 5390/1 avg code rate 0.1, avg bit/symbol 2.0, avg per TB: (nb RBs 11.2, nb symbols 13.0)
[0m[NR_RRC] MeasurementReport Encoded 53 bits (7 bytes)
[0m[NR_RRC] MeasurementReport Encoded 53 bits (7 bytes)
[0m[NR_MAC] UE 0 RNTI 275b stats sfn: 640.0, cumulated bad DCI 0
    DL Chan: SSB 0 SINR 45.1 dB RSRP -36 dBm, RI 0 CQI: N/A
    DL harq: 886/0 avg code rate 0.1, avg bit/symbol 2.0, avg per TB: (nb RBs 6.6, nb symbols 11.7)
    UL harq: 5436/1 avg code rate 0.1, avg bit/symbol 2.0, avg per TB: (nb RBs 11.3, nb symbols 13.0)
[0m[NR_RRC] MeasurementReport Encoded 53 bits (7 bytes)
[0m[NR_MAC] UE 0 RNTI 275b stats sfn: 768.0, cumulated bad DCI 0
    DL Chan: SSB 0 SINR 45.1 dB RSRP -36 dBm, RI 0 CQI: N/A
    DL harq: 891/0 avg code rate 0.1, avg bit/symbol 2.0, avg per TB: (nb RBs 6.7, nb symbols 11.7)
    UL harq: 5471/1 avg code rate 0.1, avg bit/symbol 2.0, avg per TB: (nb RBs 11.4, nb symbols 13.0)
[0m[NR_RRC] MeasurementReport Encoded 53 bits (7 bytes)
[0m[NR_MAC] UE 0 RNTI 275b stats sfn: 896.0, cumulated bad DCI 0
    DL Chan: SSB 0 SINR 45.1 dB RSRP -36 dBm, RI 0 CQI: N/A
    DL harq: 900/0 avg code rate 0.1, avg bit/symbol 2.0, avg per TB: (nb RBs 6.7, nb symbols 11.7)
    UL harq: 5517/1 avg code rate 0.1, avg bit/symbol 2.0, avg per TB: (nb RBs 11.5, nb symbols 13.0)
[0m[NR_RRC] MeasurementReport Encoded 53 bits (7 bytes)
[0m[NR_MAC] UE 0 RNTI 275b stats sfn: 0.0, cumulated bad DCI 0
    DL Chan: SSB 0 SINR 45.1 dB RSRP -36 dBm, RI 0 CQI: N/A
    DL harq: 905/0 avg code rate 0.1, avg bit/symbol 2.0, avg per TB: (nb RBs 6.7, nb symbols 11.7)
    UL harq: 5552/1 avg code rate 0.1, avg bit/symbol 2.0, avg per TB: (nb RBs 11.6, nb symbols 13.0)
[0m[NR_RRC] MeasurementReport Encoded 53 bits (7 bytes)
[0m[NR_RRC] MeasurementReport Encoded 53 bits (7 bytes)
[0m[NR_MAC] UE 0 RNTI 275b stats sfn: 128.0, cumulated bad DCI 0
    DL Chan: SSB 0 SINR 45.1 dB RSRP -36 dBm, RI 0 CQI: N/A
    DL harq: 913/0 avg code rate 0.1, avg bit/symbol 2.0, avg per TB: (nb RBs 6.8, nb symbols 11.7)
    UL harq: 5598/1 avg code rate 0.1, avg bit/symbol 2.0, avg per TB: (nb RBs 11.7, nb symbols 13.0)
[0m[NR_RRC] MeasurementReport Encoded 53 bits (7 bytes)
[0m[NR_MAC] UE 0 RNTI 275b stats sfn: 256.0, cumulated bad DCI 0
    DL Chan: SSB 0 SINR 45.1 dB RSRP -36 dBm, RI 0 CQI: N/A
    DL harq: 917/0 avg code rate 0.1, avg bit/symbol 2.0, avg per TB: (nb RBs 6.8, nb symbols 11.7)
    UL harq: 5642/1 avg code rate 0.1, avg bit/symbol 2.0, avg per TB: (nb RBs 11.8, nb symbols 13.0)
[0m[NR_RRC] MeasurementReport Encoded 53 bits (7 bytes)
[0m[NR_MAC] UE 0 RNTI 275b stats sfn: 384.0, cumulated bad DCI 0
    DL Chan: SSB 0 SINR 45.1 dB RSRP -36 dBm, RI 0 CQI: N/A
    DL harq: 925/0 avg code rate 0.1, avg bit/symbol 2.0, avg per TB: (nb RBs 6.8, nb symbols 11.7)
    UL harq: 5679/1 avg code rate 0.1, avg bit/symbol 2.0, avg per TB: (nb RBs 11.9, nb symbols 13.0)
[0m[NR_RRC] MeasurementReport Encoded 53 bits (7 bytes)
[0m[NR_MAC] UE 0 RNTI 275b stats sfn: 512.0, cumulated bad DCI 0
    DL Chan: SSB 0 SINR 46.3 dB RSRP -36 dBm, RI 0 CQI: N/A
    DL harq: 930/0 avg code rate 0.1, avg bit/symbol 2.0, avg per TB: (nb RBs 6.9, nb symbols 11.7)
    UL harq: 5725/1 avg code rate 0.1, avg bit/symbol 2.0, avg per TB: (nb RBs 12.0, nb symbols 13.0)
[0m[NR_RRC] MeasurementReport Encoded 53 bits (7 bytes)
[0m[NR_RRC] MeasurementReport Encoded 53 bits (7 bytes)
[0m[NR_MAC] UE 0 RNTI 275b stats sfn: 640.0, cumulated bad DCI 0
    DL Chan: SSB 0 SINR 46.3 dB RSRP -36 dBm, RI 0 CQI: N/A
    DL harq: 935/0 avg code rate 0.1, avg bit/symbol 2.0, avg per TB: (nb RBs 6.9, nb symbols 11.7)
    UL harq: 5760/1 avg code rate 0.1, avg bit/symbol 2.0, avg per TB: (nb RBs 12.1, nb symbols 13.0)
[0m[NR_RRC] MeasurementReport Encoded 53 bits (7 bytes)
[0m[NR_MAC] UE 0 RNTI 275b stats sfn: 768.0, cumulated bad DCI 0
    DL Chan: SSB 0 SINR 43.3 dB RSRP -36 dBm, RI 0 CQI: N/A
    DL harq: 941/0 avg code rate 0.1, avg bit/symbol 2.0, avg per TB: (nb RBs 6.9, nb symbols 11.7)
    UL harq: 5806/1 avg code rate 0.1, avg bit/symbol 2.0, avg per TB: (nb RBs 12.2, nb symbols 13.0)
[0m[NR_RRC] MeasurementReport Encoded 53 bits (7 bytes)
[0m[NR_MAC] UE 0 RNTI 275b stats sfn: 896.0, cumulated bad DCI 0
    DL Chan: SSB 0 SINR 45.1 dB RSRP -36 dBm, RI 0 CQI: N/A
    DL harq: 949/0 avg code rate 0.1, avg bit/symbol 2.0, avg per TB: (nb RBs 6.9, nb symbols 11.7)
    UL harq: 5848/1 avg code rate 0.1, avg bit/symbol 2.0, avg per TB: (nb RBs 12.3, nb symbols 13.0)
[0m[NR_RRC] MeasurementReport Encoded 53 bits (7 bytes)
[0m[NR_MAC] UE 0 RNTI 275b stats sfn: 0.0, cumulated bad DCI 0
    DL Chan: SSB 0 SINR 45.1 dB RSRP -36 dBm, RI 0 CQI: N/A
    DL harq: 953/0 avg code rate 0.1, avg bit/symbol 2.0, avg per TB: (nb RBs 6.9, nb symbols 11.7)
    UL harq: 5887/1 avg code rate 0.1, avg bit/symbol 2.0, avg per TB: (nb RBs 12.3, nb symbols 13.0)
[0m[NR_RRC] MeasurementReport Encoded 53 bits (7 bytes)
[0m[NR_RRC] MeasurementReport Encoded 53 bits (7 bytes)
[0m[NR_MAC] UE 0 RNTI 275b stats sfn: 128.0, cumulated bad DCI 0
    DL Chan: SSB 0 SINR 46.3 dB RSRP -36 dBm, RI 0 CQI: N/A
    DL harq: 960/0 avg code rate 0.1, avg bit/symbol 2.0, avg per TB: (nb RBs 6.9, nb symbols 11.7)
    UL harq: 5933/1 avg code rate 0.1, avg bit/symbol 2.0, avg per TB: (nb RBs 12.4, nb symbols 13.0)
[0m[NR_RRC] MeasurementReport Encoded 53 bits (7 bytes)
[0m[NR_MAC] UE 0 RNTI 275b stats sfn: 256.0, cumulated bad DCI 0
    DL Chan: SSB 0 SINR 46.3 dB RSRP -36 dBm, RI 0 CQI: N/A
    DL harq: 965/0 avg code rate 0.1, avg bit/symbol 2.0, avg per TB: (nb RBs 7.0, nb symbols 11.7)
    UL harq: 5968/1 avg code rate 0.1, avg bit/symbol 2.0, avg per TB: (nb RBs 12.5, nb symbols 13.0)
[0m[NR_RRC] MeasurementReport Encoded 53 bits (7 bytes)
[0m[NR_MAC] UE 0 RNTI 275b stats sfn: 384.0, cumulated bad DCI 0
    DL Chan: SSB 0 SINR 44.1 dB RSRP -36 dBm, RI 0 CQI: N/A
    DL harq: 973/0 avg code rate 0.1, avg bit/symbol 2.0, avg per TB: (nb RBs 7.0, nb symbols 11.7)
    UL harq: 6014/1 avg code rate 0.1, avg bit/symbol 2.0, avg per TB: (nb RBs 12.6, nb symbols 13.0)
[0m[NR_RRC] MeasurementReport Encoded 53 bits (7 bytes)
[0m[NR_MAC] UE 0 RNTI 275b stats sfn: 512.0, cumulated bad DCI 0
    DL Chan: SSB 0 SINR 44.1 dB RSRP -36 dBm, RI 0 CQI: N/A
    DL harq: 977/0 avg code rate 0.1, avg bit/symbol 2.0, avg per TB: (nb RBs 7.0, nb symbols 11.7)
    UL harq: 6053/1 avg code rate 0.1, avg bit/symbol 2.0, avg per TB: (nb RBs 12.7, nb symbols 13.0)
[0m[NR_RRC] MeasurementReport Encoded 53 bits (7 bytes)
[0m[NR_RRC] MeasurementReport Encoded 53 bits (7 bytes)
[0m[NR_MAC] UE 0 RNTI 275b stats sfn: 640.0, cumulated bad DCI 0
    DL Chan: SSB 0 SINR 46.3 dB RSRP -36 dBm, RI 0 CQI: N/A
    DL harq: 985/0 avg code rate 0.1, avg bit/symbol 2.0, avg per TB: (nb RBs 7.0, nb symbols 11.7)
    UL harq: 6095/1 avg code rate 0.1, avg bit/symbol 2.0, avg per TB: (nb RBs 12.8, nb symbols 13.0)
[0m[NR_RRC] MeasurementReport Encoded 53 bits (7 bytes)
[0m[NR_MAC] UE 0 RNTI 275b stats sfn: 768.0, cumulated bad DCI 0
    DL Chan: SSB 0 SINR 46.3 dB RSRP -36 dBm, RI 0 CQI: N/A
    DL harq: 991/0 avg code rate 0.1, avg bit/symbol 2.0, avg per TB: (nb RBs 7.0, nb symbols 11.7)
    UL harq: 6141/1 avg code rate 0.1, avg bit/symbol 2.0, avg per TB: (nb RBs 12.9, nb symbols 13.0)
[0m[1;31m[NR_MAC] Error in ul config consistency, clearing it slot 0
[0m[NR_RRC] MeasurementReport Encoded 53 bits (7 bytes)
[0m[NR_MAC] UE 0 RNTI 275b stats sfn: 896.0, cumulated bad DCI 0
    DL Chan: SSB 0 SINR 46.3 dB RSRP -36 dBm, RI 0 CQI: N/A
    DL harq: 996/0 avg code rate 0.1, avg bit/symbol 2.0, avg per TB: (nb RBs 7.0, nb symbols 11.7)
    UL harq: 6175/2 avg code rate 0.1, avg bit/symbol 2.0, avg per TB: (nb RBs 12.9, nb symbols 13.0)
[0m[NR_RRC] MeasurementReport Encoded 53 bits (7 bytes)
[0m[NR_MAC] UE 0 RNTI 275b stats sfn: 0.0, cumulated bad DCI 0
    DL Chan: SSB 0 SINR 44.1 dB RSRP -36 dBm, RI 0 CQI: N/A
    DL harq: 1003/0 avg code rate 0.1, avg bit/symbol 2.0, avg per TB: (nb RBs 7.1, nb symbols 11.7)
    UL harq: 6221/2 avg code rate 0.1, avg bit/symbol 2.0, avg per TB: (nb RBs 13.0, nb symbols 13.0)
[0m[NR_RRC] MeasurementReport Encoded 53 bits (7 bytes)
[0m[NR_RRC] MeasurementReport Encoded 53 bits (7 bytes)
[0m[NR_MAC] UE 0 RNTI 275b stats sfn: 128.0, cumulated bad DCI 0
    DL Chan: SSB 0 SINR 46.3 dB RSRP -36 dBm, RI 0 CQI: N/A
    DL harq: 1008/0 avg code rate 0.1, avg bit/symbol 2.0, avg per TB: (nb RBs 7.1, nb symbols 11.7)
    UL harq: 6259/2 avg code rate 0.1, avg bit/symbol 2.0, avg per TB: (nb RBs 13.1, nb symbols 13.0)
[0m[NR_RRC] MeasurementReport Encoded 53 bits (7 bytes)
[0m[NR_MAC] UE 0 RNTI 275b stats sfn: 256.0, cumulated bad DCI 0
    DL Chan: SSB 0 SINR 45.1 dB RSRP -36 dBm, RI 0 CQI: N/A
    DL harq: 1012/0 avg code rate 0.1, avg bit/symbol 2.0, avg per TB: (nb RBs 7.1, nb symbols 11.7)
    UL harq: 6302/2 avg code rate 0.1, avg bit/symbol 2.0, avg per TB: (nb RBs 13.2, nb symbols 13.0)
[0m[NR_RRC] MeasurementReport Encoded 53 bits (7 bytes)
[0m[NR_MAC] UE 0 RNTI 275b stats sfn: 384.0, cumulated bad DCI 0
    DL Chan: SSB 0 SINR 46.3 dB RSRP -36 dBm, RI 0 CQI: N/A
    DL harq: 1019/0 avg code rate 0.1, avg bit/symbol 2.0, avg per TB: (nb RBs 7.1, nb symbols 11.7)
    UL harq: 6348/2 avg code rate 0.1, avg bit/symbol 2.0, avg per TB: (nb RBs 13.2, nb symbols 13.0)
[0m[NR_RRC] MeasurementReport Encoded 53 bits (7 bytes)
[0m[NR_MAC] UE 0 RNTI 275b stats sfn: 512.0, cumulated bad DCI 0
    DL Chan: SSB 0 SINR 46.3 dB RSRP -36 dBm, RI 0 CQI: N/A
    DL harq: 1024/0 avg code rate 0.1, avg bit/symbol 2.0, avg per TB: (nb RBs 7.1, nb symbols 11.7)
    UL harq: 6383/2 avg code rate 0.1, avg bit/symbol 2.0, avg per TB: (nb RBs 13.3, nb symbols 13.0)
[0m[NR_RRC] MeasurementReport Encoded 53 bits (7 bytes)
[0m[NR_RRC] MeasurementReport Encoded 53 bits (7 bytes)
[0m[NR_MAC] UE 0 RNTI 275b stats sfn: 640.0, cumulated bad DCI 0
    DL Chan: SSB 0 SINR 46.3 dB RSRP -36 dBm, RI 0 CQI: N/A
    DL harq: 1029/0 avg code rate 0.1, avg bit/symbol 2.0, avg per TB: (nb RBs 7.1, nb symbols 11.7)
    UL harq: 6429/2 avg code rate 0.1, avg bit/symbol 2.0, avg per TB: (nb RBs 13.4, nb symbols 13.0)
[0m[NR_RRC] MeasurementReport Encoded 53 bits (7 bytes)
[0m[NR_MAC] UE 0 RNTI 275b stats sfn: 768.0, cumulated bad DCI 0
    DL Chan: SSB 0 SINR 46.3 dB RSRP -36 dBm, RI 0 CQI: N/A
    DL harq: 1034/0 avg code rate 0.1, avg bit/symbol 2.0, avg per TB: (nb RBs 7.1, nb symbols 11.7)
    UL harq: 6465/2 avg code rate 0.1, avg bit/symbol 2.0, avg per TB: (nb RBs 13.5, nb symbols 13.0)
[0m[NR_RRC] MeasurementReport Encoded 53 bits (7 bytes)
[0m[NR_MAC] UE 0 RNTI 275b stats sfn: 896.0, cumulated bad DCI 0
    DL Chan: SSB 0 SINR 46.3 dB RSRP -36 dBm, RI 0 CQI: N/A
    DL harq: 1041/0 avg code rate 0.1, avg bit/symbol 2.0, avg per TB: (nb RBs 7.2, nb symbols 11.7)
    UL harq: 6510/2 avg code rate 0.1, avg bit/symbol 2.0, avg per TB: (nb RBs 13.5, nb symbols 13.0)
[0m[NR_RRC] MeasurementReport Encoded 53 bits (7 bytes)
[0m[NR_MAC] UE 0 RNTI 275b stats sfn: 0.0, cumulated bad DCI 0
    DL Chan: SSB 0 SINR 44.1 dB RSRP -36 dBm, RI 0 CQI: N/A
    DL harq: 1046/0 avg code rate 0.1, avg bit/symbol 2.0, avg per TB: (nb RBs 7.2, nb symbols 11.7)
    UL harq: 6556/2 avg code rate 0.1, avg bit/symbol 2.0, avg per TB: (nb RBs 13.6, nb symbols 13.0)
[0m[NR_RRC] MeasurementReport Encoded 53 bits (7 bytes)
[0m[NR_RRC] MeasurementReport Encoded 53 bits (7 bytes)
[0m[NR_MAC] UE 0 RNTI 275b stats sfn: 128.0, cumulated bad DCI 0
    DL Chan: SSB 0 SINR 45.1 dB RSRP -36 dBm, RI 0 CQI: N/A
    DL harq: 1051/0 avg code rate 0.1, avg bit/symbol 2.0, avg per TB: (nb RBs 7.2, nb symbols 11.7)
    UL harq: 6591/2 avg code rate 0.1, avg bit/symbol 2.0, avg per TB: (nb RBs 13.7, nb symbols 13.0)
[0m[NR_RRC] MeasurementReport Encoded 53 bits (7 bytes)
[0m[NR_MAC] UE 0 RNTI 275b stats sfn: 256.0, cumulated bad DCI 0
    DL Chan: SSB 0 SINR 46.3 dB RSRP -36 dBm, RI 0 CQI: N/A
    DL harq: 1068/0 avg code rate 0.1, avg bit/symbol 2.0, avg per TB: (nb RBs 7.3, nb symbols 11.7)
    UL harq: 6629/2 avg code rate 0.1, avg bit/symbol 2.0, avg per TB: (nb RBs 13.7, nb symbols 13.0)
[0m[1;31m[NR_MAC] Error in ul config consistency, clearing it slot 9
[0m[1;31m[NR_MAC] Error in ul config consistency, clearing it slot 7
[0m[NR_RRC] MeasurementReport Encoded 53 bits (7 bytes)
[0m[1;31m[NR_MAC] Error in ul config consistency, clearing it slot 0
[0m[NR_MAC] UE 0 RNTI 275b stats sfn: 384.0, cumulated bad DCI 0
    DL Chan: SSB 0 SINR 45.1 dB RSRP -36 dBm, RI 0 CQI: N/A
    DL harq: 1073/0 avg code rate 0.1, avg bit/symbol 2.0, avg per TB: (nb RBs 7.3, nb symbols 11.7)
    UL harq: 6645/4 avg code rate 0.1, avg bit/symbol 2.0, avg per TB: (nb RBs 13.7, nb symbols 13.0)
[0m[NR_RRC] MeasurementReport Encoded 53 bits (7 bytes)
[0m[NR_MAC] UE 0 RNTI 275b stats sfn: 512.0, cumulated bad DCI 0
    DL Chan: SSB 0 SINR 48.1 dB RSRP -36 dBm, RI 0 CQI: N/A
    DL harq: 1076/0 avg code rate 0.1, avg bit/symbol 2.0, avg per TB: (nb RBs 7.3, nb symbols 11.7)
    UL harq: 6657/5 avg code rate 0.1, avg bit/symbol 2.0, avg per TB: (nb RBs 13.7, nb symbols 13.0)
[0m[NR_RRC] MeasurementReport Encoded 53 bits (7 bytes)
[0m[NR_MAC] UE 0 RNTI 275b stats sfn: 640.0, cumulated bad DCI 0
    DL Chan: SSB 0 SINR 46.3 dB RSRP -36 dBm, RI 0 CQI: N/A
    DL harq: 1078/0 avg code rate 0.1, avg bit/symbol 2.0, avg per TB: (nb RBs 7.3, nb symbols 11.7)
    UL harq: 6672/5 avg code rate 0.1, avg bit/symbol 2.0, avg per TB: (nb RBs 13.7, nb symbols 13.0)
[0m[NR_RRC] MeasurementReport Encoded 53 bits (7 bytes)
[0m[NR_RRC] MeasurementReport Encoded 53 bits (7 bytes)
[0m[NR_MAC] UE 0 RNTI 275b stats sfn: 768.0, cumulated bad DCI 0
    DL Chan: SSB 0 SINR 45.1 dB RSRP -36 dBm, RI 0 CQI: N/A
    DL harq: 1080/0 avg code rate 0.1, avg bit/symbol 2.0, avg per TB: (nb RBs 7.3, nb symbols 11.7)
    UL harq: 6687/5 avg code rate 0.1, avg bit/symbol 2.0, avg per TB: (nb RBs 13.7, nb symbols 13.0)
[0m[NR_RRC] MeasurementReport Encoded 53 bits (7 bytes)
[0m[NR_MAC] UE 0 RNTI 275b stats sfn: 896.0, cumulated bad DCI 0
    DL Chan: SSB 0 SINR 45.1 dB RSRP -36 dBm, RI 0 CQI: N/A
    DL harq: 1083/0 avg code rate 0.1, avg bit/symbol 2.0, avg per TB: (nb RBs 7.3, nb symbols 11.7)
    UL harq: 6702/5 avg code rate 0.1, avg bit/symbol 2.0, avg per TB: (nb RBs 13.6, nb symbols 13.0)
[0m[NR_RRC] MeasurementReport Encoded 53 bits (7 bytes)
[0m[NR_MAC] UE 0 RNTI 275b stats sfn: 0.0, cumulated bad DCI 0
    DL Chan: SSB 0 SINR 45.1 dB RSRP -36 dBm, RI 0 CQI: N/A
    DL harq: 1086/0 avg code rate 0.1, avg bit/symbol 2.0, avg per TB: (nb RBs 7.3, nb symbols 11.7)
    UL harq: 6718/5 avg code rate 0.1, avg bit/symbol 2.0, avg per TB: (nb RBs 13.6, nb symbols 13.0)
[0m[NR_RRC] MeasurementReport Encoded 53 bits (7 bytes)
[0m[NR_MAC] UE 0 RNTI 275b stats sfn: 128.0, cumulated bad DCI 0
    DL Chan: SSB 0 SINR 46.3 dB RSRP -36 dBm, RI 0 CQI: N/A
    DL harq: 1088/0 avg code rate 0.1, avg bit/symbol 2.0, avg per TB: (nb RBs 7.3, nb symbols 11.7)
    UL harq: 6733/5 avg code rate 0.1, avg bit/symbol 2.0, avg per TB: (nb RBs 13.6, nb symbols 13.0)
[0m[NR_RRC] MeasurementReport Encoded 53 bits (7 bytes)
[0m[NR_RRC] MeasurementReport Encoded 53 bits (7 bytes)
[0m[NR_MAC] UE 0 RNTI 275b stats sfn: 256.0, cumulated bad DCI 0
    DL Chan: SSB 0 SINR 45.1 dB RSRP -36 dBm, RI 0 CQI: N/A
    DL harq: 1091/0 avg code rate 0.1, avg bit/symbol 2.0, avg per TB: (nb RBs 7.2, nb symbols 11.7)
    UL harq: 6746/5 avg code rate 0.1, avg bit/symbol 2.0, avg per TB: (nb RBs 13.6, nb symbols 13.0)
[0m[NR_RRC] MeasurementReport Encoded 53 bits (7 bytes)
[0m[NR_MAC] UE 0 RNTI 275b stats sfn: 384.0, cumulated bad DCI 0
    DL Chan: SSB 0 SINR 45.1 dB RSRP -36 dBm, RI 0 CQI: N/A
    DL harq: 1093/0 avg code rate 0.1, avg bit/symbol 2.0, avg per TB: (nb RBs 7.2, nb symbols 11.7)
    UL harq: 6760/5 avg code rate 0.1, avg bit/symbol 2.0, avg per TB: (nb RBs 13.6, nb symbols 13.0)
[0m[NR_RRC] MeasurementReport Encoded 53 bits (7 bytes)
[0m[NR_MAC] UE 0 RNTI 275b stats sfn: 512.0, cumulated bad DCI 0
    DL Chan: SSB 0 SINR 44.1 dB RSRP -36 dBm, RI 0 CQI: N/A
    DL harq: 1096/0 avg code rate 0.1, avg bit/symbol 2.0, avg per TB: (nb RBs 7.2, nb symbols 11.7)
    UL harq: 6776/5 avg code rate 0.1, avg bit/symbol 2.0, avg per TB: (nb RBs 13.5, nb symbols 13.0)
[0m[NR_RRC] MeasurementReport Encoded 53 bits (7 bytes)
[0m[NR_MAC] UE 0 RNTI 275b stats sfn: 640.0, cumulated bad DCI 0
    DL Chan: SSB 0 SINR 44.1 dB RSRP -36 dBm, RI 0 CQI: N/A
    DL harq: 1098/0 avg code rate 0.1, avg bit/symbol 2.0, avg per TB: (nb RBs 7.2, nb symbols 11.7)
    UL harq: 6791/5 avg code rate 0.1, avg bit/symbol 2.0, avg per TB: (nb RBs 13.5, nb symbols 13.0)
[0m[NR_RRC] MeasurementReport Encoded 53 bits (7 bytes)
[0m[NR_RRC] MeasurementReport Encoded 53 bits (7 bytes)
[0m[NR_MAC] UE 0 RNTI 275b stats sfn: 768.0, cumulated bad DCI 0
    DL Chan: SSB 0 SINR 44.1 dB RSRP -36 dBm, RI 0 CQI: N/A
    DL harq: 1101/0 avg code rate 0.1, avg bit/symbol 2.0, avg per TB: (nb RBs 7.2, nb symbols 11.7)
    UL harq: 6805/5 avg code rate 0.1, avg bit/symbol 2.0, avg per TB: (nb RBs 13.5, nb symbols 13.0)
[0m[NR_RRC] MeasurementReport Encoded 53 bits (7 bytes)
[0m[NR_MAC] UE 0 RNTI 275b stats sfn: 896.0, cumulated bad DCI 0
    DL Chan: SSB 0 SINR 45.1 dB RSRP -36 dBm, RI 0 CQI: N/A
    DL harq: 1103/0 avg code rate 0.1, avg bit/symbol 2.0, avg per TB: (nb RBs 7.2, nb symbols 11.7)
    UL harq: 6819/5 avg code rate 0.1, avg bit/symbol 2.0, avg per TB: (nb RBs 13.5, nb symbols 13.0)
[0m[NR_RRC] MeasurementReport Encoded 53 bits (7 bytes)
[0m[NR_MAC] UE 0 RNTI 275b stats sfn: 0.0, cumulated bad DCI 0
    DL Chan: SSB 0 SINR 45.1 dB RSRP -36 dBm, RI 0 CQI: N/A
    DL harq: 1106/0 avg code rate 0.1, avg bit/symbol 2.0, avg per TB: (nb RBs 7.2, nb symbols 11.7)
    UL harq: 6836/5 avg code rate 0.1, avg bit/symbol 2.0, avg per TB: (nb RBs 13.5, nb symbols 13.0)
[0m[NR_RRC] MeasurementReport Encoded 53 bits (7 bytes)
[0m[NR_MAC] UE 0 RNTI 275b stats sfn: 128.0, cumulated bad DCI 0
    DL Chan: SSB 0 SINR 46.3 dB RSRP -36 dBm, RI 0 CQI: N/A
    DL harq: 1109/0 avg code rate 0.1, avg bit/symbol 2.0, avg per TB: (nb RBs 7.2, nb symbols 11.7)
    UL harq: 6850/5 avg code rate 0.1, avg bit/symbol 2.0, avg per TB: (nb RBs 13.5, nb symbols 13.0)
[0m[NR_RRC] MeasurementReport Encoded 53 bits (7 bytes)
[0m[NR_RRC] MeasurementReport Encoded 53 bits (7 bytes)
[0m[NR_MAC] UE 0 RNTI 275b stats sfn: 256.0, cumulated bad DCI 0
    DL Chan: SSB 0 SINR 46.3 dB RSRP -36 dBm, RI 0 CQI: N/A
    DL harq: 1111/0 avg code rate 0.1, avg bit/symbol 2.0, avg per TB: (nb RBs 7.2, nb symbols 11.7)
    UL harq: 6865/5 avg code rate 0.1, avg bit/symbol 2.0, avg per TB: (nb RBs 13.4, nb symbols 13.0)
[0m[NR_RRC] MeasurementReport Encoded 53 bits (7 bytes)
[0m[NR_MAC] UE 0 RNTI 275b stats sfn: 384.0, cumulated bad DCI 0
    DL Chan: SSB 0 SINR 46.3 dB RSRP -36 dBm, RI 0 CQI: N/A
    DL harq: 1113/0 avg code rate 0.1, avg bit/symbol 2.0, avg per TB: (nb RBs 7.2, nb symbols 11.7)
    UL harq: 6880/5 avg code rate 0.1, avg bit/symbol 2.0, avg per TB: (nb RBs 13.4, nb symbols 13.0)
[0m[NR_RRC] MeasurementReport Encoded 53 bits (7 bytes)
[0m[NR_MAC] UE 0 RNTI 275b stats sfn: 512.0, cumulated bad DCI 0
    DL Chan: SSB 0 SINR 46.3 dB RSRP -36 dBm, RI 0 CQI: N/A
    DL harq: 1115/0 avg code rate 0.1, avg bit/symbol 2.0, avg per TB: (nb RBs 7.2, nb symbols 11.7)
    UL harq: 6894/5 avg code rate 0.1, avg bit/symbol 2.0, avg per TB: (nb RBs 13.4, nb symbols 13.0)
[0m[NR_RRC] MeasurementReport Encoded 53 bits (7 bytes)
[0m[NR_MAC] UE 0 RNTI 275b stats sfn: 640.0, cumulated bad DCI 0
    DL Chan: SSB 0 SINR 45.1 dB RSRP -36 dBm, RI 0 CQI: N/A
    DL harq: 1119/0 avg code rate 0.1, avg bit/symbol 2.0, avg per TB: (nb RBs 7.2, nb symbols 11.7)
    UL harq: 6909/5 avg code rate 0.1, avg bit/symbol 2.0, avg per TB: (nb RBs 13.4, nb symbols 13.0)
[0m[NR_RRC] MeasurementReport Encoded 53 bits (7 bytes)
[0m[NR_RRC] MeasurementReport Encoded 53 bits (7 bytes)
[0m[NR_MAC] UE 0 RNTI 275b stats sfn: 768.0, cumulated bad DCI 0
    DL Chan: SSB 0 SINR 45.1 dB RSRP -36 dBm, RI 0 CQI: N/A
    DL harq: 1121/0 avg code rate 0.1, avg bit/symbol 2.0, avg per TB: (nb RBs 7.2, nb symbols 11.7)
    UL harq: 6924/5 avg code rate 0.1, avg bit/symbol 2.0, avg per TB: (nb RBs 13.4, nb symbols 13.0)
[0m[NR_RRC] MeasurementReport Encoded 53 bits (7 bytes)
[0m[NR_MAC] UE 0 RNTI 275b stats sfn: 896.0, cumulated bad DCI 0
    DL Chan: SSB 0 SINR 45.1 dB RSRP -36 dBm, RI 0 CQI: N/A
    DL harq: 1123/0 avg code rate 0.1, avg bit/symbol 2.0, avg per TB: (nb RBs 7.2, nb symbols 11.7)
    UL harq: 6938/5 avg code rate 0.1, avg bit/symbol 2.0, avg per TB: (nb RBs 13.3, nb symbols 13.0)
[0m[NR_RRC] MeasurementReport Encoded 53 bits (7 bytes)
[0m[NR_MAC] UE 0 RNTI 275b stats sfn: 0.0, cumulated bad DCI 0
    DL Chan: SSB 0 SINR 44.1 dB RSRP -36 dBm, RI 0 CQI: N/A
    DL harq: 1126/0 avg code rate 0.1, avg bit/symbol 2.0, avg per TB: (nb RBs 7.2, nb symbols 11.7)
    UL harq: 6954/5 avg code rate 0.1, avg bit/symbol 2.0, avg per TB: (nb RBs 13.3, nb symbols 13.0)
[0m[NR_RRC] MeasurementReport Encoded 53 bits (7 bytes)
[0m[NR_MAC] UE 0 RNTI 275b stats sfn: 128.0, cumulated bad DCI 0
    DL Chan: SSB 0 SINR 44.1 dB RSRP -36 dBm, RI 0 CQI: N/A
    DL harq: 1129/0 avg code rate 0.1, avg bit/symbol 2.0, avg per TB: (nb RBs 7.2, nb symbols 11.7)
    UL harq: 6968/5 avg code rate 0.1, avg bit/symbol 2.0, avg per TB: (nb RBs 13.3, nb symbols 13.0)
[0m[NR_RRC] MeasurementReport Encoded 53 bits (7 bytes)
[0m[NR_RRC] MeasurementReport Encoded 53 bits (7 bytes)
[0m[NR_MAC] UE 0 RNTI 275b stats sfn: 256.0, cumulated bad DCI 0
    DL Chan: SSB 0 SINR 45.1 dB RSRP -36 dBm, RI 0 CQI: N/A
    DL harq: 1131/0 avg code rate 0.1, avg bit/symbol 2.0, avg per TB: (nb RBs 7.2, nb symbols 11.7)
    UL harq: 6983/5 avg code rate 0.1, avg bit/symbol 2.0, avg per TB: (nb RBs 13.3, nb symbols 13.0)
[0m[NR_RRC] MeasurementReport Encoded 53 bits (7 bytes)
[0m[NR_MAC] UE 0 RNTI 275b stats sfn: 384.0, cumulated bad DCI 0
    DL Chan: SSB 0 SINR 46.3 dB RSRP -36 dBm, RI 0 CQI: N/A
    DL harq: 1133/0 avg code rate 0.1, avg bit/symbol 2.0, avg per TB: (nb RBs 7.2, nb symbols 11.7)
    UL harq: 6997/5 avg code rate 0.1, avg bit/symbol 2.0, avg per TB: (nb RBs 13.3, nb symbols 13.0)
[0m[NR_RRC] MeasurementReport Encoded 53 bits (7 bytes)
[0m[NR_MAC] UE 0 RNTI 275b stats sfn: 512.0, cumulated bad DCI 0
    DL Chan: SSB 0 SINR 46.3 dB RSRP -36 dBm, RI 0 CQI: N/A
    DL harq: 1136/0 avg code rate 0.1, avg bit/symbol 2.0, avg per TB: (nb RBs 7.2, nb symbols 11.7)
    UL harq: 7013/5 avg code rate 0.1, avg bit/symbol 2.0, avg per TB: (nb RBs 13.3, nb symbols 13.0)
[0m[NR_RRC] MeasurementReport Encoded 53 bits (7 bytes)
[0m[NR_MAC] UE 0 RNTI 275b stats sfn: 640.0, cumulated bad DCI 0
    DL Chan: SSB 0 SINR 44.1 dB RSRP -36 dBm, RI 0 CQI: N/A
    DL harq: 1139/0 avg code rate 0.1, avg bit/symbol 2.0, avg per TB: (nb RBs 7.2, nb symbols 11.7)
    UL harq: 7028/5 avg code rate 0.1, avg bit/symbol 2.0, avg per TB: (nb RBs 13.2, nb symbols 13.0)
[0m[NR_RRC] MeasurementReport Encoded 53 bits (7 bytes)
[0m[NR_RRC] MeasurementReport Encoded 53 bits (7 bytes)
[0m[NR_MAC] UE 0 RNTI 275b stats sfn: 768.0, cumulated bad DCI 0
    DL Chan: SSB 0 SINR 46.3 dB RSRP -36 dBm, RI 0 CQI: N/A
    DL harq: 1141/0 avg code rate 0.1, avg bit/symbol 2.0, avg per TB: (nb RBs 7.1, nb symbols 11.7)
    UL harq: 7041/5 avg code rate 0.1, avg bit/symbol 2.0, avg per TB: (nb RBs 13.2, nb symbols 13.0)
[0m[NR_RRC] MeasurementReport Encoded 53 bits (7 bytes)
[0m[NR_MAC] UE 0 RNTI 275b stats sfn: 896.0, cumulated bad DCI 0
    DL Chan: SSB 0 SINR 43.3 dB RSRP -36 dBm, RI 0 CQI: N/A
    DL harq: 1143/0 avg code rate 0.1, avg bit/symbol 2.0, avg per TB: (nb RBs 7.1, nb symbols 11.7)
    UL harq: 7056/5 avg code rate 0.1, avg bit/symbol 2.0, avg per TB: (nb RBs 13.2, nb symbols 13.0)
[0m[NR_RRC] MeasurementReport Encoded 53 bits (7 bytes)
[0m[NR_MAC] UE 0 RNTI 275b stats sfn: 0.0, cumulated bad DCI 0
    DL Chan: SSB 0 SINR 44.1 dB RSRP -36 dBm, RI 0 CQI: N/A
    DL harq: 1146/0 avg code rate 0.1, avg bit/symbol 2.0, avg per TB: (nb RBs 7.1, nb symbols 11.7)
    UL harq: 7073/5 avg code rate 0.1, avg bit/symbol 2.0, avg per TB: (nb RBs 13.2, nb symbols 13.0)
[0m[NR_RRC] MeasurementReport Encoded 53 bits (7 bytes)
[0m[NR_MAC] UE 0 RNTI 275b stats sfn: 128.0, cumulated bad DCI 0
    DL Chan: SSB 0 SINR 44.1 dB RSRP -36 dBm, RI 0 CQI: N/A
    DL harq: 1149/0 avg code rate 0.1, avg bit/symbol 2.0, avg per TB: (nb RBs 7.1, nb symbols 11.7)
    UL harq: 7087/5 avg code rate 0.1, avg bit/symbol 2.0, avg per TB: (nb RBs 13.2, nb symbols 13.0)
[0m[NR_RRC] MeasurementReport Encoded 53 bits (7 bytes)
[0m[NR_RRC] MeasurementReport Encoded 53 bits (7 bytes)
[0m[NR_MAC] UE 0 RNTI 275b stats sfn: 256.0, cumulated bad DCI 0
    DL Chan: SSB 0 SINR 46.3 dB RSRP -36 dBm, RI 0 CQI: N/A
    DL harq: 1151/0 avg code rate 0.1, avg bit/symbol 2.0, avg per TB: (nb RBs 7.1, nb symbols 11.7)
    UL harq: 7102/5 avg code rate 0.1, avg bit/symbol 2.0, avg per TB: (nb RBs 13.2, nb symbols 13.0)
[0m[NR_RRC] MeasurementReport Encoded 53 bits (7 bytes)
[0m[NR_MAC] UE 0 RNTI 275b stats sfn: 384.0, cumulated bad DCI 0
    DL Chan: SSB 0 SINR 44.1 dB RSRP -36 dBm, RI 0 CQI: N/A
    DL harq: 1154/0 avg code rate 0.1, avg bit/symbol 2.0, avg per TB: (nb RBs 7.1, nb symbols 11.8)
    UL harq: 7116/5 avg code rate 0.1, avg bit/symbol 2.0, avg per TB: (nb RBs 13.1, nb symbols 13.0)
[0m[NR_RRC] MeasurementReport Encoded 53 bits (7 bytes)
[0m[NR_MAC] UE 0 RNTI 275b stats sfn: 512.0, cumulated bad DCI 0
    DL Chan: SSB 0 SINR 44.1 dB RSRP -36 dBm, RI 0 CQI: N/A
    DL harq: 1156/0 avg code rate 0.1, avg bit/symbol 2.0, avg per TB: (nb RBs 7.1, nb symbols 11.8)
    UL harq: 7130/5 avg code rate 0.1, avg bit/symbol 2.0, avg per TB: (nb RBs 13.1, nb symbols 13.0)
[0m[NR_RRC] MeasurementReport Encoded 53 bits (7 bytes)
[0m[NR_MAC] UE 0 RNTI 275b stats sfn: 640.0, cumulated bad DCI 0
    DL Chan: SSB 0 SINR 46.3 dB RSRP -36 dBm, RI 0 CQI: N/A
    DL harq: 1159/0 avg code rate 0.1, avg bit/symbol 2.0, avg per TB: (nb RBs 7.1, nb symbols 11.8)
    UL harq: 7146/5 avg code rate 0.1, avg bit/symbol 2.0, avg per TB: (nb RBs 13.1, nb symbols 13.0)
[0m[NR_RRC] MeasurementReport Encoded 53 bits (7 bytes)
[0m[NR_RRC] MeasurementReport Encoded 53 bits (7 bytes)
[0m[NR_MAC] UE 0 RNTI 275b stats sfn: 768.0, cumulated bad DCI 0
    DL Chan: SSB 0 SINR 46.3 dB RSRP -36 dBm, RI 0 CQI: N/A
    DL harq: 1161/0 avg code rate 0.1, avg bit/symbol 2.0, avg per TB: (nb RBs 7.1, nb symbols 11.8)
    UL harq: 7161/5 avg code rate 0.1, avg bit/symbol 2.0, avg per TB: (nb RBs 13.1, nb symbols 13.0)
[0m[NR_RRC] MeasurementReport Encoded 53 bits (7 bytes)
[0m[NR_MAC] UE 0 RNTI 275b stats sfn: 896.0, cumulated bad DCI 0
    DL Chan: SSB 0 SINR 45.1 dB RSRP -36 dBm, RI 0 CQI: N/A
    DL harq: 1164/0 avg code rate 0.1, avg bit/symbol 2.0, avg per TB: (nb RBs 7.1, nb symbols 11.8)
    UL harq: 7176/5 avg code rate 0.1, avg bit/symbol 2.0, avg per TB: (nb RBs 13.1, nb symbols 13.0)
[0m[NR_RRC] MeasurementReport Encoded 53 bits (7 bytes)
[0m[NR_MAC] UE 0 RNTI 275b stats sfn: 0.0, cumulated bad DCI 0
    DL Chan: SSB 0 SINR 45.1 dB RSRP -36 dBm, RI 0 CQI: N/A
    DL harq: 1166/0 avg code rate 0.1, avg bit/symbol 2.0, avg per TB: (nb RBs 7.1, nb symbols 11.8)
    UL harq: 7190/5 avg code rate 0.1, avg bit/symbol 2.0, avg per TB: (nb RBs 13.1, nb symbols 13.0)
[0m[NR_RRC] MeasurementReport Encoded 53 bits (7 bytes)
[0m[NR_MAC] UE 0 RNTI 275b stats sfn: 128.0, cumulated bad DCI 0
    DL Chan: SSB 0 SINR 45.1 dB RSRP -36 dBm, RI 0 CQI: N/A
    DL harq: 1169/0 avg code rate 0.1, avg bit/symbol 2.0, avg per TB: (nb RBs 7.1, nb symbols 11.8)
    UL harq: 7206/5 avg code rate 0.1, avg bit/symbol 2.0, avg per TB: (nb RBs 13.0, nb symbols 13.0)
[0m[NR_RRC] MeasurementReport Encoded 53 bits (7 bytes)
[0m[NR_MAC] UE 0 RNTI 275b stats sfn: 256.0, cumulated bad DCI 0
    DL Chan: SSB 0 SINR 45.1 dB RSRP -36 dBm, RI 0 CQI: N/A
    DL harq: 1172/0 avg code rate 0.1, avg bit/symbol 2.0, avg per TB: (nb RBs 7.1, nb symbols 11.8)
    UL harq: 7221/5 avg code rate 0.1, avg bit/symbol 2.0, avg per TB: (nb RBs 13.0, nb symbols 13.0)
[0m[NR_RRC] MeasurementReport Encoded 53 bits (7 bytes)
[0m[NR_RRC] MeasurementReport Encoded 53 bits (7 bytes)
[0m[NR_MAC] UE 0 RNTI 275b stats sfn: 384.0, cumulated bad DCI 0
    DL Chan: SSB 0 SINR 45.1 dB RSRP -36 dBm, RI 0 CQI: N/A
    DL harq: 1174/0 avg code rate 0.1, avg bit/symbol 2.0, avg per TB: (nb RBs 7.1, nb symbols 11.8)
    UL harq: 7235/5 avg code rate 0.1, avg bit/symbol 2.0, avg per TB: (nb RBs 13.0, nb symbols 13.0)
[0m[NR_RRC] MeasurementReport Encoded 53 bits (7 bytes)
[0m[NR_MAC] UE 0 RNTI 275b stats sfn: 512.0, cumulated bad DCI 0
    DL Chan: SSB 0 SINR 44.1 dB RSRP -36 dBm, RI 0 CQI: N/A
    DL harq: 1176/0 avg code rate 0.1, avg bit/symbol 2.0, avg per TB: (nb RBs 7.1, nb symbols 11.8)
    UL harq: 7249/5 avg code rate 0.1, avg bit/symbol 2.0, avg per TB: (nb RBs 13.0, nb symbols 13.0)
[0m[NR_RRC] MeasurementReport Encoded 53 bits (7 bytes)
[0m[NR_MAC] UE 0 RNTI 275b stats sfn: 640.0, cumulated bad DCI 0
    DL Chan: SSB 0 SINR 44.1 dB RSRP -36 dBm, RI 0 CQI: N/A
    DL harq: 1179/0 avg code rate 0.1, avg bit/symbol 2.0, avg per TB: (nb RBs 7.1, nb symbols 11.8)
    UL harq: 7265/5 avg code rate 0.1, avg bit/symbol 2.0, avg per TB: (nb RBs 13.0, nb symbols 13.0)
[0m[NR_RRC] MeasurementReport Encoded 53 bits (7 bytes)
[0m[NR_MAC] UE 0 RNTI 275b stats sfn: 768.0, cumulated bad DCI 0
    DL Chan: SSB 0 SINR 45.1 dB RSRP -36 dBm, RI 0 CQI: N/A
    DL harq: 1182/0 avg code rate 0.1, avg bit/symbol 2.0, avg per TB: (nb RBs 7.1, nb symbols 11.8)
    UL harq: 7279/5 avg code rate 0.1, avg bit/symbol 2.0, avg per TB: (nb RBs 13.0, nb symbols 13.0)
[0m[NR_RRC] MeasurementReport Encoded 53 bits (7 bytes)
[0m[NR_RRC] MeasurementReport Encoded 53 bits (7 bytes)
[0m[NR_MAC] UE 0 RNTI 275b stats sfn: 896.0, cumulated bad DCI 0
    DL Chan: SSB 0 SINR 46.3 dB RSRP -36 dBm, RI 0 CQI: N/A
    DL harq: 1184/0 avg code rate 0.1, avg bit/symbol 2.0, avg per TB: (nb RBs 7.1, nb symbols 11.8)
    UL harq: 7294/5 avg code rate 0.1, avg bit/symbol 2.0, avg per TB: (nb RBs 12.9, nb symbols 13.0)
[0m[NR_RRC] MeasurementReport Encoded 53 bits (7 bytes)
[0m[NR_MAC] UE 0 RNTI 275b stats sfn: 0.0, cumulated bad DCI 0
    DL Chan: SSB 0 SINR 44.1 dB RSRP -36 dBm, RI 0 CQI: N/A
    DL harq: 1186/0 avg code rate 0.1, avg bit/symbol 2.0, avg per TB: (nb RBs 7.1, nb symbols 11.8)
    UL harq: 7309/5 avg code rate 0.1, avg bit/symbol 2.0, avg per TB: (nb RBs 12.9, nb symbols 13.0)
[0m[NR_RRC] MeasurementReport Encoded 53 bits (7 bytes)
[0m[NR_MAC] UE 0 RNTI 275b stats sfn: 128.0, cumulated bad DCI 0
    DL Chan: SSB 0 SINR 46.3 dB RSRP -36 dBm, RI 0 CQI: N/A
    DL harq: 1189/0 avg code rate 0.1, avg bit/symbol 2.0, avg per TB: (nb RBs 7.1, nb symbols 11.8)
    UL harq: 7325/5 avg code rate 0.1, avg bit/symbol 2.0, avg per TB: (nb RBs 12.9, nb symbols 13.0)
[0m[NR_RRC] MeasurementReport Encoded 53 bits (7 bytes)
[0m[NR_MAC] UE 0 RNTI 275b stats sfn: 256.0, cumulated bad DCI 0
    DL Chan: SSB 0 SINR 45.1 dB RSRP -36 dBm, RI 0 CQI: N/A
    DL harq: 1192/0 avg code rate 0.1, avg bit/symbol 2.0, avg per TB: (nb RBs 7.1, nb symbols 11.8)
    UL harq: 7339/5 avg code rate 0.1, avg bit/symbol 2.0, avg per TB: (nb RBs 12.9, nb symbols 13.0)
[0m[NR_RRC] MeasurementReport Encoded 53 bits (7 bytes)
[0m[NR_RRC] MeasurementReport Encoded 53 bits (7 bytes)
[0m[NR_MAC] UE 0 RNTI 275b stats sfn: 384.0, cumulated bad DCI 0
    DL Chan: SSB 0 SINR 46.3 dB RSRP -36 dBm, RI 0 CQI: N/A
    DL harq: 1194/0 avg code rate 0.1, avg bit/symbol 2.0, avg per TB: (nb RBs 7.1, nb symbols 11.8)
    UL harq: 7354/5 avg code rate 0.1, avg bit/symbol 2.0, avg per TB: (nb RBs 12.9, nb symbols 13.0)
[0m[NR_RRC] MeasurementReport Encoded 53 bits (7 bytes)
[0m[NR_MAC] UE 0 RNTI 275b stats sfn: 512.0, cumulated bad DCI 0
    DL Chan: SSB 0 SINR 44.1 dB RSRP -36 dBm, RI 0 CQI: N/A
    DL harq: 1196/0 avg code rate 0.1, avg bit/symbol 2.0, avg per TB: (nb RBs 7.0, nb symbols 11.8)
    UL harq: 7368/5 avg code rate 0.1, avg bit/symbol 2.0, avg per TB: (nb RBs 12.9, nb symbols 13.0)
[0m[NR_RRC] MeasurementReport Encoded 53 bits (7 bytes)
[0m[NR_MAC] UE 0 RNTI 275b stats sfn: 640.0, cumulated bad DCI 0
    DL Chan: SSB 0 SINR 45.1 dB RSRP -36 dBm, RI 0 CQI: N/A
    DL harq: 1200/0 avg code rate 0.1, avg bit/symbol 2.0, avg per TB: (nb RBs 7.0, nb symbols 11.8)
    UL harq: 7384/5 avg code rate 0.1, avg bit/symbol 2.0, avg per TB: (nb RBs 12.8, nb symbols 13.0)
[0m[NR_RRC] MeasurementReport Encoded 53 bits (7 bytes)
[0m[NR_MAC] UE 0 RNTI 275b stats sfn: 768.0, cumulated bad DCI 0
    DL Chan: SSB 0 SINR 45.1 dB RSRP -36 dBm, RI 0 CQI: N/A
    DL harq: 1202/0 avg code rate 0.1, avg bit/symbol 2.0, avg per TB: (nb RBs 7.0, nb symbols 11.8)
    UL harq: 7399/5 avg code rate 0.1, avg bit/symbol 2.0, avg per TB: (nb RBs 12.8, nb symbols 13.0)
[0m[NR_RRC] MeasurementReport Encoded 53 bits (7 bytes)
[0m[NR_RRC] MeasurementReport Encoded 53 bits (7 bytes)
[0m[NR_MAC] UE 0 RNTI 275b stats sfn: 896.0, cumulated bad DCI 0
    DL Chan: SSB 0 SINR 45.1 dB RSRP -36 dBm, RI 0 CQI: N/A
    DL harq: 1204/0 avg code rate 0.1, avg bit/symbol 2.0, avg per TB: (nb RBs 7.0, nb symbols 11.8)
    UL harq: 7413/5 avg code rate 0.1, avg bit/symbol 2.0, avg per TB: (nb RBs 12.8, nb symbols 13.0)
[0m[NR_RRC] MeasurementReport Encoded 53 bits (7 bytes)
[0m[NR_MAC] UE 0 RNTI 275b stats sfn: 0.0, cumulated bad DCI 0
    DL Chan: SSB 0 SINR 43.3 dB RSRP -36 dBm, RI 0 CQI: N/A
    DL harq: 1206/0 avg code rate 0.1, avg bit/symbol 2.0, avg per TB: (nb RBs 7.0, nb symbols 11.8)
    UL harq: 7427/5 avg code rate 0.1, avg bit/symbol 2.0, avg per TB: (nb RBs 12.8, nb symbols 13.0)
[0m[NR_RRC] MeasurementReport Encoded 53 bits (7 bytes)
[0m[NR_MAC] UE 0 RNTI 275b stats sfn: 128.0, cumulated bad DCI 0
    DL Chan: SSB 0 SINR 45.1 dB RSRP -36 dBm, RI 0 CQI: N/A
    DL harq: 1209/0 avg code rate 0.1, avg bit/symbol 2.0, avg per TB: (nb RBs 7.0, nb symbols 11.8)
    UL harq: 7444/5 avg code rate 0.1, avg bit/symbol 2.0, avg per TB: (nb RBs 12.8, nb symbols 13.0)
[0m[NR_RRC] MeasurementReport Encoded 53 bits (7 bytes)
[0m[NR_MAC] UE 0 RNTI 275b stats sfn: 256.0, cumulated bad DCI 0
    DL Chan: SSB 0 SINR 45.1 dB RSRP -36 dBm, RI 0 CQI: N/A
    DL harq: 1212/0 avg code rate 0.1, avg bit/symbol 2.0, avg per TB: (nb RBs 7.0, nb symbols 11.8)
    UL harq: 7459/5 avg code rate 0.1, avg bit/symbol 2.0, avg per TB: (nb RBs 12.8, nb symbols 13.0)
[0m[NR_RRC] MeasurementReport Encoded 53 bits (7 bytes)
[0m[NR_RRC] MeasurementReport Encoded 53 bits (7 bytes)
[0m[NR_MAC] UE 0 RNTI 275b stats sfn: 384.0, cumulated bad DCI 0
    DL Chan: SSB 0 SINR 46.3 dB RSRP -36 dBm, RI 0 CQI: N/A
    DL harq: 1214/0 avg code rate 0.1, avg bit/symbol 2.0, avg per TB: (nb RBs 7.0, nb symbols 11.8)
    UL harq: 7473/5 avg code rate 0.1, avg bit/symbol 2.0, avg per TB: (nb RBs 12.7, nb symbols 13.0)
[0m[NR_RRC] MeasurementReport Encoded 53 bits (7 bytes)
[0m[NR_MAC] UE 0 RNTI 275b stats sfn: 512.0, cumulated bad DCI 0
    DL Chan: SSB 0 SINR 44.1 dB RSRP -36 dBm, RI 0 CQI: N/A
    DL harq: 1217/0 avg code rate 0.1, avg bit/symbol 2.0, avg per TB: (nb RBs 7.0, nb symbols 11.8)
    UL harq: 7486/5 avg code rate 0.1, avg bit/symbol 2.0, avg per TB: (nb RBs 12.7, nb symbols 13.0)
[0m[NR_RRC] MeasurementReport Encoded 53 bits (7 bytes)
[0m[NR_MAC] UE 0 RNTI 275b stats sfn: 640.0, cumulated bad DCI 0
    DL Chan: SSB 0 SINR 43.3 dB RSRP -36 dBm, RI 0 CQI: N/A
    DL harq: 1219/0 avg code rate 0.1, avg bit/symbol 2.0, avg per TB: (nb RBs 7.0, nb symbols 11.8)
    UL harq: 7503/5 avg code rate 0.1, avg bit/symbol 2.0, avg per TB: (nb RBs 12.7, nb symbols 13.0)
[0m[NR_RRC] [UE 0] 673:0 Decoding SI
[0m[32m[NR_RRC] Found SIB19
[0m[NR_RRC] Get EPOCHTIME: x:10, N:10, slot_endw:10, frame:674, subframe:0 , slot:0
[0m[NR_RRC] Epoch frame 674 ahead by 1 frames
[0m[NR_RRC] val430:240 s, T430:240010 ms, sib19_timer:120010 ms
[0m[NR_MAC] NTN Config Rxd. Epoch HFN: 47, Epoch SFN: 674, Epoch Subframe: 0, k_offset: 478ms, N_Common_Ta: 238.740000ms, drift: 0.000000µs/s, variant: 0.000000µs/s²
[0m[NR_MAC] Satellite orbital radius 42163999.800000 m, pos_sat_0 = {0.000000, 0.000000, 42163999.800000}, pos_sat_90 = {0.000000, 0.000000, 42163999.800000}
[0m[NR_MAC] Satellite velocity 0.000000 m/s, angular velocity = 0.000000e+00 rad/ms, vel_sat_0 = {0.000000, 0.000000, 0.000000}, vel_sat_90 = {0.000000, 0.000000, 0.000000}
[0m[PHY]    k_offset: 478ms, N_Common_Ta: 238.740000ms, drift: 0.000000µs/s, variant: 0.000000µs/s², timing_advance_ntn: 3667039 samples, DL Doppler shift: 0.000000kHz, UL Doppler shift: 0.000000kHz
[0m[NR_RRC] MeasurementReport Encoded 53 bits (7 bytes)
[0m[NR_MAC] UE 0 RNTI 275b stats sfn: 768.0, cumulated bad DCI 0
    DL Chan: SSB 0 SINR 44.1 dB RSRP -36 dBm, RI 0 CQI: N/A
    DL harq: 1222/0 avg code rate 0.1, avg bit/symbol 2.0, avg per TB: (nb RBs 7.0, nb symbols 11.8)
    UL harq: 7517/5 avg code rate 0.1, avg bit/symbol 2.0, avg per TB: (nb RBs 12.7, nb symbols 13.0)
[0m[NR_RRC] MeasurementReport Encoded 53 bits (7 bytes)
[0m[NR_RRC] MeasurementReport Encoded 53 bits (7 bytes)
[0m[NR_MAC] UE 0 RNTI 275b stats sfn: 896.0, cumulated bad DCI 0
    DL Chan: SSB 0 SINR 43.3 dB RSRP -36 dBm, RI 0 CQI: N/A
    DL harq: 1224/0 avg code rate 0.1, avg bit/symbol 2.0, avg per TB: (nb RBs 7.0, nb symbols 11.8)
    UL harq: 7532/5 avg code rate 0.1, avg bit/symbol 2.0, avg per TB: (nb RBs 12.7, nb symbols 13.0)
[0m[NR_RRC] MeasurementReport Encoded 53 bits (7 bytes)
[0m[NR_MAC] UE 0 RNTI 275b stats sfn: 0.0, cumulated bad DCI 0
    DL Chan: SSB 0 SINR 45.1 dB RSRP -36 dBm, RI 0 CQI: N/A
    DL harq: 1227/0 avg code rate 0.1, avg bit/symbol 2.0, avg per TB: (nb RBs 7.0, nb symbols 11.8)
    UL harq: 7546/5 avg code rate 0.1, avg bit/symbol 2.0, avg per TB: (nb RBs 12.7, nb symbols 13.0)
[0m[NR_RRC] MeasurementReport Encoded 53 bits (7 bytes)
[0m[NR_MAC] UE 0 RNTI 275b stats sfn: 128.0, cumulated bad DCI 0
    DL Chan: SSB 0 SINR 46.3 dB RSRP -36 dBm, RI 0 CQI: N/A
    DL harq: 1229/0 avg code rate 0.1, avg bit/symbol 2.0, avg per TB: (nb RBs 7.0, nb symbols 11.8)
    UL harq: 7561/5 avg code rate 0.1, avg bit/symbol 2.0, avg per TB: (nb RBs 12.7, nb symbols 13.0)
[0m[NR_RRC] MeasurementReport Encoded 53 bits (7 bytes)
[0m[NR_MAC] UE 0 RNTI 275b stats sfn: 256.0, cumulated bad DCI 0
    DL Chan: SSB 0 SINR 44.1 dB RSRP -36 dBm, RI 0 CQI: N/A
    DL harq: 1232/0 avg code rate 0.1, avg bit/symbol 2.0, avg per TB: (nb RBs 7.0, nb symbols 11.8)
    UL harq: 7577/5 avg code rate 0.1, avg bit/symbol 2.0, avg per TB: (nb RBs 12.6, nb symbols 13.0)
[0m[NR_RRC] MeasurementReport Encoded 53 bits (7 bytes)
[0m[NR_RRC] MeasurementReport Encoded 53 bits (7 bytes)
[0m[NR_MAC] UE 0 RNTI 275b stats sfn: 384.0, cumulated bad DCI 0
    DL Chan: SSB 0 SINR 46.3 dB RSRP -36 dBm, RI 0 CQI: N/A
    DL harq: 1235/0 avg code rate 0.1, avg bit/symbol 2.0, avg per TB: (nb RBs 7.0, nb symbols 11.8)
    UL harq: 7592/5 avg code rate 0.1, avg bit/symbol 2.0, avg per TB: (nb RBs 12.6, nb symbols 13.0)
[0m[NR_RRC] MeasurementReport Encoded 53 bits (7 bytes)
[0m[NR_MAC] UE 0 RNTI 275b stats sfn: 512.0, cumulated bad DCI 0
    DL Chan: SSB 0 SINR 48.1 dB RSRP -36 dBm, RI 0 CQI: N/A
    DL harq: 1237/0 avg code rate 0.1, avg bit/symbol 2.0, avg per TB: (nb RBs 7.0, nb symbols 11.8)
    UL harq: 7606/5 avg code rate 0.1, avg bit/symbol 2.0, avg per TB: (nb RBs 12.6, nb symbols 13.0)
[0m[NR_RRC] MeasurementReport Encoded 53 bits (7 bytes)
[0m[NR_MAC] UE 0 RNTI 275b stats sfn: 640.0, cumulated bad DCI 0
    DL Chan: SSB 0 SINR 45.1 dB RSRP -36 dBm, RI 0 CQI: N/A
    DL harq: 1239/0 avg code rate 0.1, avg bit/symbol 2.0, avg per TB: (nb RBs 7.0, nb symbols 11.8)
    UL harq: 7622/5 avg code rate 0.1, avg bit/symbol 2.0, avg per TB: (nb RBs 12.6, nb symbols 13.0)
[0m[NR_RRC] MeasurementReport Encoded 53 bits (7 bytes)
[0m[NR_MAC] UE 0 RNTI 275b stats sfn: 768.0, cumulated bad DCI 0
    DL Chan: SSB 0 SINR 44.1 dB RSRP -36 dBm, RI 0 CQI: N/A
    DL harq: 1242/0 avg code rate 0.1, avg bit/symbol 2.0, avg per TB: (nb RBs 7.0, nb symbols 11.8)
    UL harq: 7636/5 avg code rate 0.1, avg bit/symbol 2.0, avg per TB: (nb RBs 12.6, nb symbols 13.0)
[0m[NR_RRC] MeasurementReport Encoded 53 bits (7 bytes)
[0m[NR_RRC] MeasurementReport Encoded 53 bits (7 bytes)
[0m[NR_MAC] UE 0 RNTI 275b stats sfn: 896.0, cumulated bad DCI 0
    DL Chan: SSB 0 SINR 45.1 dB RSRP -36 dBm, RI 0 CQI: N/A
    DL harq: 1245/0 avg code rate 0.1, avg bit/symbol 2.0, avg per TB: (nb RBs 7.0, nb symbols 11.8)
    UL harq: 7651/5 avg code rate 0.1, avg bit/symbol 2.0, avg per TB: (nb RBs 12.6, nb symbols 13.0)
[0m[NR_RRC] MeasurementReport Encoded 53 bits (7 bytes)
[0m[NR_MAC] UE 0 RNTI 275b stats sfn: 0.0, cumulated bad DCI 0
    DL Chan: SSB 0 SINR 45.1 dB RSRP -36 dBm, RI 0 CQI: N/A
    DL harq: 1247/0 avg code rate 0.1, avg bit/symbol 2.0, avg per TB: (nb RBs 7.0, nb symbols 11.8)
    UL harq: 7665/5 avg code rate 0.1, avg bit/symbol 2.0, avg per TB: (nb RBs 12.6, nb symbols 13.0)
[0m[NR_RRC] MeasurementReport Encoded 53 bits (7 bytes)
[0m[NR_MAC] UE 0 RNTI 275b stats sfn: 128.0, cumulated bad DCI 0
    DL Chan: SSB 0 SINR 45.1 dB RSRP -36 dBm, RI 0 CQI: N/A
    DL harq: 1249/0 avg code rate 0.1, avg bit/symbol 2.0, avg per TB: (nb RBs 7.0, nb symbols 11.8)
    UL harq: 7681/5 avg code rate 0.1, avg bit/symbol 2.0, avg per TB: (nb RBs 12.5, nb symbols 13.0)
[0m[NR_RRC] MeasurementReport Encoded 53 bits (7 bytes)
[0m[NR_MAC] UE 0 RNTI 275b stats sfn: 256.0, cumulated bad DCI 0
    DL Chan: SSB 0 SINR 45.1 dB RSRP -36 dBm, RI 0 CQI: N/A
    DL harq: 1252/0 avg code rate 0.1, avg bit/symbol 2.0, avg per TB: (nb RBs 7.0, nb symbols 11.8)
    UL harq: 7697/5 avg code rate 0.1, avg bit/symbol 2.0, avg per TB: (nb RBs 12.5, nb symbols 13.0)
[0m[NR_RRC] MeasurementReport Encoded 53 bits (7 bytes)
[0m[NR_MAC] UE 0 RNTI 275b stats sfn: 384.0, cumulated bad DCI 0
    DL Chan: SSB 0 SINR 45.1 dB RSRP -36 dBm, RI 0 CQI: N/A
    DL harq: 1255/0 avg code rate 0.1, avg bit/symbol 2.0, avg per TB: (nb RBs 7.0, nb symbols 11.8)
    UL harq: 7710/5 avg code rate 0.1, avg bit/symbol 2.0, avg per TB: (nb RBs 12.5, nb symbols 13.0)
[0m[NR_RRC] MeasurementReport Encoded 53 bits (7 bytes)
[0m[NR_RRC] MeasurementReport Encoded 53 bits (7 bytes)
[0m[NR_MAC] UE 0 RNTI 275b stats sfn: 512.0, cumulated bad DCI 0
    DL Chan: SSB 0 SINR 46.3 dB RSRP -36 dBm, RI 0 CQI: N/A
    DL harq: 1257/0 avg code rate 0.1, avg bit/symbol 2.0, avg per TB: (nb RBs 6.9, nb symbols 11.8)
    UL harq: 7724/5 avg code rate 0.1, avg bit/symbol 2.0, avg per TB: (nb RBs 12.5, nb symbols 13.0)
[0m[NR_RRC] MeasurementReport Encoded 53 bits (7 bytes)
[0m[NR_MAC] UE 0 RNTI 275b stats sfn: 640.0, cumulated bad DCI 0
    DL Chan: SSB 0 SINR 48.1 dB RSRP -36 dBm, RI 0 CQI: N/A
    DL harq: 1259/0 avg code rate 0.1, avg bit/symbol 2.0, avg per TB: (nb RBs 6.9, nb symbols 11.8)
    UL harq: 7739/5 avg code rate 0.1, avg bit/symbol 2.0, avg per TB: (nb RBs 12.5, nb symbols 13.0)
[0m[NR_RRC] MeasurementReport Encoded 53 bits (7 bytes)
[0m[NR_MAC] UE 0 RNTI 275b stats sfn: 768.0, cumulated bad DCI 0
    DL Chan: SSB 0 SINR 46.3 dB RSRP -36 dBm, RI 0 CQI: N/A
    DL harq: 1263/0 avg code rate 0.1, avg bit/symbol 2.0, avg per TB: (nb RBs 6.9, nb symbols 11.8)
    UL harq: 7755/5 avg code rate 0.1, avg bit/symbol 2.0, avg per TB: (nb RBs 12.5, nb symbols 13.0)
[0m[NR_RRC] MeasurementReport Encoded 53 bits (7 bytes)
[0m[NR_MAC] UE 0 RNTI 275b stats sfn: 896.0, cumulated bad DCI 0
    DL Chan: SSB 0 SINR 45.1 dB RSRP -36 dBm, RI 0 CQI: N/A
    DL harq: 1265/0 avg code rate 0.1, avg bit/symbol 2.0, avg per TB: (nb RBs 6.9, nb symbols 11.8)
    UL harq: 7770/5 avg code rate 0.1, avg bit/symbol 2.0, avg per TB: (nb RBs 12.5, nb symbols 13.0)
[0m[NR_RRC] MeasurementReport Encoded 53 bits (7 bytes)
[0m[NR_RRC] MeasurementReport Encoded 53 bits (7 bytes)
[0m[NR_MAC] UE 0 RNTI 275b stats sfn: 0.0, cumulated bad DCI 0
    DL Chan: SSB 0 SINR 45.1 dB RSRP -36 dBm, RI 0 CQI: N/A
    DL harq: 1267/0 avg code rate 0.1, avg bit/symbol 2.0, avg per TB: (nb RBs 6.9, nb symbols 11.8)
    UL harq: 7784/5 avg code rate 0.1, avg bit/symbol 2.0, avg per TB: (nb RBs 12.4, nb symbols 13.0)
[0m[NR_RRC] MeasurementReport Encoded 53 bits (7 bytes)
[0m[NR_MAC] UE 0 RNTI 275b stats sfn: 128.0, cumulated bad DCI 0
    DL Chan: SSB 0 SINR 45.1 dB RSRP -36 dBm, RI 0 CQI: N/A
    DL harq: 1269/0 avg code rate 0.1, avg bit/symbol 2.0, avg per TB: (nb RBs 6.9, nb symbols 11.8)
    UL harq: 7799/5 avg code rate 0.1, avg bit/symbol 2.0, avg per TB: (nb RBs 12.4, nb symbols 13.0)
[0m[NR_RRC] MeasurementReport Encoded 53 bits (7 bytes)
[0m[NR_MAC] UE 0 RNTI 275b stats sfn: 256.0, cumulated bad DCI 0
    DL Chan: SSB 0 SINR 45.1 dB RSRP -36 dBm, RI 0 CQI: N/A
    DL harq: 1273/0 avg code rate 0.1, avg bit/symbol 2.0, avg per TB: (nb RBs 6.9, nb symbols 11.8)
    UL harq: 7815/5 avg code rate 0.1, avg bit/symbol 2.0, avg per TB: (nb RBs 12.4, nb symbols 13.0)
[0m[NR_RRC] MeasurementReport Encoded 53 bits (7 bytes)
[0m[NR_MAC] UE 0 RNTI 275b stats sfn: 384.0, cumulated bad DCI 0
    DL Chan: SSB 0 SINR 44.1 dB RSRP -36 dBm, RI 0 CQI: N/A
    DL harq: 1275/0 avg code rate 0.1, avg bit/symbol 2.0, avg per TB: (nb RBs 6.9, nb symbols 11.8)
    UL harq: 7830/5 avg code rate 0.1, avg bit/symbol 2.0, avg per TB: (nb RBs 12.4, nb symbols 13.0)
[0m[NR_RRC] MeasurementReport Encoded 53 bits (7 bytes)
[0m[NR_RRC] MeasurementReport Encoded 53 bits (7 bytes)
[0m[NR_MAC] UE 0 RNTI 275b stats sfn: 512.0, cumulated bad DCI 0
    DL Chan: SSB 0 SINR 45.1 dB RSRP -36 dBm, RI 0 CQI: N/A
    DL harq: 1277/0 avg code rate 0.1, avg bit/symbol 2.0, avg per TB: (nb RBs 6.9, nb symbols 11.8)
    UL harq: 7844/5 avg code rate 0.1, avg bit/symbol 2.0, avg per TB: (nb RBs 12.4, nb symbols 13.0)
[0m[NR_RRC] MeasurementReport Encoded 53 bits (7 bytes)
[0m[NR_MAC] UE 0 RNTI 275b stats sfn: 640.0, cumulated bad DCI 0
    DL Chan: SSB 0 SINR 45.1 dB RSRP -36 dBm, RI 0 CQI: N/A
    DL harq: 1280/0 avg code rate 0.1, avg bit/symbol 2.0, avg per TB: (nb RBs 6.9, nb symbols 11.8)
    UL harq: 7857/5 avg code rate 0.1, avg bit/symbol 2.0, avg per TB: (nb RBs 12.4, nb symbols 13.0)
[0m[NR_RRC] MeasurementReport Encoded 53 bits (7 bytes)
[0m[NR_MAC] UE 0 RNTI 275b stats sfn: 768.0, cumulated bad DCI 0
    DL Chan: SSB 0 SINR 45.1 dB RSRP -36 dBm, RI 0 CQI: N/A
    DL harq: 1283/0 avg code rate 0.1, avg bit/symbol 2.0, avg per TB: (nb RBs 6.9, nb symbols 11.8)
    UL harq: 7874/5 avg code rate 0.1, avg bit/symbol 2.0, avg per TB: (nb RBs 12.4, nb symbols 13.0)
[0m[NR_RRC] MeasurementReport Encoded 53 bits (7 bytes)
[0m[NR_MAC] UE 0 RNTI 275b stats sfn: 896.0, cumulated bad DCI 0
    DL Chan: SSB 0 SINR 46.3 dB RSRP -36 dBm, RI 0 CQI: N/A
    DL harq: 1285/0 avg code rate 0.1, avg bit/symbol 2.0, avg per TB: (nb RBs 6.9, nb symbols 11.8)
    UL harq: 7889/5 avg code rate 0.1, avg bit/symbol 2.0, avg per TB: (nb RBs 12.3, nb symbols 13.0)
[0m[NR_RRC] MeasurementReport Encoded 53 bits (7 bytes)
[0m[NR_RRC] MeasurementReport Encoded 53 bits (7 bytes)
[0m[NR_MAC] UE 0 RNTI 275b stats sfn: 0.0, cumulated bad DCI 0
    DL Chan: SSB 0 SINR 48.1 dB RSRP -36 dBm, RI 0 CQI: N/A
    DL harq: 1287/0 avg code rate 0.1, avg bit/symbol 2.0, avg per TB: (nb RBs 6.9, nb symbols 11.8)
    UL harq: 7903/5 avg code rate 0.1, avg bit/symbol 2.0, avg per TB: (nb RBs 12.3, nb symbols 13.0)
[0m[NR_RRC] MeasurementReport Encoded 53 bits (7 bytes)
[0m[NR_MAC] UE 0 RNTI 275b stats sfn: 128.0, cumulated bad DCI 0
    DL Chan: SSB 0 SINR 45.1 dB RSRP -36 dBm, RI 0 CQI: N/A
    DL harq: 1290/0 avg code rate 0.1, avg bit/symbol 2.0, avg per TB: (nb RBs 6.9, nb symbols 11.8)
    UL harq: 7918/5 avg code rate 0.1, avg bit/symbol 2.0, avg per TB: (nb RBs 12.3, nb symbols 13.0)
[0m[NR_RRC] MeasurementReport Encoded 53 bits (7 bytes)
[0m[NR_MAC] UE 0 RNTI 275b stats sfn: 256.0, cumulated bad DCI 0
    DL Chan: SSB 0 SINR 45.1 dB RSRP -36 dBm, RI 0 CQI: N/A
    DL harq: 1292/0 avg code rate 0.1, avg bit/symbol 2.0, avg per TB: (nb RBs 6.9, nb symbols 11.8)
    UL harq: 7934/5 avg code rate 0.1, avg bit/symbol 2.0, avg per TB: (nb RBs 12.3, nb symbols 13.0)
[0m[NR_RRC] MeasurementReport Encoded 53 bits (7 bytes)
[0m[NR_MAC] UE 0 RNTI 275b stats sfn: 384.0, cumulated bad DCI 0
    DL Chan: SSB 0 SINR 45.1 dB RSRP -36 dBm, RI 0 CQI: N/A
    DL harq: 1295/0 avg code rate 0.1, avg bit/symbol 2.0, avg per TB: (nb RBs 6.9, nb symbols 11.8)
    UL harq: 7948/5 avg code rate 0.1, avg bit/symbol 2.0, avg per TB: (nb RBs 12.3, nb symbols 13.0)
[0m[NR_RRC] MeasurementReport Encoded 53 bits (7 bytes)
[0m[NR_RRC] MeasurementReport Encoded 53 bits (7 bytes)
[0m[NR_MAC] UE 0 RNTI 275b stats sfn: 512.0, cumulated bad DCI 0
    DL Chan: SSB 0 SINR 43.3 dB RSRP -36 dBm, RI 0 CQI: N/A
    DL harq: 1298/0 avg code rate 0.1, avg bit/symbol 2.0, avg per TB: (nb RBs 6.9, nb symbols 11.8)
    UL harq: 7962/5 avg code rate 0.1, avg bit/symbol 2.0, avg per TB: (nb RBs 12.3, nb symbols 13.0)
[0m[NR_RRC] MeasurementReport Encoded 53 bits (7 bytes)
[0m[NR_MAC] UE 0 RNTI 275b stats sfn: 640.0, cumulated bad DCI 0
    DL Chan: SSB 0 SINR 46.3 dB RSRP -36 dBm, RI 0 CQI: N/A
    DL harq: 1300/0 avg code rate 0.1, avg bit/symbol 2.0, avg per TB: (nb RBs 6.9, nb symbols 11.8)
    UL harq: 7977/5 avg code rate 0.1, avg bit/symbol 2.0, avg per TB: (nb RBs 12.3, nb symbols 13.0)
[0m[NR_RRC] MeasurementReport Encoded 53 bits (7 bytes)
[0m[NR_MAC] UE 0 RNTI 275b stats sfn: 768.0, cumulated bad DCI 0
    DL Chan: SSB 0 SINR 44.1 dB RSRP -36 dBm, RI 0 CQI: N/A
    DL harq: 1303/0 avg code rate 0.1, avg bit/symbol 2.0, avg per TB: (nb RBs 6.9, nb symbols 11.8)
    UL harq: 7993/5 avg code rate 0.1, avg bit/symbol 2.0, avg per TB: (nb RBs 12.2, nb symbols 13.0)
[0m[NR_RRC] MeasurementReport Encoded 53 bits (7 bytes)
[0m[NR_MAC] UE 0 RNTI 275b stats sfn: 896.0, cumulated bad DCI 0
    DL Chan: SSB 0 SINR 44.1 dB RSRP -36 dBm, RI 0 CQI: N/A
    DL harq: 1305/0 avg code rate 0.1, avg bit/symbol 2.0, avg per TB: (nb RBs 6.9, nb symbols 11.8)
    UL harq: 8007/5 avg code rate 0.1, avg bit/symbol 2.0, avg per TB: (nb RBs 12.2, nb symbols 13.0)
[0m[NR_RRC] MeasurementReport Encoded 53 bits (7 bytes)
[0m[NR_RRC] MeasurementReport Encoded 53 bits (7 bytes)
[0m[NR_MAC] UE 0 RNTI 275b stats sfn: 0.0, cumulated bad DCI 0
    DL Chan: SSB 0 SINR 45.1 dB RSRP -36 dBm, RI 0 CQI: N/A
    DL harq: 1308/0 avg code rate 0.1, avg bit/symbol 2.0, avg per TB: (nb RBs 6.9, nb symbols 11.8)
    UL harq: 8022/5 avg code rate 0.1, avg bit/symbol 2.0, avg per TB: (nb RBs 12.2, nb symbols 13.0)
[0m[NR_RRC] MeasurementReport Encoded 53 bits (7 bytes)
[0m[NR_MAC] UE 0 RNTI 275b stats sfn: 128.0, cumulated bad DCI 0
    DL Chan: SSB 0 SINR 44.1 dB RSRP -36 dBm, RI 0 CQI: N/A
    DL harq: 1310/0 avg code rate 0.1, avg bit/symbol 2.0, avg per TB: (nb RBs 6.9, nb symbols 11.8)
    UL harq: 8037/5 avg code rate 0.1, avg bit/symbol 2.0, avg per TB: (nb RBs 12.2, nb symbols 13.0)
[0m[NR_RRC] MeasurementReport Encoded 53 bits (7 bytes)
[0m[NR_MAC] UE 0 RNTI 275b stats sfn: 256.0, cumulated bad DCI 0
    DL Chan: SSB 0 SINR 44.1 dB RSRP -36 dBm, RI 0 CQI: N/A
    DL harq: 1312/0 avg code rate 0.1, avg bit/symbol 2.0, avg per TB: (nb RBs 6.9, nb symbols 11.8)
    UL harq: 8053/5 avg code rate 0.1, avg bit/symbol 2.0, avg per TB: (nb RBs 12.2, nb symbols 13.0)
[0m[NR_RRC] MeasurementReport Encoded 53 bits (7 bytes)
[0m[NR_MAC] UE 0 RNTI 275b stats sfn: 384.0, cumulated bad DCI 0
    DL Chan: SSB 0 SINR 45.1 dB RSRP -36 dBm, RI 0 CQI: N/A
    DL harq: 1315/0 avg code rate 0.1, avg bit/symbol 2.0, avg per TB: (nb RBs 6.9, nb symbols 11.8)
    UL harq: 8068/5 avg code rate 0.1, avg bit/symbol 2.0, avg per TB: (nb RBs 12.2, nb symbols 13.0)
[0m[NR_RRC] MeasurementReport Encoded 53 bits (7 bytes)
[0m[NR_RRC] MeasurementReport Encoded 53 bits (7 bytes)
[0m[NR_MAC] UE 0 RNTI 275b stats sfn: 512.0, cumulated bad DCI 0
    DL Chan: SSB 0 SINR 44.1 dB RSRP -36 dBm, RI 0 CQI: N/A
    DL harq: 1318/0 avg code rate 0.1, avg bit/symbol 2.0, avg per TB: (nb RBs 6.9, nb symbols 11.8)
    UL harq: 8081/5 avg code rate 0.1, avg bit/symbol 2.0, avg per TB: (nb RBs 12.2, nb symbols 13.0)
[0m[NR_RRC] MeasurementReport Encoded 53 bits (7 bytes)
[0m[NR_MAC] UE 0 RNTI 275b stats sfn: 640.0, cumulated bad DCI 0
    DL Chan: SSB 0 SINR 44.1 dB RSRP -36 dBm, RI 0 CQI: N/A
    DL harq: 1320/0 avg code rate 0.1, avg bit/symbol 2.0, avg per TB: (nb RBs 6.9, nb symbols 11.8)
    UL harq: 8095/5 avg code rate 0.1, avg bit/symbol 2.0, avg per TB: (nb RBs 12.2, nb symbols 13.0)
[0m[NR_RRC] MeasurementReport Encoded 53 bits (7 bytes)
[0m[NR_MAC] UE 0 RNTI 275b stats sfn: 768.0, cumulated bad DCI 0
    DL Chan: SSB 0 SINR 45.1 dB RSRP -36 dBm, RI 0 CQI: N/A
    DL harq: 1322/0 avg code rate 0.1, avg bit/symbol 2.0, avg per TB: (nb RBs 6.9, nb symbols 11.8)
    UL harq: 8112/5 avg code rate 0.1, avg bit/symbol 2.0, avg per TB: (nb RBs 12.1, nb symbols 13.0)
[0m[NR_RRC] MeasurementReport Encoded 53 bits (7 bytes)
[0m[NR_MAC] UE 0 RNTI 275b stats sfn: 896.0, cumulated bad DCI 0
    DL Chan: SSB 0 SINR 45.1 dB RSRP -36 dBm, RI 0 CQI: N/A
    DL harq: 1326/0 avg code rate 0.1, avg bit/symbol 2.0, avg per TB: (nb RBs 6.8, nb symbols 11.8)
    UL harq: 8127/5 avg code rate 0.1, avg bit/symbol 2.0, avg per TB: (nb RBs 12.1, nb symbols 13.0)
[0m[NR_RRC] MeasurementReport Encoded 53 bits (7 bytes)
[0m[NR_RRC] MeasurementReport Encoded 53 bits (7 bytes)
[0m[NR_MAC] UE 0 RNTI 275b stats sfn: 0.0, cumulated bad DCI 0
    DL Chan: SSB 0 SINR 44.1 dB RSRP -36 dBm, RI 0 CQI: N/A
    DL harq: 1328/0 avg code rate 0.1, avg bit/symbol 2.0, avg per TB: (nb RBs 6.8, nb symbols 11.8)
    UL harq: 8141/5 avg code rate 0.1, avg bit/symbol 2.0, avg per TB: (nb RBs 12.1, nb symbols 13.0)
[0m[NR_RRC] MeasurementReport Encoded 53 bits (7 bytes)
[0m[NR_MAC] UE 0 RNTI 275b stats sfn: 128.0, cumulated bad DCI 0
    DL Chan: SSB 0 SINR 45.1 dB RSRP -36 dBm, RI 0 CQI: N/A
    DL harq: 1330/0 avg code rate 0.1, avg bit/symbol 2.0, avg per TB: (nb RBs 6.8, nb symbols 11.8)
    UL harq: 8155/5 avg code rate 0.1, avg bit/symbol 2.0, avg per TB: (nb RBs 12.1, nb symbols 13.0)
[0m[NR_RRC] MeasurementReport Encoded 53 bits (7 bytes)
[0m[NR_MAC] UE 0 RNTI 275b stats sfn: 256.0, cumulated bad DCI 0
    DL Chan: SSB 0 SINR 45.1 dB RSRP -36 dBm, RI 0 CQI: N/A
    DL harq: 1332/0 avg code rate 0.1, avg bit/symbol 2.0, avg per TB: (nb RBs 6.8, nb symbols 11.8)
    UL harq: 8171/5 avg code rate 0.1, avg bit/symbol 2.0, avg per TB: (nb RBs 12.1, nb symbols 13.0)
[0m[NR_RRC] MeasurementReport Encoded 53 bits (7 bytes)
[0m[NR_MAC] UE 0 RNTI 275b stats sfn: 384.0, cumulated bad DCI 0
    DL Chan: SSB 0 SINR 46.3 dB RSRP -36 dBm, RI 0 CQI: N/A
    DL harq: 1336/0 avg code rate 0.1, avg bit/symbol 2.0, avg per TB: (nb RBs 6.8, nb symbols 11.8)
    UL harq: 8186/5 avg code rate 0.1, avg bit/symbol 2.0, avg per TB: (nb RBs 12.1, nb symbols 13.0)
[0m[NR_RRC] MeasurementReport Encoded 53 bits (7 bytes)
[0m[NR_MAC] UE 0 RNTI 275b stats sfn: 512.0, cumulated bad DCI 0
    DL Chan: SSB 0 SINR 46.3 dB RSRP -36 dBm, RI 0 CQI: N/A
    DL harq: 1338/0 avg code rate 0.1, avg bit/symbol 2.0, avg per TB: (nb RBs 6.8, nb symbols 11.8)
    UL harq: 8200/5 avg code rate 0.1, avg bit/symbol 2.0, avg per TB: (nb RBs 12.1, nb symbols 13.0)
[0m[NR_RRC] MeasurementReport Encoded 53 bits (7 bytes)
[0m[NR_RRC] MeasurementReport Encoded 53 bits (7 bytes)
[0m[NR_MAC] UE 0 RNTI 275b stats sfn: 640.0, cumulated bad DCI 0
    DL Chan: SSB 0 SINR 46.3 dB RSRP -36 dBm, RI 0 CQI: N/A
    DL harq: 1340/0 avg code rate 0.1, avg bit/symbol 2.0, avg per TB: (nb RBs 6.8, nb symbols 11.8)
    UL harq: 8215/5 avg code rate 0.1, avg bit/symbol 2.0, avg per TB: (nb RBs 12.0, nb symbols 13.0)
[0m[NR_RRC] MeasurementReport Encoded 53 bits (7 bytes)
[0m[NR_MAC] UE 0 RNTI 275b stats sfn: 768.0, cumulated bad DCI 0
    DL Chan: SSB 0 SINR 45.1 dB RSRP -36 dBm, RI 0 CQI: N/A
    DL harq: 1343/0 avg code rate 0.1, avg bit/symbol 2.0, avg per TB: (nb RBs 6.8, nb symbols 11.8)
    UL harq: 8229/5 avg code rate 0.1, avg bit/symbol 2.0, avg per TB: (nb RBs 12.0, nb symbols 13.0)
[0m[NR_RRC] MeasurementReport Encoded 53 bits (7 bytes)
[0m[NR_MAC] UE 0 RNTI 275b stats sfn: 896.0, cumulated bad DCI 0
    DL Chan: SSB 0 SINR 46.3 dB RSRP -36 dBm, RI 0 CQI: N/A
    DL harq: 1346/0 avg code rate 0.1, avg bit/symbol 2.0, avg per TB: (nb RBs 6.8, nb symbols 11.8)
    UL harq: 8245/5 avg code rate 0.1, avg bit/symbol 2.0, avg per TB: (nb RBs 12.0, nb symbols 13.0)
[0m[NR_RRC] MeasurementReport Encoded 53 bits (7 bytes)
[0m[NR_MAC] UE 0 RNTI 275b stats sfn: 0.0, cumulated bad DCI 0
    DL Chan: SSB 0 SINR 46.3 dB RSRP -36 dBm, RI 0 CQI: N/A
    DL harq: 1348/0 avg code rate 0.1, avg bit/symbol 2.0, avg per TB: (nb RBs 6.8, nb symbols 11.8)
    UL harq: 8260/5 avg code rate 0.1, avg bit/symbol 2.0, avg per TB: (nb RBs 12.0, nb symbols 13.0)
[0m[NR_RRC] MeasurementReport Encoded 53 bits (7 bytes)
[0m[NR_RRC] MeasurementReport Encoded 53 bits (7 bytes)
[0m[NR_MAC] UE 0 RNTI 275b stats sfn: 128.0, cumulated bad DCI 0
    DL Chan: SSB 0 SINR 46.3 dB RSRP -36 dBm, RI 0 CQI: N/A
    DL harq: 1350/0 avg code rate 0.1, avg bit/symbol 2.0, avg per TB: (nb RBs 6.8, nb symbols 11.8)
    UL harq: 8275/5 avg code rate 0.1, avg bit/symbol 2.0, avg per TB: (nb RBs 12.0, nb symbols 13.0)
[0m[NR_RRC] MeasurementReport Encoded 53 bits (7 bytes)
[0m[NR_MAC] UE 0 RNTI 275b stats sfn: 256.0, cumulated bad DCI 0
    DL Chan: SSB 0 SINR 44.1 dB RSRP -36 dBm, RI 0 CQI: N/A
    DL harq: 1353/0 avg code rate 0.1, avg bit/symbol 2.0, avg per TB: (nb RBs 6.8, nb symbols 11.8)
    UL harq: 8288/5 avg code rate 0.1, avg bit/symbol 2.0, avg per TB: (nb RBs 12.0, nb symbols 13.0)
[0m[NR_RRC] MeasurementReport Encoded 53 bits (7 bytes)
[0m[NR_MAC] UE 0 RNTI 275b stats sfn: 384.0, cumulated bad DCI 0
    DL Chan: SSB 0 SINR 45.1 dB RSRP -36 dBm, RI 0 CQI: N/A
    DL harq: 1356/0 avg code rate 0.1, avg bit/symbol 2.0, avg per TB: (nb RBs 6.8, nb symbols 11.8)
    UL harq: 8305/5 avg code rate 0.1, avg bit/symbol 2.0, avg per TB: (nb RBs 12.0, nb symbols 13.0)
[0m[NR_RRC] MeasurementReport Encoded 53 bits (7 bytes)
[0m[NR_MAC] UE 0 RNTI 275b stats sfn: 512.0, cumulated bad DCI 0
    DL Chan: SSB 0 SINR 46.3 dB RSRP -36 dBm, RI 0 CQI: N/A
    DL harq: 1358/0 avg code rate 0.1, avg bit/symbol 2.0, avg per TB: (nb RBs 6.8, nb symbols 11.8)
    UL harq: 8319/5 avg code rate 0.1, avg bit/symbol 2.0, avg per TB: (nb RBs 12.0, nb symbols 13.0)
[0m[NR_RRC] MeasurementReport Encoded 53 bits (7 bytes)
[0m[NR_RRC] MeasurementReport Encoded 53 bits (7 bytes)
[0m[NR_MAC] UE 0 RNTI 275b stats sfn: 640.0, cumulated bad DCI 0
    DL Chan: SSB 0 SINR 45.1 dB RSRP -36 dBm, RI 0 CQI: N/A
    DL harq: 1361/0 avg code rate 0.1, avg bit/symbol 2.0, avg per TB: (nb RBs 6.8, nb symbols 11.8)
    UL harq: 8333/5 avg code rate 0.1, avg bit/symbol 2.0, avg per TB: (nb RBs 11.9, nb symbols 13.0)
[0m[NR_RRC] MeasurementReport Encoded 53 bits (7 bytes)
[0m[NR_MAC] UE 0 RNTI 275b stats sfn: 768.0, cumulated bad DCI 0
    DL Chan: SSB 0 SINR 45.1 dB RSRP -36 dBm, RI 0 CQI: N/A
    DL harq: 1363/0 avg code rate 0.1, avg bit/symbol 2.0, avg per TB: (nb RBs 6.8, nb symbols 11.8)
    UL harq: 8348/5 avg code rate 0.1, avg bit/symbol 2.0, avg per TB: (nb RBs 11.9, nb symbols 13.0)
[0m[NR_RRC] MeasurementReport Encoded 53 bits (7 bytes)
[0m[NR_MAC] UE 0 RNTI 275b stats sfn: 896.0, cumulated bad DCI 0
    DL Chan: SSB 0 SINR 45.1 dB RSRP -36 dBm, RI 0 CQI: N/A
    DL harq: 1366/0 avg code rate 0.1, avg bit/symbol 2.0, avg per TB: (nb RBs 6.8, nb symbols 11.8)
    UL harq: 8365/5 avg code rate 0.1, avg bit/symbol 2.0, avg per TB: (nb RBs 11.9, nb symbols 13.0)
[0m[NR_RRC] MeasurementReport Encoded 53 bits (7 bytes)
[0m[NR_MAC] UE 0 RNTI 275b stats sfn: 0.0, cumulated bad DCI 0
    DL Chan: SSB 0 SINR 45.1 dB RSRP -36 dBm, RI 0 CQI: N/A
    DL harq: 1368/0 avg code rate 0.1, avg bit/symbol 2.0, avg per TB: (nb RBs 6.8, nb symbols 11.8)
    UL harq: 8378/5 avg code rate 0.1, avg bit/symbol 2.0, avg per TB: (nb RBs 11.9, nb symbols 13.0)
[0m[NR_RRC] MeasurementReport Encoded 53 bits (7 bytes)
[0m[NR_RRC] MeasurementReport Encoded 53 bits (7 bytes)
[0m[NR_MAC] UE 0 RNTI 275b stats sfn: 128.0, cumulated bad DCI 0
    DL Chan: SSB 0 SINR 46.3 dB RSRP -36 dBm, RI 0 CQI: N/A
    DL harq: 1371/0 avg code rate 0.1, avg bit/symbol 2.0, avg per TB: (nb RBs 6.8, nb symbols 11.8)
    UL harq: 8393/5 avg code rate 0.1, avg bit/symbol 2.0, avg per TB: (nb RBs 11.9, nb symbols 13.0)
[0m[NR_RRC] MeasurementReport Encoded 53 bits (7 bytes)
[0m[NR_MAC] UE 0 RNTI 275b stats sfn: 256.0, cumulated bad DCI 0
    DL Chan: SSB 0 SINR 46.3 dB RSRP -36 dBm, RI 0 CQI: N/A
    DL harq: 1373/0 avg code rate 0.1, avg bit/symbol 2.0, avg per TB: (nb RBs 6.8, nb symbols 11.8)
    UL harq: 8408/5 avg code rate 0.1, avg bit/symbol 2.0, avg per TB: (nb RBs 11.9, nb symbols 13.0)
[0m[NR_RRC] MeasurementReport Encoded 53 bits (7 bytes)
[0m[NR_MAC] UE 0 RNTI 275b stats sfn: 384.0, cumulated bad DCI 0
    DL Chan: SSB 0 SINR 44.1 dB RSRP -36 dBm, RI 0 CQI: N/A
    DL harq: 1376/0 avg code rate 0.1, avg bit/symbol 2.0, avg per TB: (nb RBs 6.8, nb symbols 11.8)
    UL harq: 8424/5 avg code rate 0.1, avg bit/symbol 2.0, avg per TB: (nb RBs 11.9, nb symbols 13.0)
[0m[NR_RRC] MeasurementReport Encoded 53 bits (7 bytes)
[0m[NR_MAC] UE 0 RNTI 275b stats sfn: 512.0, cumulated bad DCI 0
    DL Chan: SSB 0 SINR 44.1 dB RSRP -36 dBm, RI 0 CQI: N/A
    DL harq: 1378/0 avg code rate 0.1, avg bit/symbol 2.0, avg per TB: (nb RBs 6.8, nb symbols 11.8)
    UL harq: 8438/5 avg code rate 0.1, avg bit/symbol 2.0, avg per TB: (nb RBs 11.9, nb symbols 13.0)
[0m[NR_RRC] MeasurementReport Encoded 53 bits (7 bytes)
[0m[NR_RRC] MeasurementReport Encoded 53 bits (7 bytes)
[0m[NR_MAC] UE 0 RNTI 275b stats sfn: 640.0, cumulated bad DCI 0
    DL Chan: SSB 0 SINR 45.1 dB RSRP -36 dBm, RI 0 CQI: N/A
    DL harq: 1381/0 avg code rate 0.1, avg bit/symbol 2.0, avg per TB: (nb RBs 6.8, nb symbols 11.8)
    UL harq: 8452/5 avg code rate 0.1, avg bit/symbol 2.0, avg per TB: (nb RBs 11.8, nb symbols 13.0)
[0m[NR_RRC] MeasurementReport Encoded 53 bits (7 bytes)
[0m[NR_MAC] UE 0 RNTI 275b stats sfn: 768.0, cumulated bad DCI 0
    DL Chan: SSB 0 SINR 46.3 dB RSRP -36 dBm, RI 0 CQI: N/A
    DL harq: 1383/0 avg code rate 0.1, avg bit/symbol 2.0, avg per TB: (nb RBs 6.8, nb symbols 11.8)
    UL harq: 8467/5 avg code rate 0.1, avg bit/symbol 2.0, avg per TB: (nb RBs 11.8, nb symbols 13.0)
[0m[NR_RRC] MeasurementReport Encoded 53 bits (7 bytes)
[0m[NR_MAC] UE 0 RNTI 275b stats sfn: 896.0, cumulated bad DCI 0
    DL Chan: SSB 0 SINR 46.3 dB RSRP -36 dBm, RI 0 CQI: N/A
    DL harq: 1385/0 avg code rate 0.1, avg bit/symbol 2.0, avg per TB: (nb RBs 6.8, nb symbols 11.8)
    UL harq: 8483/5 avg code rate 0.1, avg bit/symbol 2.0, avg per TB: (nb RBs 11.8, nb symbols 13.0)
[0m[NR_RRC] MeasurementReport Encoded 53 bits (7 bytes)
[0m[NR_MAC] UE 0 RNTI 275b stats sfn: 0.0, cumulated bad DCI 0
    DL Chan: SSB 0 SINR 44.1 dB RSRP -36 dBm, RI 0 CQI: N/A
    DL harq: 1389/0 avg code rate 0.1, avg bit/symbol 2.0, avg per TB: (nb RBs 6.8, nb symbols 11.8)
    UL harq: 8498/5 avg code rate 0.1, avg bit/symbol 2.0, avg per TB: (nb RBs 11.8, nb symbols 13.0)
[0m[NR_RRC] MeasurementReport Encoded 53 bits (7 bytes)
[0m[NR_RRC] MeasurementReport Encoded 53 bits (7 bytes)
[0m[NR_MAC] UE 0 RNTI 275b stats sfn: 128.0, cumulated bad DCI 0
    DL Chan: SSB 0 SINR 46.3 dB RSRP -36 dBm, RI 0 CQI: N/A
    DL harq: 1391/0 avg code rate 0.1, avg bit/symbol 2.0, avg per TB: (nb RBs 6.8, nb symbols 11.8)
    UL harq: 8513/5 avg code rate 0.1, avg bit/symbol 2.0, avg per TB: (nb RBs 11.8, nb symbols 13.0)
[0m[NR_RRC] MeasurementReport Encoded 53 bits (7 bytes)
[0m[NR_MAC] UE 0 RNTI 275b stats sfn: 256.0, cumulated bad DCI 0
    DL Chan: SSB 0 SINR 45.1 dB RSRP -36 dBm, RI 0 CQI: N/A
    DL harq: 1393/0 avg code rate 0.1, avg bit/symbol 2.0, avg per TB: (nb RBs 6.8, nb symbols 11.8)
    UL harq: 8526/5 avg code rate 0.1, avg bit/symbol 2.0, avg per TB: (nb RBs 11.8, nb symbols 13.0)
[0m[NR_RRC] MeasurementReport Encoded 53 bits (7 bytes)
[0m[NR_MAC] UE 0 RNTI 275b stats sfn: 384.0, cumulated bad DCI 0
    DL Chan: SSB 0 SINR 45.1 dB RSRP -36 dBm, RI 0 CQI: N/A
    DL harq: 1395/0 avg code rate 0.1, avg bit/symbol 2.0, avg per TB: (nb RBs 6.8, nb symbols 11.8)
    UL harq: 8543/5 avg code rate 0.1, avg bit/symbol 2.0, avg per TB: (nb RBs 11.8, nb symbols 13.0)
[0m[NR_RRC] MeasurementReport Encoded 53 bits (7 bytes)
[0m[NR_MAC] UE 0 RNTI 275b stats sfn: 512.0, cumulated bad DCI 0
    DL Chan: SSB 0 SINR 44.1 dB RSRP -36 dBm, RI 0 CQI: N/A
    DL harq: 1399/0 avg code rate 0.1, avg bit/symbol 2.0, avg per TB: (nb RBs 6.8, nb symbols 11.8)
    UL harq: 8557/5 avg code rate 0.1, avg bit/symbol 2.0, avg per TB: (nb RBs 11.8, nb symbols 13.0)
[0m[NR_RRC] MeasurementReport Encoded 53 bits (7 bytes)
[0m[NR_RRC] MeasurementReport Encoded 53 bits (7 bytes)
[0m[NR_MAC] UE 0 RNTI 275b stats sfn: 640.0, cumulated bad DCI 0
    DL Chan: SSB 0 SINR 44.1 dB RSRP -36 dBm, RI 0 CQI: N/A
    DL harq: 1401/0 avg code rate 0.1, avg bit/symbol 2.0, avg per TB: (nb RBs 6.7, nb symbols 11.8)
    UL harq: 8571/5 avg code rate 0.1, avg bit/symbol 2.0, avg per TB: (nb RBs 11.8, nb symbols 13.0)
[0m[NR_RRC] MeasurementReport Encoded 53 bits (7 bytes)
[0m[NR_MAC] UE 0 RNTI 275b stats sfn: 768.0, cumulated bad DCI 0
    DL Chan: SSB 0 SINR 46.3 dB RSRP -36 dBm, RI 0 CQI: N/A
    DL harq: 1403/0 avg code rate 0.1, avg bit/symbol 2.0, avg per TB: (nb RBs 6.7, nb symbols 11.8)
    UL harq: 8586/5 avg code rate 0.1, avg bit/symbol 2.0, avg per TB: (nb RBs 11.7, nb symbols 13.0)
[0m[NR_RRC] MeasurementReport Encoded 53 bits (7 bytes)
[0m[NR_MAC] UE 0 RNTI 275b stats sfn: 896.0, cumulated bad DCI 0
    DL Chan: SSB 0 SINR 46.3 dB RSRP -36 dBm, RI 0 CQI: N/A
    DL harq: 1406/0 avg code rate 0.1, avg bit/symbol 2.0, avg per TB: (nb RBs 6.7, nb symbols 11.8)
    UL harq: 8601/5 avg code rate 0.1, avg bit/symbol 2.0, avg per TB: (nb RBs 11.7, nb symbols 13.0)
[0m[NR_RRC] MeasurementReport Encoded 53 bits (7 bytes)
[0m[NR_MAC] UE 0 RNTI 275b stats sfn: 0.0, cumulated bad DCI 0
    DL Chan: SSB 0 SINR 46.3 dB RSRP -36 dBm, RI 0 CQI: N/A
    DL harq: 1409/0 avg code rate 0.1, avg bit/symbol 2.0, avg per TB: (nb RBs 6.7, nb symbols 11.8)
    UL harq: 8616/5 avg code rate 0.1, avg bit/symbol 2.0, avg per TB: (nb RBs 11.7, nb symbols 13.0)
[0m[NR_RRC] MeasurementReport Encoded 53 bits (7 bytes)
[0m[NR_RRC] MeasurementReport Encoded 53 bits (7 bytes)
[0m[NR_MAC] UE 0 RNTI 275b stats sfn: 128.0, cumulated bad DCI 0
    DL Chan: SSB 0 SINR 46.3 dB RSRP -36 dBm, RI 0 CQI: N/A
    DL harq: 1411/0 avg code rate 0.1, avg bit/symbol 2.0, avg per TB: (nb RBs 6.7, nb symbols 11.8)
    UL harq: 8631/5 avg code rate 0.1, avg bit/symbol 2.0, avg per TB: (nb RBs 11.7, nb symbols 13.0)
[0m[NR_RRC] MeasurementReport Encoded 53 bits (7 bytes)
[0m[NR_MAC] UE 0 RNTI 275b stats sfn: 256.0, cumulated bad DCI 0
    DL Chan: SSB 0 SINR 45.1 dB RSRP -36 dBm, RI 0 CQI: N/A
    DL harq: 1413/0 avg code rate 0.1, avg bit/symbol 2.0, avg per TB: (nb RBs 6.7, nb symbols 11.8)
    UL harq: 8646/5 avg code rate 0.1, avg bit/symbol 2.0, avg per TB: (nb RBs 11.7, nb symbols 13.0)
[0m[NR_RRC] MeasurementReport Encoded 53 bits (7 bytes)
[0m[NR_MAC] UE 0 RNTI 275b stats sfn: 384.0, cumulated bad DCI 0
    DL Chan: SSB 0 SINR 44.1 dB RSRP -36 dBm, RI 0 CQI: N/A
    DL harq: 1416/0 avg code rate 0.1, avg bit/symbol 2.0, avg per TB: (nb RBs 6.7, nb symbols 11.8)
    UL harq: 8662/5 avg code rate 0.1, avg bit/symbol 2.0, avg per TB: (nb RBs 11.7, nb symbols 13.0)
[0m[NR_RRC] MeasurementReport Encoded 53 bits (7 bytes)
[0m[NR_MAC] UE 0 RNTI 275b stats sfn: 512.0, cumulated bad DCI 0
    DL Chan: SSB 0 SINR 44.1 dB RSRP -36 dBm, RI 0 CQI: N/A
    DL harq: 1419/0 avg code rate 0.1, avg bit/symbol 2.0, avg per TB: (nb RBs 6.7, nb symbols 11.8)
    UL harq: 8675/5 avg code rate 0.1, avg bit/symbol 2.0, avg per TB: (nb RBs 11.7, nb symbols 13.0)
[0m[NR_RRC] MeasurementReport Encoded 53 bits (7 bytes)
[0m[NR_RRC] MeasurementReport Encoded 53 bits (7 bytes)
[0m[NR_MAC] UE 0 RNTI 275b stats sfn: 640.0, cumulated bad DCI 0
    DL Chan: SSB 0 SINR 45.1 dB RSRP -36 dBm, RI 0 CQI: N/A
    DL harq: 1421/0 avg code rate 0.1, avg bit/symbol 2.0, avg per TB: (nb RBs 6.7, nb symbols 11.8)
    UL harq: 8690/5 avg code rate 0.1, avg bit/symbol 2.0, avg per TB: (nb RBs 11.7, nb symbols 13.0)
[0m[NR_RRC] MeasurementReport Encoded 53 bits (7 bytes)
[0m[NR_MAC] UE 0 RNTI 275b stats sfn: 768.0, cumulated bad DCI 0
    DL Chan: SSB 0 SINR 44.1 dB RSRP -36 dBm, RI 0 CQI: N/A
    DL harq: 1424/0 avg code rate 0.1, avg bit/symbol 2.0, avg per TB: (nb RBs 6.7, nb symbols 11.8)
    UL harq: 8705/5 avg code rate 0.1, avg bit/symbol 2.0, avg per TB: (nb RBs 11.7, nb symbols 13.0)
[0m[NR_RRC] MeasurementReport Encoded 53 bits (7 bytes)
[0m[NR_MAC] UE 0 RNTI 275b stats sfn: 896.0, cumulated bad DCI 0
    DL Chan: SSB 0 SINR 46.3 dB RSRP -36 dBm, RI 0 CQI: N/A
    DL harq: 1426/0 avg code rate 0.1, avg bit/symbol 2.0, avg per TB: (nb RBs 6.7, nb symbols 11.8)
    UL harq: 8720/5 avg code rate 0.1, avg bit/symbol 2.0, avg per TB: (nb RBs 11.6, nb symbols 13.0)
[0m[NR_RRC] MeasurementReport Encoded 53 bits (7 bytes)
[0m[NR_MAC] UE 0 RNTI 275b stats sfn: 0.0, cumulated bad DCI 0
    DL Chan: SSB 0 SINR 45.1 dB RSRP -36 dBm, RI 0 CQI: N/A
    DL harq: 1429/0 avg code rate 0.1, avg bit/symbol 2.0, avg per TB: (nb RBs 6.7, nb symbols 11.8)
    UL harq: 8736/5 avg code rate 0.1, avg bit/symbol 2.0, avg per TB: (nb RBs 11.6, nb symbols 13.0)
[0m[NR_RRC] MeasurementReport Encoded 53 bits (7 bytes)
[0m[NR_MAC] UE 0 RNTI 275b stats sfn: 128.0, cumulated bad DCI 0
    DL Chan: SSB 0 SINR 44.1 dB RSRP -36 dBm, RI 0 CQI: N/A
    DL harq: 1431/0 avg code rate 0.1, avg bit/symbol 2.0, avg per TB: (nb RBs 6.7, nb symbols 11.8)
    UL harq: 8749/5 avg code rate 0.1, avg bit/symbol 2.0, avg per TB: (nb RBs 11.6, nb symbols 13.0)
[0m[NR_RRC] MeasurementReport Encoded 53 bits (7 bytes)
[0m[NR_RRC] MeasurementReport Encoded 53 bits (7 bytes)
[0m[NR_MAC] UE 0 RNTI 275b stats sfn: 256.0, cumulated bad DCI 0
    DL Chan: SSB 0 SINR 44.1 dB RSRP -36 dBm, RI 0 CQI: N/A
    DL harq: 1434/0 avg code rate 0.1, avg bit/symbol 2.0, avg per TB: (nb RBs 6.7, nb symbols 11.8)
    UL harq: 8763/5 avg code rate 0.1, avg bit/symbol 2.0, avg per TB: (nb RBs 11.6, nb symbols 13.0)
[0m[NR_RRC] MeasurementReport Encoded 53 bits (7 bytes)
[0m[NR_MAC] UE 0 RNTI 275b stats sfn: 384.0, cumulated bad DCI 0
    DL Chan: SSB 0 SINR 45.1 dB RSRP -36 dBm, RI 0 CQI: N/A
    DL harq: 1436/0 avg code rate 0.1, avg bit/symbol 2.0, avg per TB: (nb RBs 6.7, nb symbols 11.8)
    UL harq: 8778/5 avg code rate 0.1, avg bit/symbol 2.0, avg per TB: (nb RBs 11.6, nb symbols 13.0)
[0m[NR_RRC] MeasurementReport Encoded 53 bits (7 bytes)
[0m[NR_MAC] UE 0 RNTI 275b stats sfn: 512.0, cumulated bad DCI 0
    DL Chan: SSB 0 SINR 45.1 dB RSRP -36 dBm, RI 0 CQI: N/A
    DL harq: 1439/0 avg code rate 0.1, avg bit/symbol 2.0, avg per TB: (nb RBs 6.7, nb symbols 11.8)
    UL harq: 8794/5 avg code rate 0.1, avg bit/symbol 2.0, avg per TB: (nb RBs 11.6, nb symbols 13.0)
[0m[NR_RRC] MeasurementReport Encoded 53 bits (7 bytes)
[0m[NR_MAC] UE 0 RNTI 275b stats sfn: 640.0, cumulated bad DCI 0
    DL Chan: SSB 0 SINR 46.3 dB RSRP -36 dBm, RI 0 CQI: N/A
    DL harq: 1441/0 avg code rate 0.1, avg bit/symbol 2.0, avg per TB: (nb RBs 6.7, nb symbols 11.8)
    UL harq: 8808/5 avg code rate 0.1, avg bit/symbol 2.0, avg per TB: (nb RBs 11.6, nb symbols 13.0)
[0m[NR_RRC] MeasurementReport Encoded 53 bits (7 bytes)
[0m[NR_RRC] MeasurementReport Encoded 53 bits (7 bytes)
[0m[NR_MAC] UE 0 RNTI 275b stats sfn: 768.0, cumulated bad DCI 0
    DL Chan: SSB 0 SINR 44.1 dB RSRP -36 dBm, RI 0 CQI: N/A
    DL harq: 1444/0 avg code rate 0.1, avg bit/symbol 2.0, avg per TB: (nb RBs 6.7, nb symbols 11.8)
    UL harq: 8822/5 avg code rate 0.1, avg bit/symbol 2.0, avg per TB: (nb RBs 11.6, nb symbols 13.0)
[0m[NR_RRC] MeasurementReport Encoded 53 bits (7 bytes)
[0m[NR_MAC] UE 0 RNTI 275b stats sfn: 896.0, cumulated bad DCI 0
    DL Chan: SSB 0 SINR 45.1 dB RSRP -36 dBm, RI 0 CQI: N/A
    DL harq: 1446/0 avg code rate 0.1, avg bit/symbol 2.0, avg per TB: (nb RBs 6.7, nb symbols 11.8)
    UL harq: 8837/5 avg code rate 0.1, avg bit/symbol 2.0, avg per TB: (nb RBs 11.6, nb symbols 13.0)
[0m[NR_RRC] MeasurementReport Encoded 53 bits (7 bytes)
[0m[NR_MAC] UE 0 RNTI 275b stats sfn: 0.0, cumulated bad DCI 0
    DL Chan: SSB 0 SINR 45.1 dB RSRP -36 dBm, RI 0 CQI: N/A
    DL harq: 1449/0 avg code rate 0.1, avg bit/symbol 2.0, avg per TB: (nb RBs 6.7, nb symbols 11.8)
    UL harq: 8853/5 avg code rate 0.1, avg bit/symbol 2.0, avg per TB: (nb RBs 11.5, nb symbols 13.0)
[0m[NR_RRC] MeasurementReport Encoded 53 bits (7 bytes)
[0m[NR_MAC] UE 0 RNTI 275b stats sfn: 128.0, cumulated bad DCI 0
    DL Chan: SSB 0 SINR 45.1 dB RSRP -36 dBm, RI 0 CQI: N/A
    DL harq: 1452/0 avg code rate 0.1, avg bit/symbol 2.0, avg per TB: (nb RBs 6.7, nb symbols 11.8)
    UL harq: 8868/5 avg code rate 0.1, avg bit/symbol 2.0, avg per TB: (nb RBs 11.5, nb symbols 13.0)
[0m[NR_RRC] MeasurementReport Encoded 53 bits (7 bytes)
[0m[NR_RRC] MeasurementReport Encoded 53 bits (7 bytes)
[0m[NR_MAC] UE 0 RNTI 275b stats sfn: 256.0, cumulated bad DCI 0
    DL Chan: SSB 0 SINR 45.1 dB RSRP -36 dBm, RI 0 CQI: N/A
    DL harq: 1454/0 avg code rate 0.1, avg bit/symbol 2.0, avg per TB: (nb RBs 6.7, nb symbols 11.8)
    UL harq: 8883/5 avg code rate 0.1, avg bit/symbol 2.0, avg per TB: (nb RBs 11.5, nb symbols 13.0)
[0m[NR_RRC] MeasurementReport Encoded 53 bits (7 bytes)
[0m[NR_MAC] UE 0 RNTI 275b stats sfn: 384.0, cumulated bad DCI 0
    DL Chan: SSB 0 SINR 44.1 dB RSRP -36 dBm, RI 0 CQI: N/A
    DL harq: 1456/0 avg code rate 0.1, avg bit/symbol 2.0, avg per TB: (nb RBs 6.7, nb symbols 11.8)
    UL harq: 8897/5 avg code rate 0.1, avg bit/symbol 2.0, avg per TB: (nb RBs 11.5, nb symbols 13.0)
[0m[NR_RRC] [UE 0] 401:0 Decoding SI
[0m[32m[NR_RRC] Found SIB19
[0m[NR_RRC] Get EPOCHTIME: x:10, N:10, slot_endw:10, frame:402, subframe:0 , slot:0
[0m[NR_RRC] Epoch frame 402 ahead by 1 frames
[0m[NR_RRC] val430:240 s, T430:240010 ms, sib19_timer:120010 ms
[0m[NR_MAC] NTN Config Rxd. Epoch HFN: 59, Epoch SFN: 402, Epoch Subframe: 0, k_offset: 478ms, N_Common_Ta: 238.740000ms, drift: 0.000000µs/s, variant: 0.000000µs/s²
[0m[NR_MAC] Satellite orbital radius 42163999.800000 m, pos_sat_0 = {0.000000, 0.000000, 42163999.800000}, pos_sat_90 = {0.000000, 0.000000, 42163999.800000}
[0m[NR_MAC] Satellite velocity 0.000000 m/s, angular velocity = 0.000000e+00 rad/ms, vel_sat_0 = {0.000000, 0.000000, 0.000000}, vel_sat_90 = {0.000000, 0.000000, 0.000000}
[0m[PHY]    k_offset: 478ms, N_Common_Ta: 238.740000ms, drift: 0.000000µs/s, variant: 0.000000µs/s², timing_advance_ntn: 3667039 samples, DL Doppler shift: 0.000000kHz, UL Doppler shift: 0.000000kHz
[0m[NR_RRC] MeasurementReport Encoded 53 bits (7 bytes)
[0m[NR_MAC] UE 0 RNTI 275b stats sfn: 512.0, cumulated bad DCI 0
    DL Chan: SSB 0 SINR 45.1 dB RSRP -36 dBm, RI 0 CQI: N/A
    DL harq: 1459/0 avg code rate 0.1, avg bit/symbol 2.0, avg per TB: (nb RBs 6.7, nb symbols 11.8)
    UL harq: 8912/5 avg code rate 0.1, avg bit/symbol 2.0, avg per TB: (nb RBs 11.5, nb symbols 13.0)
[0m[NR_RRC] MeasurementReport Encoded 53 bits (7 bytes)
[0m[NR_MAC] UE 0 RNTI 275b stats sfn: 640.0, cumulated bad DCI 0
    DL Chan: SSB 0 SINR 44.1 dB RSRP -36 dBm, RI 0 CQI: N/A
    DL harq: 1462/0 avg code rate 0.1, avg bit/symbol 2.0, avg per TB: (nb RBs 6.7, nb symbols 11.8)
    UL harq: 8927/5 avg code rate 0.1, avg bit/symbol 2.0, avg per TB: (nb RBs 11.5, nb symbols 13.0)
[0m[NR_RRC] MeasurementReport Encoded 53 bits (7 bytes)
[0m[NR_RRC] MeasurementReport Encoded 53 bits (7 bytes)
[0m[NR_MAC] UE 0 RNTI 275b stats sfn: 768.0, cumulated bad DCI 0
    DL Chan: SSB 0 SINR 46.3 dB RSRP -36 dBm, RI 0 CQI: N/A
    DL harq: 1464/0 avg code rate 0.1, avg bit/symbol 2.0, avg per TB: (nb RBs 6.7, nb symbols 11.8)
    UL harq: 8942/5 avg code rate 0.1, avg bit/symbol 2.0, avg per TB: (nb RBs 11.5, nb symbols 13.0)
[0m[NR_RRC] MeasurementReport Encoded 53 bits (7 bytes)
[0m[NR_MAC] UE 0 RNTI 275b stats sfn: 896.0, cumulated bad DCI 0
    DL Chan: SSB 0 SINR 46.3 dB RSRP -36 dBm, RI 0 CQI: N/A
    DL harq: 1466/0 avg code rate 0.1, avg bit/symbol 2.0, avg per TB: (nb RBs 6.7, nb symbols 11.8)
    UL harq: 8956/5 avg code rate 0.1, avg bit/symbol 2.0, avg per TB: (nb RBs 11.5, nb symbols 13.0)
[0m[NR_RRC] MeasurementReport Encoded 53 bits (7 bytes)
[0m[NR_MAC] UE 0 RNTI 275b stats sfn: 0.0, cumulated bad DCI 0
    DL Chan: SSB 0 SINR 45.1 dB RSRP -36 dBm, RI 0 CQI: N/A
    DL harq: 1469/0 avg code rate 0.1, avg bit/symbol 2.0, avg per TB: (nb RBs 6.7, nb symbols 11.8)
    UL harq: 8972/5 avg code rate 0.1, avg bit/symbol 2.0, avg per TB: (nb RBs 11.5, nb symbols 13.0)
[0m[NR_RRC] MeasurementReport Encoded 53 bits (7 bytes)
[0m[NR_MAC] UE 0 RNTI 275b stats sfn: 128.0, cumulated bad DCI 0
    DL Chan: SSB 0 SINR 45.1 dB RSRP -36 dBm, RI 0 CQI: N/A
    DL harq: 1472/0 avg code rate 0.1, avg bit/symbol 2.0, avg per TB: (nb RBs 6.7, nb symbols 11.8)
    UL harq: 8987/5 avg code rate 0.1, avg bit/symbol 2.0, avg per TB: (nb RBs 11.4, nb symbols 13.0)
[0m[NR_RRC] MeasurementReport Encoded 53 bits (7 bytes)
[0m[NR_RRC] MeasurementReport Encoded 53 bits (7 bytes)
[0m[NR_MAC] UE 0 RNTI 275b stats sfn: 256.0, cumulated bad DCI 0
    DL Chan: SSB 0 SINR 46.3 dB RSRP -36 dBm, RI 0 CQI: N/A
    DL harq: 1474/0 avg code rate 0.1, avg bit/symbol 2.0, avg per TB: (nb RBs 6.7, nb symbols 11.8)
    UL harq: 9001/5 avg code rate 0.1, avg bit/symbol 2.0, avg per TB: (nb RBs 11.4, nb symbols 13.0)
[0m[NR_RRC] MeasurementReport Encoded 53 bits (7 bytes)
[0m[NR_MAC] UE 0 RNTI 275b stats sfn: 384.0, cumulated bad DCI 0
    DL Chan: SSB 0 SINR 45.1 dB RSRP -36 dBm, RI 0 CQI: N/A
    DL harq: 1476/0 avg code rate 0.1, avg bit/symbol 2.0, avg per TB: (nb RBs 6.7, nb symbols 11.8)
    UL harq: 9016/5 avg code rate 0.1, avg bit/symbol 2.0, avg per TB: (nb RBs 11.4, nb symbols 13.0)
[0m[NR_RRC] MeasurementReport Encoded 53 bits (7 bytes)
[0m[NR_MAC] UE 0 RNTI 275b stats sfn: 512.0, cumulated bad DCI 0
    DL Chan: SSB 0 SINR 43.3 dB RSRP -36 dBm, RI 0 CQI: N/A
    DL harq: 1480/0 avg code rate 0.1, avg bit/symbol 2.0, avg per TB: (nb RBs 6.7, nb symbols 11.8)
    UL harq: 9032/5 avg code rate 0.1, avg bit/symbol 2.0, avg per TB: (nb RBs 11.4, nb symbols 13.0)
[0m[NR_RRC] MeasurementReport Encoded 53 bits (7 bytes)
[0m[NR_MAC] UE 0 RNTI 275b stats sfn: 640.0, cumulated bad DCI 0
    DL Chan: SSB 0 SINR 44.1 dB RSRP -36 dBm, RI 0 CQI: N/A
    DL harq: 1482/0 avg code rate 0.1, avg bit/symbol 2.0, avg per TB: (nb RBs 6.7, nb symbols 11.8)
    UL harq: 9045/5 avg code rate 0.1, avg bit/symbol 2.0, avg per TB: (nb RBs 11.4, nb symbols 13.0)
[0m[NR_RRC] MeasurementReport Encoded 53 bits (7 bytes)
[0m[NR_RRC] MeasurementReport Encoded 53 bits (7 bytes)
[0m[NR_MAC] UE 0 RNTI 275b stats sfn: 768.0, cumulated bad DCI 0
    DL Chan: SSB 0 SINR 46.3 dB RSRP -36 dBm, RI 0 CQI: N/A
    DL harq: 1484/0 avg code rate 0.1, avg bit/symbol 2.0, avg per TB: (nb RBs 6.7, nb symbols 11.8)
    UL harq: 9060/5 avg code rate 0.1, avg bit/symbol 2.0, avg per TB: (nb RBs 11.4, nb symbols 13.0)
[0m[NR_RRC] MeasurementReport Encoded 53 bits (7 bytes)
[0m[NR_MAC] UE 0 RNTI 275b stats sfn: 896.0, cumulated bad DCI 0
    DL Chan: SSB 0 SINR 46.3 dB RSRP -36 dBm, RI 0 CQI: N/A
    DL harq: 1487/0 avg code rate 0.1, avg bit/symbol 2.0, avg per TB: (nb RBs 6.6, nb symbols 11.8)
    UL harq: 9075/5 avg code rate 0.1, avg bit/symbol 2.0, avg per TB: (nb RBs 11.4, nb symbols 13.0)
[0m[NR_RRC] MeasurementReport Encoded 53 bits (7 bytes)
[0m[NR_MAC] UE 0 RNTI 275b stats sfn: 0.0, cumulated bad DCI 0
    DL Chan: SSB 0 SINR 45.1 dB RSRP -36 dBm, RI 0 CQI: N/A
    DL harq: 1489/0 avg code rate 0.1, avg bit/symbol 2.0, avg per TB: (nb RBs 6.6, nb symbols 11.8)
    UL harq: 9091/5 avg code rate 0.1, avg bit/symbol 2.0, avg per TB: (nb RBs 11.4, nb symbols 13.0)
[0m[NR_RRC] MeasurementReport Encoded 53 bits (7 bytes)
[0m[NR_MAC] UE 0 RNTI 275b stats sfn: 128.0, cumulated bad DCI 0
    DL Chan: SSB 0 SINR 45.1 dB RSRP -36 dBm, RI 0 CQI: N/A
    DL harq: 1492/0 avg code rate 0.1, avg bit/symbol 2.0, avg per TB: (nb RBs 6.6, nb symbols 11.8)
    UL harq: 9106/5 avg code rate 0.1, avg bit/symbol 2.0, avg per TB: (nb RBs 11.4, nb symbols 13.0)
[0m[NR_RRC] MeasurementReport Encoded 53 bits (7 bytes)
[0m[NR_RRC] MeasurementReport Encoded 53 bits (7 bytes)
[0m[NR_MAC] UE 0 RNTI 275b stats sfn: 256.0, cumulated bad DCI 0
    DL Chan: SSB 0 SINR 46.3 dB RSRP -36 dBm, RI 0 CQI: N/A
    DL harq: 1494/0 avg code rate 0.1, avg bit/symbol 2.0, avg per TB: (nb RBs 6.6, nb symbols 11.8)
    UL harq: 9120/5 avg code rate 0.1, avg bit/symbol 2.0, avg per TB: (nb RBs 11.3, nb symbols 13.0)
[0m[NR_RRC] MeasurementReport Encoded 53 bits (7 bytes)
[0m[NR_MAC] UE 0 RNTI 275b stats sfn: 384.0, cumulated bad DCI 0
    DL Chan: SSB 0 SINR 45.1 dB RSRP -36 dBm, RI 0 CQI: N/A
    DL harq: 1497/0 avg code rate 0.1, avg bit/symbol 2.0, avg per TB: (nb RBs 6.6, nb symbols 11.8)
    UL harq: 9135/5 avg code rate 0.1, avg bit/symbol 2.0, avg per TB: (nb RBs 11.3, nb symbols 13.0)
[0m[NR_RRC] MeasurementReport Encoded 53 bits (7 bytes)
[0m[NR_MAC] UE 0 RNTI 275b stats sfn: 512.0, cumulated bad DCI 0
    DL Chan: SSB 0 SINR 44.1 dB RSRP -36 dBm, RI 0 CQI: N/A
    DL harq: 1499/0 avg code rate 0.1, avg bit/symbol 2.0, avg per TB: (nb RBs 6.6, nb symbols 11.8)
    UL harq: 9150/5 avg code rate 0.1, avg bit/symbol 2.0, avg per TB: (nb RBs 11.3, nb symbols 13.0)
[0m[NR_RRC] MeasurementReport Encoded 53 bits (7 bytes)
[0m[NR_MAC] UE 0 RNTI 275b stats sfn: 640.0, cumulated bad DCI 0
    DL Chan: SSB 0 SINR 45.1 dB RSRP -36 dBm, RI 0 CQI: N/A
    DL harq: 1502/0 avg code rate 0.1, avg bit/symbol 2.0, avg per TB: (nb RBs 6.6, nb symbols 11.8)
    UL harq: 9165/5 avg code rate 0.1, avg bit/symbol 2.0, avg per TB: (nb RBs 11.3, nb symbols 13.0)
[0m[NR_RRC] MeasurementReport Encoded 53 bits (7 bytes)
[0m[NR_RRC] MeasurementReport Encoded 53 bits (7 bytes)
[0m[NR_MAC] UE 0 RNTI 275b stats sfn: 768.0, cumulated bad DCI 0
    DL Chan: SSB 0 SINR 46.3 dB RSRP -36 dBm, RI 0 CQI: N/A
    DL harq: 1504/0 avg code rate 0.1, avg bit/symbol 2.0, avg per TB: (nb RBs 6.6, nb symbols 11.8)
    UL harq: 9180/5 avg code rate 0.1, avg bit/symbol 2.0, avg per TB: (nb RBs 11.3, nb symbols 13.0)
[0m[NR_RRC] MeasurementReport Encoded 53 bits (7 bytes)
[0m[NR_MAC] UE 0 RNTI 275b stats sfn: 896.0, cumulated bad DCI 0
    DL Chan: SSB 0 SINR 45.1 dB RSRP -36 dBm, RI 0 CQI: N/A
    DL harq: 1507/0 avg code rate 0.1, avg bit/symbol 2.0, avg per TB: (nb RBs 6.6, nb symbols 11.8)
    UL harq: 9193/5 avg code rate 0.1, avg bit/symbol 2.0, avg per TB: (nb RBs 11.3, nb symbols 13.0)
[0m[NR_RRC] MeasurementReport Encoded 53 bits (7 bytes)
[0m[NR_MAC] UE 0 RNTI 275b stats sfn: 0.0, cumulated bad DCI 0
    DL Chan: SSB 0 SINR 46.3 dB RSRP -36 dBm, RI 0 CQI: N/A
    DL harq: 1509/0 avg code rate 0.1, avg bit/symbol 2.0, avg per TB: (nb RBs 6.6, nb symbols 11.8)
    UL harq: 9209/5 avg code rate 0.1, avg bit/symbol 2.0, avg per TB: (nb RBs 11.3, nb symbols 13.0)
[0m[NR_RRC] MeasurementReport Encoded 53 bits (7 bytes)
[0m[NR_MAC] UE 0 RNTI 275b stats sfn: 128.0, cumulated bad DCI 0
    DL Chan: SSB 0 SINR 45.1 dB RSRP -36 dBm, RI 0 CQI: N/A
    DL harq: 1512/0 avg code rate 0.1, avg bit/symbol 2.0, avg per TB: (nb RBs 6.6, nb symbols 11.8)
    UL harq: 9225/5 avg code rate 0.1, avg bit/symbol 2.0, avg per TB: (nb RBs 11.3, nb symbols 13.0)
[0m[NR_RRC] MeasurementReport Encoded 53 bits (7 bytes)
[0m[NR_MAC] UE 0 RNTI 275b stats sfn: 256.0, cumulated bad DCI 0
    DL Chan: SSB 0 SINR 45.1 dB RSRP -36 dBm, RI 0 CQI: N/A
    DL harq: 1515/0 avg code rate 0.1, avg bit/symbol 2.0, avg per TB: (nb RBs 6.6, nb symbols 11.8)
    UL harq: 9239/5 avg code rate 0.1, avg bit/symbol 2.0, avg per TB: (nb RBs 11.3, nb symbols 13.0)
[0m[NR_RRC] MeasurementReport Encoded 53 bits (7 bytes)
[0m[NR_RRC] MeasurementReport Encoded 53 bits (7 bytes)
[0m[NR_MAC] UE 0 RNTI 275b stats sfn: 384.0, cumulated bad DCI 0
    DL Chan: SSB 0 SINR 46.3 dB RSRP -36 dBm, RI 0 CQI: N/A
    DL harq: 1517/0 avg code rate 0.1, avg bit/symbol 2.0, avg per TB: (nb RBs 6.6, nb symbols 11.8)
    UL harq: 9254/5 avg code rate 0.1, avg bit/symbol 2.0, avg per TB: (nb RBs 11.3, nb symbols 13.0)
[0m[NR_RRC] MeasurementReport Encoded 53 bits (7 bytes)
[0m[NR_MAC] UE 0 RNTI 275b stats sfn: 512.0, cumulated bad DCI 0
    DL Chan: SSB 0 SINR 45.1 dB RSRP -36 dBm, RI 0 CQI: N/A
    DL harq: 1519/0 avg code rate 0.1, avg bit/symbol 2.0, avg per TB: (nb RBs 6.6, nb symbols 11.8)
    UL harq: 9268/5 avg code rate 0.1, avg bit/symbol 2.0, avg per TB: (nb RBs 11.2, nb symbols 13.0)
[0m[NR_RRC] MeasurementReport Encoded 53 bits (7 bytes)
[0m[NR_MAC] UE 0 RNTI 275b stats sfn: 640.0, cumulated bad DCI 0
    DL Chan: SSB 0 SINR 46.3 dB RSRP -36 dBm, RI 0 CQI: N/A
    DL harq: 1522/0 avg code rate 0.1, avg bit/symbol 2.0, avg per TB: (nb RBs 6.6, nb symbols 11.8)
    UL harq: 9283/5 avg code rate 0.1, avg bit/symbol 2.0, avg per TB: (nb RBs 11.2, nb symbols 13.0)
[0m[NR_RRC] MeasurementReport Encoded 53 bits (7 bytes)
[0m[NR_MAC] UE 0 RNTI 275b stats sfn: 768.0, cumulated bad DCI 0
    DL Chan: SSB 0 SINR 44.1 dB RSRP -36 dBm, RI 0 CQI: N/A
    DL harq: 1525/0 avg code rate 0.1, avg bit/symbol 2.0, avg per TB: (nb RBs 6.6, nb symbols 11.8)
    UL harq: 9298/5 avg code rate 0.1, avg bit/symbol 2.0, avg per TB: (nb RBs 11.2, nb symbols 13.0)
[0m[NR_RRC] MeasurementReport Encoded 53 bits (7 bytes)
[0m[NR_RRC] MeasurementReport Encoded 53 bits (7 bytes)
[0m[NR_MAC] UE 0 RNTI 275b stats sfn: 896.0, cumulated bad DCI 0
    DL Chan: SSB 0 SINR 46.3 dB RSRP -36 dBm, RI 0 CQI: N/A
    DL harq: 1527/0 avg code rate 0.1, avg bit/symbol 2.0, avg per TB: (nb RBs 6.6, nb symbols 11.8)
    UL harq: 9313/5 avg code rate 0.1, avg bit/symbol 2.0, avg per TB: (nb RBs 11.2, nb symbols 13.0)
[0m[NR_RRC] MeasurementReport Encoded 53 bits (7 bytes)
[0m[NR_MAC] UE 0 RNTI 275b stats sfn: 0.0, cumulated bad DCI 0
    DL Chan: SSB 0 SINR 44.1 dB RSRP -36 dBm, RI 0 CQI: N/A
    DL harq: 1529/0 avg code rate 0.1, avg bit/symbol 2.0, avg per TB: (nb RBs 6.6, nb symbols 11.8)
    UL harq: 9328/5 avg code rate 0.1, avg bit/symbol 2.0, avg per TB: (nb RBs 11.2, nb symbols 13.0)
[0m[NR_RRC] MeasurementReport Encoded 53 bits (7 bytes)
[0m[NR_MAC] UE 0 RNTI 275b stats sfn: 128.0, cumulated bad DCI 0
    DL Chan: SSB 0 SINR 46.3 dB RSRP -36 dBm, RI 0 CQI: N/A
    DL harq: 1533/0 avg code rate 0.1, avg bit/symbol 2.0, avg per TB: (nb RBs 6.6, nb symbols 11.8)
    UL harq: 9343/5 avg code rate 0.1, avg bit/symbol 2.0, avg per TB: (nb RBs 11.2, nb symbols 13.0)
[0m[NR_RRC] MeasurementReport Encoded 53 bits (7 bytes)
[0m[NR_MAC] UE 0 RNTI 275b stats sfn: 256.0, cumulated bad DCI 0
    DL Chan: SSB 0 SINR 46.3 dB RSRP -36 dBm, RI 0 CQI: N/A
    DL harq: 1535/0 avg code rate 0.1, avg bit/symbol 2.0, avg per TB: (nb RBs 6.6, nb symbols 11.8)
    UL harq: 9358/5 avg code rate 0.1, avg bit/symbol 2.0, avg per TB: (nb RBs 11.2, nb symbols 13.0)
[0m[NR_RRC] MeasurementReport Encoded 53 bits (7 bytes)
[0m[NR_RRC] MeasurementReport Encoded 53 bits (7 bytes)
[0m[NR_MAC] UE 0 RNTI 275b stats sfn: 384.0, cumulated bad DCI 0
    DL Chan: SSB 0 SINR 46.3 dB RSRP -36 dBm, RI 0 CQI: N/A
    DL harq: 1537/0 avg code rate 0.1, avg bit/symbol 2.0, avg per TB: (nb RBs 6.6, nb symbols 11.8)
    UL harq: 9373/5 avg code rate 0.1, avg bit/symbol 2.0, avg per TB: (nb RBs 11.2, nb symbols 13.0)
[0m[NR_RRC] MeasurementReport Encoded 53 bits (7 bytes)
[0m[NR_MAC] UE 0 RNTI 275b stats sfn: 512.0, cumulated bad DCI 0
    DL Chan: SSB 0 SINR 45.1 dB RSRP -36 dBm, RI 0 CQI: N/A
    DL harq: 1539/0 avg code rate 0.1, avg bit/symbol 2.0, avg per TB: (nb RBs 6.6, nb symbols 11.8)
    UL harq: 9387/5 avg code rate 0.1, avg bit/symbol 2.0, avg per TB: (nb RBs 11.2, nb symbols 13.0)
[0m[NR_RRC] MeasurementReport Encoded 53 bits (7 bytes)
[0m[NR_MAC] UE 0 RNTI 275b stats sfn: 640.0, cumulated bad DCI 0
    DL Chan: SSB 0 SINR 45.1 dB RSRP -36 dBm, RI 0 CQI: N/A
    DL harq: 1543/0 avg code rate 0.1, avg bit/symbol 2.0, avg per TB: (nb RBs 6.6, nb symbols 11.8)
    UL harq: 9402/5 avg code rate 0.1, avg bit/symbol 2.0, avg per TB: (nb RBs 11.2, nb symbols 13.0)
[0m[NR_RRC] MeasurementReport Encoded 53 bits (7 bytes)
[0m[NR_MAC] UE 0 RNTI 275b stats sfn: 768.0, cumulated bad DCI 0
    DL Chan: SSB 0 SINR 45.1 dB RSRP -36 dBm, RI 0 CQI: N/A
    DL harq: 1545/0 avg code rate 0.1, avg bit/symbol 2.0, avg per TB: (nb RBs 6.6, nb symbols 11.8)
    UL harq: 9417/5 avg code rate 0.1, avg bit/symbol 2.0, avg per TB: (nb RBs 11.1, nb symbols 13.0)
[0m[NR_RRC] MeasurementReport Encoded 53 bits (7 bytes)
[0m[NR_RRC] MeasurementReport Encoded 53 bits (7 bytes)
[0m[NR_MAC] UE 0 RNTI 275b stats sfn: 896.0, cumulated bad DCI 0
    DL Chan: SSB 0 SINR 43.3 dB RSRP -36 dBm, RI 0 CQI: N/A
    DL harq: 1547/0 avg code rate 0.1, avg bit/symbol 2.0, avg per TB: (nb RBs 6.6, nb symbols 11.8)
    UL harq: 9431/5 avg code rate 0.1, avg bit/symbol 2.0, avg per TB: (nb RBs 11.1, nb symbols 13.0)
[0m[NR_RRC] MeasurementReport Encoded 53 bits (7 bytes)
[0m[NR_MAC] UE 0 RNTI 275b stats sfn: 0.0, cumulated bad DCI 0
    DL Chan: SSB 0 SINR 44.1 dB RSRP -36 dBm, RI 0 CQI: N/A
    DL harq: 1550/0 avg code rate 0.1, avg bit/symbol 2.0, avg per TB: (nb RBs 6.6, nb symbols 11.8)
    UL harq: 9446/5 avg code rate 0.1, avg bit/symbol 2.0, avg per TB: (nb RBs 11.1, nb symbols 13.0)
[0m[NR_RRC] MeasurementReport Encoded 53 bits (7 bytes)
[0m[NR_MAC] UE 0 RNTI 275b stats sfn: 128.0, cumulated bad DCI 0
    DL Chan: SSB 0 SINR 44.1 dB RSRP -36 dBm, RI 0 CQI: N/A
    DL harq: 1553/0 avg code rate 0.1, avg bit/symbol 2.0, avg per TB: (nb RBs 6.6, nb symbols 11.8)
    UL harq: 9463/5 avg code rate 0.1, avg bit/symbol 2.0, avg per TB: (nb RBs 11.1, nb symbols 13.0)
[0m[NR_RRC] MeasurementReport Encoded 53 bits (7 bytes)
[0m[NR_MAC] UE 0 RNTI 275b stats sfn: 256.0, cumulated bad DCI 0
    DL Chan: SSB 0 SINR 44.1 dB RSRP -36 dBm, RI 0 CQI: N/A
    DL harq: 1555/0 avg code rate 0.1, avg bit/symbol 2.0, avg per TB: (nb RBs 6.6, nb symbols 11.8)
    UL harq: 9477/5 avg code rate 0.1, avg bit/symbol 2.0, avg per TB: (nb RBs 11.1, nb symbols 13.0)
[0m[NR_RRC] MeasurementReport Encoded 53 bits (7 bytes)
[0m[NR_RRC] MeasurementReport Encoded 53 bits (7 bytes)
[0m[NR_MAC] UE 0 RNTI 275b stats sfn: 384.0, cumulated bad DCI 0
    DL Chan: SSB 0 SINR 43.3 dB RSRP -36 dBm, RI 0 CQI: N/A
    DL harq: 1557/0 avg code rate 0.1, avg bit/symbol 2.0, avg per TB: (nb RBs 6.6, nb symbols 11.8)
    UL harq: 9491/5 avg code rate 0.1, avg bit/symbol 2.0, avg per TB: (nb RBs 11.1, nb symbols 13.0)
[0m[NR_RRC] MeasurementReport Encoded 53 bits (7 bytes)
[0m[NR_MAC] UE 0 RNTI 275b stats sfn: 512.0, cumulated bad DCI 0
    DL Chan: SSB 0 SINR 45.1 dB RSRP -36 dBm, RI 0 CQI: N/A
    DL harq: 1560/0 avg code rate 0.1, avg bit/symbol 2.0, avg per TB: (nb RBs 6.6, nb symbols 11.8)
    UL harq: 9506/5 avg code rate 0.1, avg bit/symbol 2.0, avg per TB: (nb RBs 11.1, nb symbols 13.0)
[0m[NR_RRC] MeasurementReport Encoded 53 bits (7 bytes)
[0m[NR_MAC] UE 0 RNTI 275b stats sfn: 640.0, cumulated bad DCI 0
    DL Chan: SSB 0 SINR 46.3 dB RSRP -36 dBm, RI 0 CQI: N/A
    DL harq: 1562/0 avg code rate 0.1, avg bit/symbol 2.0, avg per TB: (nb RBs 6.6, nb symbols 11.8)
    UL harq: 9521/5 avg code rate 0.1, avg bit/symbol 2.0, avg per TB: (nb RBs 11.1, nb symbols 13.0)
[0m[NR_RRC] MeasurementReport Encoded 53 bits (7 bytes)
[0m[NR_MAC] UE 0 RNTI 275b stats sfn: 768.0, cumulated bad DCI 0
    DL Chan: SSB 0 SINR 45.1 dB RSRP -36 dBm, RI 0 CQI: N/A
    DL harq: 1565/0 avg code rate 0.1, avg bit/symbol 2.0, avg per TB: (nb RBs 6.6, nb symbols 11.8)
    UL harq: 9536/5 avg code rate 0.1, avg bit/symbol 2.0, avg per TB: (nb RBs 11.1, nb symbols 13.0)
[0m[NR_RRC] MeasurementReport Encoded 53 bits (7 bytes)
[0m[NR_RRC] MeasurementReport Encoded 53 bits (7 bytes)
[0m[NR_MAC] UE 0 RNTI 275b stats sfn: 896.0, cumulated bad DCI 0
    DL Chan: SSB 0 SINR 45.1 dB RSRP -36 dBm, RI 0 CQI: N/A
    DL harq: 1567/0 avg code rate 0.1, avg bit/symbol 2.0, avg per TB: (nb RBs 6.6, nb symbols 11.8)
    UL harq: 9550/5 avg code rate 0.1, avg bit/symbol 2.0, avg per TB: (nb RBs 11.1, nb symbols 13.0)
[0m[NR_RRC] MeasurementReport Encoded 53 bits (7 bytes)
[0m[NR_MAC] UE 0 RNTI 275b stats sfn: 0.0, cumulated bad DCI 0
    DL Chan: SSB 0 SINR 44.1 dB RSRP -36 dBm, RI 0 CQI: N/A
    DL harq: 1570/0 avg code rate 0.1, avg bit/symbol 2.0, avg per TB: (nb RBs 6.6, nb symbols 11.8)
    UL harq: 9565/5 avg code rate 0.1, avg bit/symbol 2.0, avg per TB: (nb RBs 11.1, nb symbols 13.0)
[0m[NR_RRC] MeasurementReport Encoded 53 bits (7 bytes)
[0m[NR_MAC] UE 0 RNTI 275b stats sfn: 128.0, cumulated bad DCI 0
    DL Chan: SSB 0 SINR 44.1 dB RSRP -36 dBm, RI 0 CQI: N/A
    DL harq: 1572/0 avg code rate 0.1, avg bit/symbol 2.0, avg per TB: (nb RBs 6.6, nb symbols 11.8)
    UL harq: 9581/5 avg code rate 0.1, avg bit/symbol 2.0, avg per TB: (nb RBs 11.0, nb symbols 13.0)
[0m[NR_RRC] MeasurementReport Encoded 53 bits (7 bytes)
[0m[NR_MAC] UE 0 RNTI 275b stats sfn: 256.0, cumulated bad DCI 0
    DL Chan: SSB 0 SINR 45.1 dB RSRP -36 dBm, RI 0 CQI: N/A
    DL harq: 1575/0 avg code rate 0.1, avg bit/symbol 2.0, avg per TB: (nb RBs 6.6, nb symbols 11.8)
    UL harq: 9596/5 avg code rate 0.1, avg bit/symbol 2.0, avg per TB: (nb RBs 11.0, nb symbols 13.0)
[0m[NR_RRC] MeasurementReport Encoded 53 bits (7 bytes)
[0m[NR_RRC] MeasurementReport Encoded 53 bits (7 bytes)
[0m[NR_MAC] UE 0 RNTI 275b stats sfn: 384.0, cumulated bad DCI 0
    DL Chan: SSB 0 SINR 44.1 dB RSRP -36 dBm, RI 0 CQI: N/A
    DL harq: 1578/0 avg code rate 0.1, avg bit/symbol 2.0, avg per TB: (nb RBs 6.6, nb symbols 11.8)
    UL harq: 9611/5 avg code rate 0.1, avg bit/symbol 2.0, avg per TB: (nb RBs 11.0, nb symbols 13.0)
[0m[NR_RRC] MeasurementReport Encoded 53 bits (7 bytes)
[0m[NR_MAC] UE 0 RNTI 275b stats sfn: 512.0, cumulated bad DCI 0
    DL Chan: SSB 0 SINR 46.3 dB RSRP -36 dBm, RI 0 CQI: N/A
    DL harq: 1580/0 avg code rate 0.1, avg bit/symbol 2.0, avg per TB: (nb RBs 6.6, nb symbols 11.8)
    UL harq: 9625/5 avg code rate 0.1, avg bit/symbol 2.0, avg per TB: (nb RBs 11.0, nb symbols 13.0)
[0m[NR_RRC] MeasurementReport Encoded 53 bits (7 bytes)
[0m[NR_MAC] UE 0 RNTI 275b stats sfn: 640.0, cumulated bad DCI 0
    DL Chan: SSB 0 SINR 46.3 dB RSRP -36 dBm, RI 0 CQI: N/A
    DL harq: 1582/0 avg code rate 0.1, avg bit/symbol 2.0, avg per TB: (nb RBs 6.5, nb symbols 11.8)
    UL harq: 9639/5 avg code rate 0.1, avg bit/symbol 2.0, avg per TB: (nb RBs 11.0, nb symbols 13.0)
[0m[NR_RRC] MeasurementReport Encoded 53 bits (7 bytes)
[0m[NR_MAC] UE 0 RNTI 275b stats sfn: 768.0, cumulated bad DCI 0
    DL Chan: SSB 0 SINR 43.3 dB RSRP -36 dBm, RI 0 CQI: N/A
    DL harq: 1585/0 avg code rate 0.1, avg bit/symbol 2.0, avg per TB: (nb RBs 6.5, nb symbols 11.8)
    UL harq: 9655/5 avg code rate 0.1, avg bit/symbol 2.0, avg per TB: (nb RBs 11.0, nb symbols 13.0)
[0m[NR_RRC] MeasurementReport Encoded 53 bits (7 bytes)
[0m[NR_RRC] MeasurementReport Encoded 53 bits (7 bytes)
[0m[NR_MAC] UE 0 RNTI 275b stats sfn: 896.0, cumulated bad DCI 0
    DL Chan: SSB 0 SINR 44.1 dB RSRP -36 dBm, RI 0 CQI: N/A
    DL harq: 1588/0 avg code rate 0.1, avg bit/symbol 2.0, avg per TB: (nb RBs 6.5, nb symbols 11.8)
    UL harq: 9669/5 avg code rate 0.1, avg bit/symbol 2.0, avg per TB: (nb RBs 11.0, nb symbols 13.0)
[0m[NR_RRC] MeasurementReport Encoded 53 bits (7 bytes)
[0m[NR_MAC] UE 0 RNTI 275b stats sfn: 0.0, cumulated bad DCI 0
    DL Chan: SSB 0 SINR 46.3 dB RSRP -36 dBm, RI 0 CQI: N/A
    DL harq: 1590/0 avg code rate 0.1, avg bit/symbol 2.0, avg per TB: (nb RBs 6.5, nb symbols 11.8)
    UL harq: 9684/5 avg code rate 0.1, avg bit/symbol 2.0, avg per TB: (nb RBs 11.0, nb symbols 13.0)
[0m[NR_RRC] MeasurementReport Encoded 53 bits (7 bytes)
[0m[NR_MAC] UE 0 RNTI 275b stats sfn: 128.0, cumulated bad DCI 0
    DL Chan: SSB 0 SINR 46.3 dB RSRP -36 dBm, RI 0 CQI: N/A
    DL harq: 1592/0 avg code rate 0.1, avg bit/symbol 2.0, avg per TB: (nb RBs 6.5, nb symbols 11.8)
    UL harq: 9701/5 avg code rate 0.1, avg bit/symbol 2.0, avg per TB: (nb RBs 11.0, nb symbols 13.0)
[0m[NR_RRC] MeasurementReport Encoded 53 bits (7 bytes)
[0m[NR_MAC] UE 0 RNTI 275b stats sfn: 256.0, cumulated bad DCI 0
    DL Chan: SSB 0 SINR 45.1 dB RSRP -36 dBm, RI 0 CQI: N/A
    DL harq: 1596/0 avg code rate 0.1, avg bit/symbol 2.0, avg per TB: (nb RBs 6.5, nb symbols 11.8)
    UL harq: 9714/5 avg code rate 0.1, avg bit/symbol 2.0, avg per TB: (nb RBs 11.0, nb symbols 13.0)
[0m[NR_RRC] MeasurementReport Encoded 53 bits (7 bytes)
[0m[NR_MAC] UE 0 RNTI 275b stats sfn: 384.0, cumulated bad DCI 0
    DL Chan: SSB 0 SINR 45.1 dB RSRP -36 dBm, RI 0 CQI: N/A
    DL harq: 1598/0 avg code rate 0.1, avg bit/symbol 2.0, avg per TB: (nb RBs 6.5, nb symbols 11.8)
    UL harq: 9729/5 avg code rate 0.1, avg bit/symbol 2.0, avg per TB: (nb RBs 11.0, nb symbols 13.0)
[0m[NR_RRC] MeasurementReport Encoded 53 bits (7 bytes)
[0m[NR_RRC] MeasurementReport Encoded 53 bits (7 bytes)
[0m[NR_MAC] UE 0 RNTI 275b stats sfn: 512.0, cumulated bad DCI 0
    DL Chan: SSB 0 SINR 45.1 dB RSRP -36 dBm, RI 0 CQI: N/A
    DL harq: 1600/0 avg code rate 0.1, avg bit/symbol 2.0, avg per TB: (nb RBs 6.5, nb symbols 11.8)
    UL harq: 9744/5 avg code rate 0.1, avg bit/symbol 2.0, avg per TB: (nb RBs 10.9, nb symbols 13.0)
[0m[NR_RRC] MeasurementReport Encoded 53 bits (7 bytes)
[0m[NR_MAC] UE 0 RNTI 275b stats sfn: 640.0, cumulated bad DCI 0
    DL Chan: SSB 0 SINR 46.3 dB RSRP -36 dBm, RI 0 CQI: N/A
    DL harq: 1602/0 avg code rate 0.1, avg bit/symbol 2.0, avg per TB: (nb RBs 6.5, nb symbols 11.8)
    UL harq: 9758/5 avg code rate 0.1, avg bit/symbol 2.0, avg per TB: (nb RBs 10.9, nb symbols 13.0)
[0m[NR_RRC] MeasurementReport Encoded 53 bits (7 bytes)
[0m[NR_MAC] UE 0 RNTI 275b stats sfn: 768.0, cumulated bad DCI 0
    DL Chan: SSB 0 SINR 46.3 dB RSRP -36 dBm, RI 0 CQI: N/A
    DL harq: 1606/0 avg code rate 0.1, avg bit/symbol 2.0, avg per TB: (nb RBs 6.5, nb symbols 11.8)
    UL harq: 9774/5 avg code rate 0.1, avg bit/symbol 2.0, avg per TB: (nb RBs 10.9, nb symbols 13.0)
[0m[NR_RRC] MeasurementReport Encoded 53 bits (7 bytes)
[0m[NR_MAC] UE 0 RNTI 275b stats sfn: 896.0, cumulated bad DCI 0
    DL Chan: SSB 0 SINR 45.1 dB RSRP -36 dBm, RI 0 CQI: N/A
    DL harq: 1608/0 avg code rate 0.1, avg bit/symbol 2.0, avg per TB: (nb RBs 6.5, nb symbols 11.8)
    UL harq: 9788/5 avg code rate 0.1, avg bit/symbol 2.0, avg per TB: (nb RBs 10.9, nb symbols 13.0)
[0m[NR_RRC] MeasurementReport Encoded 53 bits (7 bytes)
[0m[NR_RRC] MeasurementReport Encoded 53 bits (7 bytes)
[0m[NR_MAC] UE 0 RNTI 275b stats sfn: 0.0, cumulated bad DCI 0
    DL Chan: SSB 0 SINR 45.1 dB RSRP -36 dBm, RI 0 CQI: N/A
    DL harq: 1610/0 avg code rate 0.1, avg bit/symbol 2.0, avg per TB: (nb RBs 6.5, nb symbols 11.8)
    UL harq: 9803/5 avg code rate 0.1, avg bit/symbol 2.0, avg per TB: (nb RBs 10.9, nb symbols 13.0)
[0m[NR_RRC] MeasurementReport Encoded 53 bits (7 bytes)
[0m[NR_MAC] UE 0 RNTI 275b stats sfn: 128.0, cumulated bad DCI 0
    DL Chan: SSB 0 SINR 46.3 dB RSRP -36 dBm, RI 0 CQI: N/A
    DL harq: 1613/0 avg code rate 0.1, avg bit/symbol 2.0, avg per TB: (nb RBs 6.5, nb symbols 11.8)
    UL harq: 9817/5 avg code rate 0.1, avg bit/symbol 2.0, avg per TB: (nb RBs 10.9, nb symbols 13.0)
[0m[NR_RRC] MeasurementReport Encoded 53 bits (7 bytes)
[0m[NR_MAC] UE 0 RNTI 275b stats sfn: 256.0, cumulated bad DCI 0
    DL Chan: SSB 0 SINR 45.1 dB RSRP -36 dBm, RI 0 CQI: N/A
    DL harq: 1616/0 avg code rate 0.1, avg bit/symbol 2.0, avg per TB: (nb RBs 6.5, nb symbols 11.8)
    UL harq: 9834/5 avg code rate 0.1, avg bit/symbol 2.0, avg per TB: (nb RBs 10.9, nb symbols 13.0)
[0m[NR_RRC] MeasurementReport Encoded 53 bits (7 bytes)
[0m[NR_MAC] UE 0 RNTI 275b stats sfn: 384.0, cumulated bad DCI 0
    DL Chan: SSB 0 SINR 46.3 dB RSRP -36 dBm, RI 0 CQI: N/A
    DL harq: 1618/0 avg code rate 0.1, avg bit/symbol 2.0, avg per TB: (nb RBs 6.5, nb symbols 11.8)
    UL harq: 9849/5 avg code rate 0.1, avg bit/symbol 2.0, avg per TB: (nb RBs 10.9, nb symbols 13.0)
[0m[NR_RRC] MeasurementReport Encoded 53 bits (7 bytes)
[0m[NR_RRC] MeasurementReport Encoded 53 bits (7 bytes)
[0m[NR_MAC] UE 0 RNTI 275b stats sfn: 512.0, cumulated bad DCI 0
    DL Chan: SSB 0 SINR 46.3 dB RSRP -36 dBm, RI 0 CQI: N/A
    DL harq: 1620/0 avg code rate 0.1, avg bit/symbol 2.0, avg per TB: (nb RBs 6.5, nb symbols 11.8)
    UL harq: 9862/5 avg code rate 0.1, avg bit/symbol 2.0, avg per TB: (nb RBs 10.9, nb symbols 13.0)
[0m[NR_RRC] MeasurementReport Encoded 53 bits (7 bytes)
[0m[NR_MAC] UE 0 RNTI 275b stats sfn: 640.0, cumulated bad DCI 0
    DL Chan: SSB 0 SINR 45.1 dB RSRP -36 dBm, RI 0 CQI: N/A
    DL harq: 1623/0 avg code rate 0.1, avg bit/symbol 2.0, avg per TB: (nb RBs 6.5, nb symbols 11.8)
    UL harq: 9876/5 avg code rate 0.1, avg bit/symbol 2.0, avg per TB: (nb RBs 10.9, nb symbols 13.0)
[0m[NR_RRC] MeasurementReport Encoded 53 bits (7 bytes)
[0m[NR_MAC] UE 0 RNTI 275b stats sfn: 768.0, cumulated bad DCI 0
    DL Chan: SSB 0 SINR 45.1 dB RSRP -36 dBm, RI 0 CQI: N/A
    DL harq: 1626/0 avg code rate 0.1, avg bit/symbol 2.0, avg per TB: (nb RBs 6.5, nb symbols 11.8)
    UL harq: 9893/5 avg code rate 0.1, avg bit/symbol 2.0, avg per TB: (nb RBs 10.9, nb symbols 13.0)
[0m[NR_RRC] MeasurementReport Encoded 53 bits (7 bytes)
[0m[NR_MAC] UE 0 RNTI 275b stats sfn: 896.0, cumulated bad DCI 0
    DL Chan: SSB 0 SINR 46.3 dB RSRP -36 dBm, RI 0 CQI: N/A
    DL harq: 1628/0 avg code rate 0.1, avg bit/symbol 2.0, avg per TB: (nb RBs 6.5, nb symbols 11.8)
    UL harq: 9907/5 avg code rate 0.1, avg bit/symbol 2.0, avg per TB: (nb RBs 10.8, nb symbols 13.0)
[0m[NR_RRC] MeasurementReport Encoded 53 bits (7 bytes)
[0m[NR_RRC] MeasurementReport Encoded 53 bits (7 bytes)
[0m[NR_MAC] UE 0 RNTI 275b stats sfn: 0.0, cumulated bad DCI 0
    DL Chan: SSB 0 SINR 45.1 dB RSRP -36 dBm, RI 0 CQI: N/A
    DL harq: 1630/0 avg code rate 0.1, avg bit/symbol 2.0, avg per TB: (nb RBs 6.5, nb symbols 11.8)
    UL harq: 9922/5 avg code rate 0.1, avg bit/symbol 2.0, avg per TB: (nb RBs 10.8, nb symbols 13.0)
[0m[NR_RRC] MeasurementReport Encoded 53 bits (7 bytes)
[0m[NR_MAC] UE 0 RNTI 275b stats sfn: 128.0, cumulated bad DCI 0
    DL Chan: SSB 0 SINR 45.1 dB RSRP -36 dBm, RI 0 CQI: N/A
    DL harq: 1633/0 avg code rate 0.1, avg bit/symbol 2.0, avg per TB: (nb RBs 6.5, nb symbols 11.8)
    UL harq: 9936/5 avg code rate 0.1, avg bit/symbol 2.0, avg per TB: (nb RBs 10.8, nb symbols 13.0)
[0m[NR_RRC] MeasurementReport Encoded 53 bits (7 bytes)
[0m[NR_MAC] UE 0 RNTI 275b stats sfn: 256.0, cumulated bad DCI 0
    DL Chan: SSB 0 SINR 45.1 dB RSRP -36 dBm, RI 0 CQI: N/A
    DL harq: 1635/0 avg code rate 0.1, avg bit/symbol 2.0, avg per TB: (nb RBs 6.5, nb symbols 11.8)
    UL harq: 9952/5 avg code rate 0.1, avg bit/symbol 2.0, avg per TB: (nb RBs 10.8, nb symbols 13.0)
[0m[NR_RRC] MeasurementReport Encoded 53 bits (7 bytes)
[0m[NR_MAC] UE 0 RNTI 275b stats sfn: 384.0, cumulated bad DCI 0
    DL Chan: SSB 0 SINR 45.1 dB RSRP -36 dBm, RI 0 CQI: N/A
    DL harq: 1638/0 avg code rate 0.1, avg bit/symbol 2.0, avg per TB: (nb RBs 6.5, nb symbols 11.8)
    UL harq: 9967/5 avg code rate 0.1, avg bit/symbol 2.0, avg per TB: (nb RBs 10.8, nb symbols 13.0)
[0m[NR_RRC] MeasurementReport Encoded 53 bits (7 bytes)
[0m[NR_RRC] MeasurementReport Encoded 53 bits (7 bytes)
[0m[NR_MAC] UE 0 RNTI 275b stats sfn: 512.0, cumulated bad DCI 0
    DL Chan: SSB 0 SINR 48.1 dB RSRP -36 dBm, RI 0 CQI: N/A
    DL harq: 1641/0 avg code rate 0.1, avg bit/symbol 2.0, avg per TB: (nb RBs 6.5, nb symbols 11.8)
    UL harq: 9982/5 avg code rate 0.1, avg bit/symbol 2.0, avg per TB: (nb RBs 10.8, nb symbols 13.0)
[0m[NR_RRC] MeasurementReport Encoded 53 bits (7 bytes)
[0m[NR_MAC] UE 0 RNTI 275b stats sfn: 640.0, cumulated bad DCI 0
    DL Chan: SSB 0 SINR 46.3 dB RSRP -36 dBm, RI 0 CQI: N/A
    DL harq: 1643/0 avg code rate 0.1, avg bit/symbol 2.0, avg per TB: (nb RBs 6.5, nb symbols 11.8)
    UL harq: 9996/5 avg code rate 0.1, avg bit/symbol 2.0, avg per TB: (nb RBs 10.8, nb symbols 13.0)
[0m[NR_RRC] MeasurementReport Encoded 53 bits (7 bytes)
[0m[NR_MAC] UE 0 RNTI 275b stats sfn: 768.0, cumulated bad DCI 0
    DL Chan: SSB 0 SINR 45.1 dB RSRP -36 dBm, RI 0 CQI: N/A
    DL harq: 1645/0 avg code rate 0.1, avg bit/symbol 2.0, avg per TB: (nb RBs 6.5, nb symbols 11.8)
    UL harq: 10011/5 avg code rate 0.1, avg bit/symbol 2.0, avg per TB: (nb RBs 10.8, nb symbols 13.0)
[0m[NR_RRC] MeasurementReport Encoded 53 bits (7 bytes)
[0m[NR_MAC] UE 0 RNTI 275b stats sfn: 896.0, cumulated bad DCI 0
    DL Chan: SSB 0 SINR 44.1 dB RSRP -36 dBm, RI 0 CQI: N/A
    DL harq: 1648/0 avg code rate 0.1, avg bit/symbol 2.0, avg per TB: (nb RBs 6.5, nb symbols 11.8)
    UL harq: 10026/5 avg code rate 0.1, avg bit/symbol 2.0, avg per TB: (nb RBs 10.8, nb symbols 13.0)
[0m[NR_RRC] MeasurementReport Encoded 53 bits (7 bytes)
[0m[NR_RRC] MeasurementReport Encoded 53 bits (7 bytes)
[0m[NR_MAC] UE 0 RNTI 275b stats sfn: 0.0, cumulated bad DCI 0
    DL Chan: SSB 0 SINR 44.1 dB RSRP -36 dBm, RI 0 CQI: N/A
    DL harq: 1651/0 avg code rate 0.1, avg bit/symbol 2.0, avg per TB: (nb RBs 6.5, nb symbols 11.8)
    UL harq: 10041/5 avg code rate 0.1, avg bit/symbol 2.0, avg per TB: (nb RBs 10.8, nb symbols 13.0)
[0m[NR_RRC] MeasurementReport Encoded 53 bits (7 bytes)
[0m[NR_MAC] UE 0 RNTI 275b stats sfn: 128.0, cumulated bad DCI 0
    DL Chan: SSB 0 SINR 44.1 dB RSRP -36 dBm, RI 0 CQI: N/A
    DL harq: 1653/0 avg code rate 0.1, avg bit/symbol 2.0, avg per TB: (nb RBs 6.5, nb symbols 11.8)
    UL harq: 10055/5 avg code rate 0.1, avg bit/symbol 2.0, avg per TB: (nb RBs 10.8, nb symbols 13.0)
[0m[NR_RRC] MeasurementReport Encoded 53 bits (7 bytes)
[0m[NR_MAC] UE 0 RNTI 275b stats sfn: 256.0, cumulated bad DCI 0
    DL Chan: SSB 0 SINR 45.1 dB RSRP -36 dBm, RI 0 CQI: N/A
    DL harq: 1655/0 avg code rate 0.1, avg bit/symbol 2.0, avg per TB: (nb RBs 6.5, nb symbols 11.8)
    UL harq: 10072/5 avg code rate 0.1, avg bit/symbol 2.0, avg per TB: (nb RBs 10.7, nb symbols 13.0)
[0m[NR_RRC] MeasurementReport Encoded 53 bits (7 bytes)
[0m[NR_MAC] UE 0 RNTI 275b stats sfn: 384.0, cumulated bad DCI 0
    DL Chan: SSB 0 SINR 45.1 dB RSRP -36 dBm, RI 0 CQI: N/A
    DL harq: 1659/0 avg code rate 0.1, avg bit/symbol 2.0, avg per TB: (nb RBs 6.5, nb symbols 11.8)
    UL harq: 10086/5 avg code rate 0.1, avg bit/symbol 2.0, avg per TB: (nb RBs 10.7, nb symbols 13.0)
[0m[NR_RRC] MeasurementReport Encoded 53 bits (7 bytes)
[0m[NR_RRC] MeasurementReport Encoded 53 bits (7 bytes)
[0m[NR_MAC] UE 0 RNTI 275b stats sfn: 512.0, cumulated bad DCI 0
    DL Chan: SSB 0 SINR 44.1 dB RSRP -36 dBm, RI 0 CQI: N/A
    DL harq: 1661/0 avg code rate 0.1, avg bit/symbol 2.0, avg per TB: (nb RBs 6.5, nb symbols 11.8)
    UL harq: 10100/5 avg code rate 0.1, avg bit/symbol 2.0, avg per TB: (nb RBs 10.7, nb symbols 13.0)
[0m[NR_RRC] MeasurementReport Encoded 53 bits (7 bytes)
[0m[NR_MAC] UE 0 RNTI 275b stats sfn: 640.0, cumulated bad DCI 0
    DL Chan: SSB 0 SINR 46.3 dB RSRP -36 dBm, RI 0 CQI: N/A
    DL harq: 1663/0 avg code rate 0.1, avg bit/symbol 2.0, avg per TB: (nb RBs 6.5, nb symbols 11.8)
    UL harq: 10114/5 avg code rate 0.1, avg bit/symbol 2.0, avg per TB: (nb RBs 10.7, nb symbols 13.0)
[0m[NR_RRC] MeasurementReport Encoded 53 bits (7 bytes)
[0m[NR_MAC] UE 0 RNTI 275b stats sfn: 768.0, cumulated bad DCI 0
    DL Chan: SSB 0 SINR 45.1 dB RSRP -36 dBm, RI 0 CQI: N/A
    DL harq: 1665/0 avg code rate 0.1, avg bit/symbol 2.0, avg per TB: (nb RBs 6.5, nb symbols 11.8)
    UL harq: 10131/5 avg code rate 0.1, avg bit/symbol 2.0, avg per TB: (nb RBs 10.7, nb symbols 13.0)
[0m[NR_RRC] MeasurementReport Encoded 53 bits (7 bytes)
[0m[NR_MAC] UE 0 RNTI 275b stats sfn: 896.0, cumulated bad DCI 0
    DL Chan: SSB 0 SINR 44.1 dB RSRP -36 dBm, RI 0 CQI: N/A
    DL harq: 1669/0 avg code rate 0.1, avg bit/symbol 2.0, avg per TB: (nb RBs 6.5, nb symbols 11.8)
    UL harq: 10145/5 avg code rate 0.1, avg bit/symbol 2.0, avg per TB: (nb RBs 10.7, nb symbols 13.0)
[0m[NR_RRC] MeasurementReport Encoded 53 bits (7 bytes)
[0m[NR_RRC] MeasurementReport Encoded 53 bits (7 bytes)
[0m[NR_MAC] UE 0 RNTI 275b stats sfn: 0.0, cumulated bad DCI 0
    DL Chan: SSB 0 SINR 45.1 dB RSRP -36 dBm, RI 0 CQI: N/A
    DL harq: 1671/0 avg code rate 0.1, avg bit/symbol 2.0, avg per TB: (nb RBs 6.5, nb symbols 11.8)
    UL harq: 10159/5 avg code rate 0.1, avg bit/symbol 2.0, avg per TB: (nb RBs 10.7, nb symbols 13.0)
[0m[NR_RRC] MeasurementReport Encoded 53 bits (7 bytes)
[0m[NR_MAC] UE 0 RNTI 275b stats sfn: 128.0, cumulated bad DCI 0
    DL Chan: SSB 0 SINR 44.1 dB RSRP -36 dBm, RI 0 CQI: N/A
    DL harq: 1673/0 avg code rate 0.1, avg bit/symbol 2.0, avg per TB: (nb RBs 6.5, nb symbols 11.8)
    UL harq: 10174/5 avg code rate 0.1, avg bit/symbol 2.0, avg per TB: (nb RBs 10.7, nb symbols 13.0)
[0m[NR_RRC] MeasurementReport Encoded 53 bits (7 bytes)
[0m[NR_MAC] UE 0 RNTI 275b stats sfn: 256.0, cumulated bad DCI 0
    DL Chan: SSB 0 SINR 46.3 dB RSRP -36 dBm, RI 0 CQI: N/A
    DL harq: 1676/0 avg code rate 0.1, avg bit/symbol 2.0, avg per TB: (nb RBs 6.5, nb symbols 11.8)
    UL harq: 10189/5 avg code rate 0.1, avg bit/symbol 2.0, avg per TB: (nb RBs 10.7, nb symbols 13.0)
[0m[NR_RRC] MeasurementReport Encoded 53 bits (7 bytes)
[0m[NR_MAC] UE 0 RNTI 275b stats sfn: 384.0, cumulated bad DCI 0
    DL Chan: SSB 0 SINR 44.1 dB RSRP -36 dBm, RI 0 CQI: N/A
    DL harq: 1679/0 avg code rate 0.1, avg bit/symbol 2.0, avg per TB: (nb RBs 6.5, nb symbols 11.8)
    UL harq: 10205/5 avg code rate 0.1, avg bit/symbol 2.0, avg per TB: (nb RBs 10.7, nb symbols 13.0)
[0m[NR_RRC] MeasurementReport Encoded 53 bits (7 bytes)
[0m[NR_RRC] MeasurementReport Encoded 53 bits (7 bytes)
[0m[NR_MAC] UE 0 RNTI 275b stats sfn: 512.0, cumulated bad DCI 0
    DL Chan: SSB 0 SINR 44.1 dB RSRP -36 dBm, RI 0 CQI: N/A
    DL harq: 1681/0 avg code rate 0.1, avg bit/symbol 2.0, avg per TB: (nb RBs 6.5, nb symbols 11.8)
    UL harq: 10220/5 avg code rate 0.1, avg bit/symbol 2.0, avg per TB: (nb RBs 10.7, nb symbols 13.0)
[0m[NR_RRC] MeasurementReport Encoded 53 bits (7 bytes)
[0m[NR_MAC] UE 0 RNTI 275b stats sfn: 640.0, cumulated bad DCI 0
    DL Chan: SSB 0 SINR 44.1 dB RSRP -36 dBm, RI 0 CQI: N/A
    DL harq: 1683/0 avg code rate 0.1, avg bit/symbol 2.0, avg per TB: (nb RBs 6.5, nb symbols 11.8)
    UL harq: 10233/5 avg code rate 0.1, avg bit/symbol 2.0, avg per TB: (nb RBs 10.7, nb symbols 13.0)
[0m[NR_RRC] MeasurementReport Encoded 53 bits (7 bytes)
[0m[NR_MAC] UE 0 RNTI 275b stats sfn: 768.0, cumulated bad DCI 0
    DL Chan: SSB 0 SINR 44.1 dB RSRP -36 dBm, RI 0 CQI: N/A
    DL harq: 1686/0 avg code rate 0.1, avg bit/symbol 2.0, avg per TB: (nb RBs 6.5, nb symbols 11.8)
    UL harq: 10248/5 avg code rate 0.1, avg bit/symbol 2.0, avg per TB: (nb RBs 10.7, nb symbols 13.0)
[0m[NR_RRC] MeasurementReport Encoded 53 bits (7 bytes)
[0m[NR_MAC] UE 0 RNTI 275b stats sfn: 896.0, cumulated bad DCI 0
    DL Chan: SSB 0 SINR 46.3 dB RSRP -36 dBm, RI 0 CQI: N/A
    DL harq: 1689/0 avg code rate 0.1, avg bit/symbol 2.0, avg per TB: (nb RBs 6.5, nb symbols 11.8)
    UL harq: 10264/5 avg code rate 0.1, avg bit/symbol 2.0, avg per TB: (nb RBs 10.6, nb symbols 13.0)
[0m[NR_RRC] MeasurementReport Encoded 53 bits (7 bytes)
[0m[NR_MAC] UE 0 RNTI 275b stats sfn: 0.0, cumulated bad DCI 0
    DL Chan: SSB 0 SINR 45.1 dB RSRP -36 dBm, RI 0 CQI: N/A
    DL harq: 1691/0 avg code rate 0.1, avg bit/symbol 2.0, avg per TB: (nb RBs 6.4, nb symbols 11.8)
    UL harq: 10279/5 avg code rate 0.1, avg bit/symbol 2.0, avg per TB: (nb RBs 10.6, nb symbols 13.0)
[0m[NR_RRC] MeasurementReport Encoded 53 bits (7 bytes)
[0m[NR_RRC] MeasurementReport Encoded 53 bits (7 bytes)
[0m[NR_MAC] UE 0 RNTI 275b stats sfn: 128.0, cumulated bad DCI 0
    DL Chan: SSB 0 SINR 45.1 dB RSRP -36 dBm, RI 0 CQI: N/A
    DL harq: 1693/0 avg code rate 0.1, avg bit/symbol 2.0, avg per TB: (nb RBs 6.4, nb symbols 11.8)
    UL harq: 10293/5 avg code rate 0.1, avg bit/symbol 2.0, avg per TB: (nb RBs 10.6, nb symbols 13.0)
[0m[NR_RRC] [UE 0] 129:0 Decoding SI
[0m[32m[NR_RRC] Found SIB19
[0m[NR_RRC] Get EPOCHTIME: x:10, N:10, slot_endw:10, frame:130, subframe:0 , slot:0
[0m[NR_RRC] Epoch frame 130 ahead by 1 frames
[0m[NR_RRC] val430:240 s, T430:240010 ms, sib19_timer:120010 ms
[0m[NR_MAC] NTN Config Rxd. Epoch HFN: 71, Epoch SFN: 130, Epoch Subframe: 0, k_offset: 478ms, N_Common_Ta: 238.740000ms, drift: 0.000000µs/s, variant: 0.000000µs/s²
[0m[NR_MAC] Satellite orbital radius 42163999.800000 m, pos_sat_0 = {0.000000, 0.000000, 42163999.800000}, pos_sat_90 = {0.000000, 0.000000, 42163999.800000}
[0m[NR_MAC] Satellite velocity 0.000000 m/s, angular velocity = 0.000000e+00 rad/ms, vel_sat_0 = {0.000000, 0.000000, 0.000000}, vel_sat_90 = {0.000000, 0.000000, 0.000000}
[0m[PHY]    k_offset: 478ms, N_Common_Ta: 238.740000ms, drift: 0.000000µs/s, variant: 0.000000µs/s², timing_advance_ntn: 3667039 samples, DL Doppler shift: 0.000000kHz, UL Doppler shift: 0.000000kHz
[0m[NR_RRC] MeasurementReport Encoded 53 bits (7 bytes)
[0m[NR_MAC] UE 0 RNTI 275b stats sfn: 256.0, cumulated bad DCI 0
    DL Chan: SSB 0 SINR 45.1 dB RSRP -36 dBm, RI 0 CQI: N/A
    DL harq: 1696/0 avg code rate 0.1, avg bit/symbol 2.0, avg per TB: (nb RBs 6.4, nb symbols 11.8)
    UL harq: 10307/5 avg code rate 0.1, avg bit/symbol 2.0, avg per TB: (nb RBs 10.6, nb symbols 13.0)
[0m[NR_RRC] MeasurementReport Encoded 53 bits (7 bytes)
[0m[NR_MAC] UE 0 RNTI 275b stats sfn: 384.0, cumulated bad DCI 0
    DL Chan: SSB 0 SINR 45.1 dB RSRP -36 dBm, RI 0 CQI: N/A
    DL harq: 1699/0 avg code rate 0.1, avg bit/symbol 2.0, avg per TB: (nb RBs 6.4, nb symbols 11.8)
    UL harq: 10324/5 avg code rate 0.1, avg bit/symbol 2.0, avg per TB: (nb RBs 10.6, nb symbols 13.0)
[0m[NR_RRC] MeasurementReport Encoded 53 bits (7 bytes)
[0m[NR_MAC] UE 0 RNTI 275b stats sfn: 512.0, cumulated bad DCI 0
    DL Chan: SSB 0 SINR 45.1 dB RSRP -36 dBm, RI 0 CQI: N/A
    DL harq: 1701/0 avg code rate 0.1, avg bit/symbol 2.0, avg per TB: (nb RBs 6.4, nb symbols 11.8)
    UL harq: 10338/5 avg code rate 0.1, avg bit/symbol 2.0, avg per TB: (nb RBs 10.6, nb symbols 13.0)
[0m[NR_RRC] MeasurementReport Encoded 53 bits (7 bytes)
[0m[NR_RRC] MeasurementReport Encoded 53 bits (7 bytes)
[0m[NR_MAC] UE 0 RNTI 275b stats sfn: 640.0, cumulated bad DCI 0
    DL Chan: SSB 0 SINR 44.1 dB RSRP -36 dBm, RI 0 CQI: N/A
    DL harq: 1704/0 avg code rate 0.1, avg bit/symbol 2.0, avg per TB: (nb RBs 6.4, nb symbols 11.8)
    UL harq: 10352/5 avg code rate 0.1, avg bit/symbol 2.0, avg per TB: (nb RBs 10.6, nb symbols 13.0)
[0m[NR_RRC] MeasurementReport Encoded 53 bits (7 bytes)
[0m[NR_MAC] UE 0 RNTI 275b stats sfn: 768.0, cumulated bad DCI 0
    DL Chan: SSB 0 SINR 45.1 dB RSRP -36 dBm, RI 0 CQI: N/A
    DL harq: 1706/0 avg code rate 0.1, avg bit/symbol 2.0, avg per TB: (nb RBs 6.4, nb symbols 11.8)
    UL harq: 10367/5 avg code rate 0.1, avg bit/symbol 2.0, avg per TB: (nb RBs 10.6, nb symbols 13.0)
[0m[NR_RRC] MeasurementReport Encoded 53 bits (7 bytes)
[0m[NR_MAC] UE 0 RNTI 275b stats sfn: 896.0, cumulated bad DCI 0
    DL Chan: SSB 0 SINR 45.1 dB RSRP -36 dBm, RI 0 CQI: N/A
    DL harq: 1709/0 avg code rate 0.1, avg bit/symbol 2.0, avg per TB: (nb RBs 6.4, nb symbols 11.8)
    UL harq: 10382/5 avg code rate 0.1, avg bit/symbol 2.0, avg per TB: (nb RBs 10.6, nb symbols 13.0)
[0m[NR_RRC] MeasurementReport Encoded 53 bits (7 bytes)
[0m[NR_MAC] UE 0 RNTI 275b stats sfn: 0.0, cumulated bad DCI 0
    DL Chan: SSB 0 SINR 45.1 dB RSRP -36 dBm, RI 0 CQI: N/A
    DL harq: 1711/0 avg code rate 0.1, avg bit/symbol 2.0, avg per TB: (nb RBs 6.4, nb symbols 11.8)
    UL harq: 10397/5 avg code rate 0.1, avg bit/symbol 2.0, avg per TB: (nb RBs 10.6, nb symbols 13.0)
[0m[NR_RRC] MeasurementReport Encoded 53 bits (7 bytes)
[0m[NR_RRC] MeasurementReport Encoded 53 bits (7 bytes)
[0m[NR_MAC] UE 0 RNTI 275b stats sfn: 128.0, cumulated bad DCI 0
    DL Chan: SSB 0 SINR 45.1 dB RSRP -36 dBm, RI 0 CQI: N/A
    DL harq: 1714/0 avg code rate 0.1, avg bit/symbol 2.0, avg per TB: (nb RBs 6.4, nb symbols 11.8)
    UL harq: 10412/5 avg code rate 0.1, avg bit/symbol 2.0, avg per TB: (nb RBs 10.6, nb symbols 13.0)
[0m[NR_RRC] MeasurementReport Encoded 53 bits (7 bytes)
[0m[NR_MAC] UE 0 RNTI 275b stats sfn: 256.0, cumulated bad DCI 0
    DL Chan: SSB 0 SINR 46.3 dB RSRP -36 dBm, RI 0 CQI: N/A
    DL harq: 1716/0 avg code rate 0.1, avg bit/symbol 2.0, avg per TB: (nb RBs 6.4, nb symbols 11.8)
    UL harq: 10427/5 avg code rate 0.1, avg bit/symbol 2.0, avg per TB: (nb RBs 10.6, nb symbols 13.0)
[0m[NR_RRC] MeasurementReport Encoded 53 bits (7 bytes)
[0m[NR_MAC] UE 0 RNTI 275b stats sfn: 384.0, cumulated bad DCI 0
    DL Chan: SSB 0 SINR 48.1 dB RSRP -36 dBm, RI 0 CQI: N/A
    DL harq: 1719/0 avg code rate 0.1, avg bit/symbol 2.0, avg per TB: (nb RBs 6.4, nb symbols 11.8)
    UL harq: 10443/5 avg code rate 0.1, avg bit/symbol 2.0, avg per TB: (nb RBs 10.5, nb symbols 13.0)
[0m[NR_RRC] MeasurementReport Encoded 53 bits (7 bytes)
[0m[NR_MAC] UE 0 RNTI 275b stats sfn: 512.0, cumulated bad DCI 0
    DL Chan: SSB 0 SINR 45.1 dB RSRP -36 dBm, RI 0 CQI: N/A
    DL harq: 1722/0 avg code rate 0.1, avg bit/symbol 2.0, avg per TB: (nb RBs 6.4, nb symbols 11.8)
    UL harq: 10461/5 avg code rate 0.1, avg bit/symbol 2.0, avg per TB: (nb RBs 10.5, nb symbols 13.0)
[0m[NR_RRC] MeasurementReport Encoded 53 bits (7 bytes)
[0m[NR_RRC] MeasurementReport Encoded 53 bits (7 bytes)
[0m[NR_MAC] UE 0 RNTI 275b stats sfn: 640.0, cumulated bad DCI 0
    DL Chan: SSB 0 SINR 44.1 dB RSRP -36 dBm, RI 0 CQI: N/A
    DL harq: 1725/0 avg code rate 0.1, avg bit/symbol 2.0, avg per TB: (nb RBs 6.4, nb symbols 11.8)
    UL harq: 10478/5 avg code rate 0.1, avg bit/symbol 2.0, avg per TB: (nb RBs 10.5, nb symbols 13.0)
[0m[NR_RRC] MeasurementReport Encoded 53 bits (7 bytes)
[0m[NR_MAC] UE 0 RNTI 275b stats sfn: 768.0, cumulated bad DCI 0
    DL Chan: SSB 0 SINR 45.1 dB RSRP -36 dBm, RI 0 CQI: N/A
    DL harq: 1727/0 avg code rate 0.1, avg bit/symbol 2.0, avg per TB: (nb RBs 6.4, nb symbols 11.8)
    UL harq: 10491/5 avg code rate 0.1, avg bit/symbol 2.0, avg per TB: (nb RBs 10.5, nb symbols 13.0)
[0m[NR_RRC] MeasurementReport Encoded 53 bits (7 bytes)
[0m[NR_MAC] UE 0 RNTI 275b stats sfn: 896.0, cumulated bad DCI 0
    DL Chan: SSB 0 SINR 46.3 dB RSRP -36 dBm, RI 0 CQI: N/A
    DL harq: 1729/0 avg code rate 0.1, avg bit/symbol 2.0, avg per TB: (nb RBs 6.4, nb symbols 11.8)
    UL harq: 10507/5 avg code rate 0.1, avg bit/symbol 2.0, avg per TB: (nb RBs 10.5, nb symbols 13.0)
[0m[NR_RRC] MeasurementReport Encoded 53 bits (7 bytes)
[0m[NR_MAC] UE 0 RNTI 275b stats sfn: 0.0, cumulated bad DCI 0
    DL Chan: SSB 0 SINR 46.3 dB RSRP -36 dBm, RI 0 CQI: N/A
    DL harq: 1733/0 avg code rate 0.1, avg bit/symbol 2.0, avg per TB: (nb RBs 6.4, nb symbols 11.8)
    UL harq: 10522/5 avg code rate 0.1, avg bit/symbol 2.0, avg per TB: (nb RBs 10.5, nb symbols 13.0)
[0m[NR_RRC] MeasurementReport Encoded 53 bits (7 bytes)
[0m[NR_RRC] MeasurementReport Encoded 53 bits (7 bytes)
[0m[NR_MAC] UE 0 RNTI 275b stats sfn: 128.0, cumulated bad DCI 0
    DL Chan: SSB 0 SINR 45.1 dB RSRP -36 dBm, RI 0 CQI: N/A
    DL harq: 1735/0 avg code rate 0.1, avg bit/symbol 2.0, avg per TB: (nb RBs 6.4, nb symbols 11.8)
    UL harq: 10536/5 avg code rate 0.1, avg bit/symbol 2.0, avg per TB: (nb RBs 10.5, nb symbols 13.0)
[0m[NR_RRC] MeasurementReport Encoded 53 bits (7 bytes)
[0m[NR_MAC] UE 0 RNTI 275b stats sfn: 256.0, cumulated bad DCI 0
    DL Chan: SSB 0 SINR 44.1 dB RSRP -36 dBm, RI 0 CQI: N/A
    DL harq: 1737/0 avg code rate 0.1, avg bit/symbol 2.0, avg per TB: (nb RBs 6.4, nb symbols 11.8)
    UL harq: 10551/5 avg code rate 0.1, avg bit/symbol 2.0, avg per TB: (nb RBs 10.5, nb symbols 13.0)
[0m[NR_RRC] MeasurementReport Encoded 53 bits (7 bytes)
[0m[NR_MAC] UE 0 RNTI 275b stats sfn: 384.0, cumulated bad DCI 0
    DL Chan: SSB 0 SINR 46.3 dB RSRP -36 dBm, RI 0 CQI: N/A
    DL harq: 1740/0 avg code rate 0.1, avg bit/symbol 2.0, avg per TB: (nb RBs 6.4, nb symbols 11.8)
    UL harq: 10567/5 avg code rate 0.1, avg bit/symbol 2.0, avg per TB: (nb RBs 10.5, nb symbols 13.0)
[0m[NR_RRC] MeasurementReport Encoded 53 bits (7 bytes)
[0m[NR_MAC] UE 0 RNTI 275b stats sfn: 512.0, cumulated bad DCI 0
    DL Chan: SSB 0 SINR 45.1 dB RSRP -36 dBm, RI 0 CQI: N/A
    DL harq: 1743/0 avg code rate 0.1, avg bit/symbol 2.0, avg per TB: (nb RBs 6.4, nb symbols 11.8)
    UL harq: 10581/5 avg code rate 0.1, avg bit/symbol 2.0, avg per TB: (nb RBs 10.5, nb symbols 13.0)
[0m[NR_RRC] MeasurementReport Encoded 53 bits (7 bytes)
[0m[NR_RRC] MeasurementReport Encoded 53 bits (7 bytes)
[0m[NR_MAC] UE 0 RNTI 275b stats sfn: 640.0, cumulated bad DCI 0
    DL Chan: SSB 0 SINR 44.1 dB RSRP -36 dBm, RI 0 CQI: N/A
    DL harq: 1745/0 avg code rate 0.1, avg bit/symbol 2.0, avg per TB: (nb RBs 6.4, nb symbols 11.8)
    UL harq: 10596/5 avg code rate 0.1, avg bit/symbol 2.0, avg per TB: (nb RBs 10.5, nb symbols 13.0)
[0m[NR_RRC] MeasurementReport Encoded 53 bits (7 bytes)
[0m[NR_MAC] UE 0 RNTI 275b stats sfn: 768.0, cumulated bad DCI 0
    DL Chan: SSB 0 SINR 45.1 dB RSRP -36 dBm, RI 0 CQI: N/A
    DL harq: 1747/0 avg code rate 0.1, avg bit/symbol 2.0, avg per TB: (nb RBs 6.4, nb symbols 11.8)
    UL harq: 10611/5 avg code rate 0.1, avg bit/symbol 2.0, avg per TB: (nb RBs 10.5, nb symbols 13.0)
[0m[NR_RRC] MeasurementReport Encoded 53 bits (7 bytes)
[0m[NR_MAC] UE 0 RNTI 275b stats sfn: 896.0, cumulated bad DCI 0
    DL Chan: SSB 0 SINR 45.1 dB RSRP -36 dBm, RI 0 CQI: N/A
    DL harq: 1750/0 avg code rate 0.1, avg bit/symbol 2.0, avg per TB: (nb RBs 6.4, nb symbols 11.8)
    UL harq: 10626/5 avg code rate 0.1, avg bit/symbol 2.0, avg per TB: (nb RBs 10.5, nb symbols 13.0)
[0m[NR_RRC] MeasurementReport Encoded 53 bits (7 bytes)
[0m[NR_MAC] UE 0 RNTI 275b stats sfn: 0.0, cumulated bad DCI 0
    DL Chan: SSB 0 SINR 44.1 dB RSRP -36 dBm, RI 0 CQI: N/A
    DL harq: 1753/0 avg code rate 0.1, avg bit/symbol 2.0, avg per TB: (nb RBs 6.4, nb symbols 11.8)
    UL harq: 10640/5 avg code rate 0.1, avg bit/symbol 2.0, avg per TB: (nb RBs 10.4, nb symbols 13.0)
[0m[NR_RRC] MeasurementReport Encoded 53 bits (7 bytes)
[0m[NR_RRC] MeasurementReport Encoded 53 bits (7 bytes)
[0m[NR_MAC] UE 0 RNTI 275b stats sfn: 128.0, cumulated bad DCI 0
    DL Chan: SSB 0 SINR 45.1 dB RSRP -36 dBm, RI 0 CQI: N/A
    DL harq: 1755/0 avg code rate 0.1, avg bit/symbol 2.0, avg per TB: (nb RBs 6.4, nb symbols 11.8)
    UL harq: 10655/5 avg code rate 0.1, avg bit/symbol 2.0, avg per TB: (nb RBs 10.4, nb symbols 13.0)
[0m[NR_RRC] MeasurementReport Encoded 53 bits (7 bytes)
[0m[NR_MAC] UE 0 RNTI 275b stats sfn: 256.0, cumulated bad DCI 0
    DL Chan: SSB 0 SINR 45.1 dB RSRP -36 dBm, RI 0 CQI: N/A
    DL harq: 1757/0 avg code rate 0.1, avg bit/symbol 2.0, avg per TB: (nb RBs 6.4, nb symbols 11.8)
    UL harq: 10670/5 avg code rate 0.1, avg bit/symbol 2.0, avg per TB: (nb RBs 10.4, nb symbols 13.0)
[0m[NR_RRC] MeasurementReport Encoded 53 bits (7 bytes)
[0m[NR_MAC] UE 0 RNTI 275b stats sfn: 384.0, cumulated bad DCI 0
    DL Chan: SSB 0 SINR 45.1 dB RSRP -36 dBm, RI 0 CQI: N/A
    DL harq: 1760/0 avg code rate 0.1, avg bit/symbol 2.0, avg per TB: (nb RBs 6.4, nb symbols 11.8)
    UL harq: 10686/5 avg code rate 0.1, avg bit/symbol 2.0, avg per TB: (nb RBs 10.4, nb symbols 13.0)
[0m[NR_RRC] MeasurementReport Encoded 53 bits (7 bytes)
[0m[NR_MAC] UE 0 RNTI 275b stats sfn: 512.0, cumulated bad DCI 0
    DL Chan: SSB 0 SINR 46.3 dB RSRP -36 dBm, RI 0 CQI: N/A
    DL harq: 1763/0 avg code rate 0.1, avg bit/symbol 2.0, avg per TB: (nb RBs 6.4, nb symbols 11.8)
    UL harq: 10701/5 avg code rate 0.1, avg bit/symbol 2.0, avg per TB: (nb RBs 10.4, nb symbols 13.0)
[0m[NR_RRC] MeasurementReport Encoded 53 bits (7 bytes)
[0m[NR_RRC] MeasurementReport Encoded 53 bits (7 bytes)
[0m[NR_MAC] UE 0 RNTI 275b stats sfn: 640.0, cumulated bad DCI 0
    DL Chan: SSB 0 SINR 46.3 dB RSRP -36 dBm, RI 0 CQI: N/A
    DL harq: 1765/0 avg code rate 0.1, avg bit/symbol 2.0, avg per TB: (nb RBs 6.4, nb symbols 11.8)
    UL harq: 10715/5 avg code rate 0.1, avg bit/symbol 2.0, avg per TB: (nb RBs 10.4, nb symbols 13.0)
[0m[NR_RRC] MeasurementReport Encoded 53 bits (7 bytes)
[0m[NR_MAC] UE 0 RNTI 275b stats sfn: 768.0, cumulated bad DCI 0
    DL Chan: SSB 0 SINR 46.3 dB RSRP -36 dBm, RI 0 CQI: N/A
    DL harq: 1768/0 avg code rate 0.1, avg bit/symbol 2.0, avg per TB: (nb RBs 6.4, nb symbols 11.8)
    UL harq: 10729/5 avg code rate 0.1, avg bit/symbol 2.0, avg per TB: (nb RBs 10.4, nb symbols 13.0)
[0m[NR_RRC] MeasurementReport Encoded 53 bits (7 bytes)
[0m[NR_MAC] UE 0 RNTI 275b stats sfn: 896.0, cumulated bad DCI 0
    DL Chan: SSB 0 SINR 46.3 dB RSRP -36 dBm, RI 0 CQI: N/A
    DL harq: 1770/0 avg code rate 0.1, avg bit/symbol 2.0, avg per TB: (nb RBs 6.4, nb symbols 11.8)
    UL harq: 10744/5 avg code rate 0.1, avg bit/symbol 2.0, avg per TB: (nb RBs 10.4, nb symbols 13.0)
[0m[NR_RRC] MeasurementReport Encoded 53 bits (7 bytes)
[0m[NR_MAC] UE 0 RNTI 275b stats sfn: 0.0, cumulated bad DCI 0
    DL Chan: SSB 0 SINR 45.1 dB RSRP -36 dBm, RI 0 CQI: N/A
    DL harq: 1773/0 avg code rate 0.1, avg bit/symbol 2.0, avg per TB: (nb RBs 6.4, nb symbols 11.8)
    UL harq: 10760/5 avg code rate 0.1, avg bit/symbol 2.0, avg per TB: (nb RBs 10.4, nb symbols 13.0)
[0m[NR_RRC] MeasurementReport Encoded 53 bits (7 bytes)
[0m[NR_MAC] UE 0 RNTI 275b stats sfn: 128.0, cumulated bad DCI 0
    DL Chan: SSB 0 SINR 45.1 dB RSRP -36 dBm, RI 0 CQI: N/A
    DL harq: 1775/0 avg code rate 0.1, avg bit/symbol 2.0, avg per TB: (nb RBs 6.4, nb symbols 11.8)
    UL harq: 10774/5 avg code rate 0.1, avg bit/symbol 2.0, avg per TB: (nb RBs 10.4, nb symbols 13.0)
[0m[NR_RRC] MeasurementReport Encoded 53 bits (7 bytes)
[0m[NR_RRC] MeasurementReport Encoded 53 bits (7 bytes)
[0m[NR_MAC] UE 0 RNTI 275b stats sfn: 256.0, cumulated bad DCI 0
    DL Chan: SSB 0 SINR 44.1 dB RSRP -36 dBm, RI 0 CQI: N/A
    DL harq: 1778/0 avg code rate 0.1, avg bit/symbol 2.0, avg per TB: (nb RBs 6.4, nb symbols 11.8)
    UL harq: 10788/5 avg code rate 0.1, avg bit/symbol 2.0, avg per TB: (nb RBs 10.4, nb symbols 13.0)
[0m[NR_RRC] MeasurementReport Encoded 53 bits (7 bytes)
[0m[NR_MAC] UE 0 RNTI 275b stats sfn: 384.0, cumulated bad DCI 0
    DL Chan: SSB 0 SINR 43.3 dB RSRP -36 dBm, RI 0 CQI: N/A
    DL harq: 1780/0 avg code rate 0.1, avg bit/symbol 2.0, avg per TB: (nb RBs 6.4, nb symbols 11.8)
    UL harq: 10803/5 avg code rate 0.1, avg bit/symbol 2.0, avg per TB: (nb RBs 10.4, nb symbols 13.0)
[0m[NR_RRC] MeasurementReport Encoded 53 bits (7 bytes)
[0m[NR_MAC] UE 0 RNTI 275b stats sfn: 512.0, cumulated bad DCI 0
    DL Chan: SSB 0 SINR 43.3 dB RSRP -36 dBm, RI 0 CQI: N/A
    DL harq: 1783/0 avg code rate 0.1, avg bit/symbol 2.0, avg per TB: (nb RBs 6.4, nb symbols 11.8)
    UL harq: 10819/5 avg code rate 0.1, avg bit/symbol 2.0, avg per TB: (nb RBs 10.4, nb symbols 13.0)
[0m[NR_RRC] MeasurementReport Encoded 53 bits (7 bytes)
[0m[NR_MAC] UE 0 RNTI 275b stats sfn: 640.0, cumulated bad DCI 0
    DL Chan: SSB 0 SINR 44.1 dB RSRP -36 dBm, RI 0 CQI: N/A
    DL harq: 1786/0 avg code rate 0.1, avg bit/symbol 2.0, avg per TB: (nb RBs 6.4, nb symbols 11.8)
    UL harq: 10834/5 avg code rate 0.1, avg bit/symbol 2.0, avg per TB: (nb RBs 10.4, nb symbols 13.0)
[0m[NR_RRC] MeasurementReport Encoded 53 bits (7 bytes)
[0m[NR_RRC] MeasurementReport Encoded 53 bits (7 bytes)
[0m[NR_MAC] UE 0 RNTI 275b stats sfn: 768.0, cumulated bad DCI 0
    DL Chan: SSB 0 SINR 44.1 dB RSRP -36 dBm, RI 0 CQI: N/A
    DL harq: 1788/0 avg code rate 0.1, avg bit/symbol 2.0, avg per TB: (nb RBs 6.4, nb symbols 11.8)
    UL harq: 10849/5 avg code rate 0.1, avg bit/symbol 2.0, avg per TB: (nb RBs 10.3, nb symbols 13.0)
[0m[NR_RRC] MeasurementReport Encoded 53 bits (7 bytes)
[0m[NR_MAC] UE 0 RNTI 275b stats sfn: 896.0, cumulated bad DCI 0
    DL Chan: SSB 0 SINR 46.3 dB RSRP -36 dBm, RI 0 CQI: N/A
    DL harq: 1790/0 avg code rate 0.1, avg bit/symbol 2.0, avg per TB: (nb RBs 6.4, nb symbols 11.8)
    UL harq: 10862/5 avg code rate 0.1, avg bit/symbol 2.0, avg per TB: (nb RBs 10.3, nb symbols 13.0)
[0m[NR_RRC] MeasurementReport Encoded 53 bits (7 bytes)
[0m[NR_MAC] UE 0 RNTI 275b stats sfn: 0.0, cumulated bad DCI 0
    DL Chan: SSB 0 SINR 46.3 dB RSRP -36 dBm, RI 0 CQI: N/A
    DL harq: 1793/0 avg code rate 0.1, avg bit/symbol 2.0, avg per TB: (nb RBs 6.4, nb symbols 11.8)
    UL harq: 10878/5 avg code rate 0.1, avg bit/symbol 2.0, avg per TB: (nb RBs 10.3, nb symbols 13.0)
[0m[NR_RRC] MeasurementReport Encoded 53 bits (7 bytes)
[0m[NR_MAC] UE 0 RNTI 275b stats sfn: 128.0, cumulated bad DCI 0
    DL Chan: SSB 0 SINR 45.1 dB RSRP -36 dBm, RI 0 CQI: N/A
    DL harq: 1796/0 avg code rate 0.1, avg bit/symbol 2.0, avg per TB: (nb RBs 6.4, nb symbols 11.8)
    UL harq: 10893/5 avg code rate 0.1, avg bit/symbol 2.0, avg per TB: (nb RBs 10.3, nb symbols 13.0)
[0m[NR_RRC] MeasurementReport Encoded 53 bits (7 bytes)
[0m[NR_RRC] MeasurementReport Encoded 53 bits (7 bytes)
[0m[NR_MAC] UE 0 RNTI 275b stats sfn: 256.0, cumulated bad DCI 0
    DL Chan: SSB 0 SINR 46.3 dB RSRP -36 dBm, RI 0 CQI: N/A
    DL harq: 1798/0 avg code rate 0.1, avg bit/symbol 2.0, avg per TB: (nb RBs 6.4, nb symbols 11.8)
    UL harq: 10908/5 avg code rate 0.1, avg bit/symbol 2.0, avg per TB: (nb RBs 10.3, nb symbols 13.0)
[0m[NR_RRC] MeasurementReport Encoded 53 bits (7 bytes)
[0m[NR_MAC] UE 0 RNTI 275b stats sfn: 384.0, cumulated bad DCI 0
    DL Chan: SSB 0 SINR 46.3 dB RSRP -36 dBm, RI 0 CQI: N/A
    DL harq: 1800/0 avg code rate 0.1, avg bit/symbol 2.0, avg per TB: (nb RBs 6.4, nb symbols 11.8)
    UL harq: 10922/5 avg code rate 0.1, avg bit/symbol 2.0, avg per TB: (nb RBs 10.3, nb symbols 13.0)
[0m[NR_RRC] MeasurementReport Encoded 53 bits (7 bytes)
[0m[NR_MAC] UE 0 RNTI 275b stats sfn: 512.0, cumulated bad DCI 0
    DL Chan: SSB 0 SINR 43.3 dB RSRP -36 dBm, RI 0 CQI: N/A
    DL harq: 1803/0 avg code rate 0.1, avg bit/symbol 2.0, avg per TB: (nb RBs 6.4, nb symbols 11.8)
    UL harq: 10938/5 avg code rate 0.1, avg bit/symbol 2.0, avg per TB: (nb RBs 10.3, nb symbols 13.0)
[0m[NR_RRC] MeasurementReport Encoded 53 bits (7 bytes)
[0m[NR_MAC] UE 0 RNTI 275b stats sfn: 640.0, cumulated bad DCI 0
    DL Chan: SSB 0 SINR 45.1 dB RSRP -36 dBm, RI 0 CQI: N/A
    DL harq: 1806/0 avg code rate 0.1, avg bit/symbol 2.0, avg per TB: (nb RBs 6.4, nb symbols 11.8)
    UL harq: 10953/5 avg code rate 0.1, avg bit/symbol 2.0, avg per TB: (nb RBs 10.3, nb symbols 13.0)
[0m[NR_RRC] MeasurementReport Encoded 53 bits (7 bytes)
[0m[NR_RRC] MeasurementReport Encoded 53 bits (7 bytes)
[0m[NR_MAC] UE 0 RNTI 275b stats sfn: 768.0, cumulated bad DCI 0
    DL Chan: SSB 0 SINR 44.1 dB RSRP -36 dBm, RI 0 CQI: N/A
    DL harq: 1808/0 avg code rate 0.1, avg bit/symbol 2.0, avg per TB: (nb RBs 6.4, nb symbols 11.8)
    UL harq: 10967/5 avg code rate 0.1, avg bit/symbol 2.0, avg per TB: (nb RBs 10.3, nb symbols 13.0)
[0m[NR_RRC] MeasurementReport Encoded 53 bits (7 bytes)
[0m[NR_MAC] UE 0 RNTI 275b stats sfn: 896.0, cumulated bad DCI 0
    DL Chan: SSB 0 SINR 43.3 dB RSRP -36 dBm, RI 0 CQI: N/A
    DL harq: 1810/0 avg code rate 0.1, avg bit/symbol 2.0, avg per TB: (nb RBs 6.4, nb symbols 11.8)
    UL harq: 10981/5 avg code rate 0.1, avg bit/symbol 2.0, avg per TB: (nb RBs 10.3, nb symbols 13.0)
[0m[NR_RRC] MeasurementReport Encoded 53 bits (7 bytes)
[0m[NR_MAC] UE 0 RNTI 275b stats sfn: 0.0, cumulated bad DCI 0
    DL Chan: SSB 0 SINR 45.1 dB RSRP -36 dBm, RI 0 CQI: N/A
    DL harq: 1814/0 avg code rate 0.1, avg bit/symbol 2.0, avg per TB: (nb RBs 6.4, nb symbols 11.8)
    UL harq: 10998/5 avg code rate 0.1, avg bit/symbol 2.0, avg per TB: (nb RBs 10.3, nb symbols 13.0)
[0m[NR_RRC] MeasurementReport Encoded 53 bits (7 bytes)
[0m[NR_MAC] UE 0 RNTI 275b stats sfn: 128.0, cumulated bad DCI 0
    DL Chan: SSB 0 SINR 44.1 dB RSRP -36 dBm, RI 0 CQI: N/A
    DL harq: 1816/0 avg code rate 0.1, avg bit/symbol 2.0, avg per TB: (nb RBs 6.3, nb symbols 11.8)
    UL harq: 11011/5 avg code rate 0.1, avg bit/symbol 2.0, avg per TB: (nb RBs 10.3, nb symbols 13.0)
[0m[NR_RRC] MeasurementReport Encoded 53 bits (7 bytes)
[0m[NR_RRC] MeasurementReport Encoded 53 bits (7 bytes)
[0m[NR_MAC] UE 0 RNTI 275b stats sfn: 256.0, cumulated bad DCI 0
    DL Chan: SSB 0 SINR 44.1 dB RSRP -36 dBm, RI 0 CQI: N/A
    DL harq: 1818/0 avg code rate 0.1, avg bit/symbol 2.0, avg per TB: (nb RBs 6.3, nb symbols 11.8)
    UL harq: 11026/5 avg code rate 0.1, avg bit/symbol 2.0, avg per TB: (nb RBs 10.3, nb symbols 13.0)
[0m[NR_RRC] MeasurementReport Encoded 53 bits (7 bytes)
[0m[NR_MAC] UE 0 RNTI 275b stats sfn: 384.0, cumulated bad DCI 0
    DL Chan: SSB 0 SINR 45.1 dB RSRP -36 dBm, RI 0 CQI: N/A
    DL harq: 1820/0 avg code rate 0.1, avg bit/symbol 2.0, avg per TB: (nb RBs 6.3, nb symbols 11.8)
    UL harq: 11041/5 avg code rate 0.1, avg bit/symbol 2.0, avg per TB: (nb RBs 10.3, nb symbols 13.0)
[0m[NR_RRC] MeasurementReport Encoded 53 bits (7 bytes)
[0m[NR_MAC] UE 0 RNTI 275b stats sfn: 512.0, cumulated bad DCI 0
    DL Chan: SSB 0 SINR 44.1 dB RSRP -36 dBm, RI 0 CQI: N/A
    DL harq: 1823/0 avg code rate 0.1, avg bit/symbol 2.0, avg per TB: (nb RBs 6.3, nb symbols 11.8)
    UL harq: 11057/5 avg code rate 0.1, avg bit/symbol 2.0, avg per TB: (nb RBs 10.2, nb symbols 13.0)
[0m[NR_RRC] MeasurementReport Encoded 53 bits (7 bytes)
[0m[NR_MAC] UE 0 RNTI 275b stats sfn: 640.0, cumulated bad DCI 0
    DL Chan: SSB 0 SINR 43.3 dB RSRP -36 dBm, RI 0 CQI: N/A
    DL harq: 1826/0 avg code rate 0.1, avg bit/symbol 2.0, avg per TB: (nb RBs 6.3, nb symbols 11.8)
    UL harq: 11072/5 avg code rate 0.1, avg bit/symbol 2.0, avg per TB: (nb RBs 10.2, nb symbols 13.0)
[0m[NR_RRC] MeasurementReport Encoded 53 bits (7 bytes)
[0m[NR_RRC] MeasurementReport Encoded 53 bits (7 bytes)
[0m[NR_MAC] UE 0 RNTI 275b stats sfn: 768.0, cumulated bad DCI 0
    DL Chan: SSB 0 SINR 46.3 dB RSRP -36 dBm, RI 0 CQI: N/A
    DL harq: 1828/0 avg code rate 0.1, avg bit/symbol 2.0, avg per TB: (nb RBs 6.3, nb symbols 11.8)
    UL harq: 11086/5 avg code rate 0.1, avg bit/symbol 2.0, avg per TB: (nb RBs 10.2, nb symbols 13.0)
[0m[NR_RRC] MeasurementReport Encoded 53 bits (7 bytes)
[0m[NR_MAC] UE 0 RNTI 275b stats sfn: 896.0, cumulated bad DCI 0
    DL Chan: SSB 0 SINR 46.3 dB RSRP -36 dBm, RI 0 CQI: N/A
    DL harq: 1831/0 avg code rate 0.1, avg bit/symbol 2.0, avg per TB: (nb RBs 6.3, nb symbols 11.8)
    UL harq: 11100/5 avg code rate 0.1, avg bit/symbol 2.0, avg per TB: (nb RBs 10.2, nb symbols 13.0)
[0m[NR_RRC] MeasurementReport Encoded 53 bits (7 bytes)
[0m[NR_MAC] UE 0 RNTI 275b stats sfn: 0.0, cumulated bad DCI 0
    DL Chan: SSB 0 SINR 45.1 dB RSRP -36 dBm, RI 0 CQI: N/A
    DL harq: 1833/0 avg code rate 0.1, avg bit/symbol 2.0, avg per TB: (nb RBs 6.3, nb symbols 11.8)
    UL harq: 11116/5 avg code rate 0.1, avg bit/symbol 2.0, avg per TB: (nb RBs 10.2, nb symbols 13.0)
[0m[NR_RRC] MeasurementReport Encoded 53 bits (7 bytes)
[0m[NR_MAC] UE 0 RNTI 275b stats sfn: 128.0, cumulated bad DCI 0
    DL Chan: SSB 0 SINR 45.1 dB RSRP -36 dBm, RI 0 CQI: N/A
    DL harq: 1836/0 avg code rate 0.1, avg bit/symbol 2.0, avg per TB: (nb RBs 6.3, nb symbols 11.8)
    UL harq: 11131/5 avg code rate 0.1, avg bit/symbol 2.0, avg per TB: (nb RBs 10.2, nb symbols 13.0)
[0m[NR_RRC] MeasurementReport Encoded 53 bits (7 bytes)
[0m[NR_RRC] MeasurementReport Encoded 53 bits (7 bytes)
[0m[NR_MAC] UE 0 RNTI 275b stats sfn: 256.0, cumulated bad DCI 0
    DL Chan: SSB 0 SINR 46.3 dB RSRP -36 dBm, RI 0 CQI: N/A
    DL harq: 1838/0 avg code rate 0.1, avg bit/symbol 2.0, avg per TB: (nb RBs 6.3, nb symbols 11.8)
    UL harq: 11146/5 avg code rate 0.1, avg bit/symbol 2.0, avg per TB: (nb RBs 10.2, nb symbols 13.0)
[0m[NR_RRC] MeasurementReport Encoded 53 bits (7 bytes)
[0m[NR_MAC] UE 0 RNTI 275b stats sfn: 384.0, cumulated bad DCI 0
    DL Chan: SSB 0 SINR 45.1 dB RSRP -36 dBm, RI 0 CQI: N/A
    DL harq: 1841/0 avg code rate 0.1, avg bit/symbol 2.0, avg per TB: (nb RBs 6.3, nb symbols 11.8)
    UL harq: 11159/5 avg code rate 0.1, avg bit/symbol 2.0, avg per TB: (nb RBs 10.2, nb symbols 13.0)
[0m[NR_RRC] MeasurementReport Encoded 53 bits (7 bytes)
[0m[NR_MAC] UE 0 RNTI 275b stats sfn: 512.0, cumulated bad DCI 0
    DL Chan: SSB 0 SINR 45.1 dB RSRP -36 dBm, RI 0 CQI: N/A
    DL harq: 1843/0 avg code rate 0.1, avg bit/symbol 2.0, avg per TB: (nb RBs 6.3, nb symbols 11.8)
    UL harq: 11175/5 avg code rate 0.1, avg bit/symbol 2.0, avg per TB: (nb RBs 10.2, nb symbols 13.0)
[0m[NR_RRC] MeasurementReport Encoded 53 bits (7 bytes)
[0m[NR_MAC] UE 0 RNTI 275b stats sfn: 640.0, cumulated bad DCI 0
    DL Chan: SSB 0 SINR 46.3 dB RSRP -36 dBm, RI 0 CQI: N/A
    DL harq: 1846/0 avg code rate 0.1, avg bit/symbol 2.0, avg per TB: (nb RBs 6.3, nb symbols 11.8)
    UL harq: 11191/5 avg code rate 0.1, avg bit/symbol 2.0, avg per TB: (nb RBs 10.2, nb symbols 13.0)
[0m[NR_RRC] MeasurementReport Encoded 53 bits (7 bytes)
[0m[NR_RRC] MeasurementReport Encoded 53 bits (7 bytes)
[0m[NR_MAC] UE 0 RNTI 275b stats sfn: 768.0, cumulated bad DCI 0
    DL Chan: SSB 0 SINR 45.1 dB RSRP -36 dBm, RI 0 CQI: N/A
    DL harq: 1849/0 avg code rate 0.1, avg bit/symbol 2.0, avg per TB: (nb RBs 6.3, nb symbols 11.8)
    UL harq: 11205/5 avg code rate 0.1, avg bit/symbol 2.0, avg per TB: (nb RBs 10.2, nb symbols 13.0)
[0m[NR_RRC] MeasurementReport Encoded 53 bits (7 bytes)
[0m[NR_MAC] UE 0 RNTI 275b stats sfn: 896.0, cumulated bad DCI 0
    DL Chan: SSB 0 SINR 45.1 dB RSRP -36 dBm, RI 0 CQI: N/A
    DL harq: 1851/0 avg code rate 0.1, avg bit/symbol 2.0, avg per TB: (nb RBs 6.3, nb symbols 11.8)
    UL harq: 11219/5 avg code rate 0.1, avg bit/symbol 2.0, avg per TB: (nb RBs 10.2, nb symbols 13.0)
[0m[NR_RRC] MeasurementReport Encoded 53 bits (7 bytes)
[0m[NR_MAC] UE 0 RNTI 275b stats sfn: 0.0, cumulated bad DCI 0
    DL Chan: SSB 0 SINR 45.1 dB RSRP -36 dBm, RI 0 CQI: N/A
    DL harq: 1853/0 avg code rate 0.1, avg bit/symbol 2.0, avg per TB: (nb RBs 6.3, nb symbols 11.8)
    UL harq: 11234/5 avg code rate 0.1, avg bit/symbol 2.0, avg per TB: (nb RBs 10.2, nb symbols 13.0)
[0m[NR_RRC] MeasurementReport Encoded 53 bits (7 bytes)
[0m[NR_MAC] UE 0 RNTI 275b stats sfn: 128.0, cumulated bad DCI 0
    DL Chan: SSB 0 SINR 45.1 dB RSRP -36 dBm, RI 0 CQI: N/A
    DL harq: 1856/0 avg code rate 0.1, avg bit/symbol 2.0, avg per TB: (nb RBs 6.3, nb symbols 11.8)
    UL harq: 11249/5 avg code rate 0.1, avg bit/symbol 2.0, avg per TB: (nb RBs 10.2, nb symbols 13.0)
[0m[NR_RRC] MeasurementReport Encoded 53 bits (7 bytes)
[0m[NR_MAC] UE 0 RNTI 275b stats sfn: 256.0, cumulated bad DCI 0
    DL Chan: SSB 0 SINR 43.3 dB RSRP -36 dBm, RI 0 CQI: N/A
    DL harq: 1859/0 avg code rate 0.1, avg bit/symbol 2.0, avg per TB: (nb RBs 6.3, nb symbols 11.8)
    UL harq: 11264/5 avg code rate 0.1, avg bit/symbol 2.0, avg per TB: (nb RBs 10.1, nb symbols 13.0)
[0m[NR_RRC] MeasurementReport Encoded 53 bits (7 bytes)
[0m[NR_RRC] MeasurementReport Encoded 53 bits (7 bytes)
[0m[NR_MAC] UE 0 RNTI 275b stats sfn: 384.0, cumulated bad DCI 0
    DL Chan: SSB 0 SINR 44.1 dB RSRP -36 dBm, RI 0 CQI: N/A
    DL harq: 1861/0 avg code rate 0.1, avg bit/symbol 2.0, avg per TB: (nb RBs 6.3, nb symbols 11.8)
    UL harq: 11279/5 avg code rate 0.1, avg bit/symbol 2.0, avg per TB: (nb RBs 10.1, nb symbols 13.0)
[0m[NR_RRC] MeasurementReport Encoded 53 bits (7 bytes)
[0m[NR_MAC] UE 0 RNTI 275b stats sfn: 512.0, cumulated bad DCI 0
    DL Chan: SSB 0 SINR 45.1 dB RSRP -36 dBm, RI 0 CQI: N/A
    DL harq: 1863/0 avg code rate 0.1, avg bit/symbol 2.0, avg per TB: (nb RBs 6.3, nb symbols 11.8)
    UL harq: 11294/5 avg code rate 0.1, avg bit/symbol 2.0, avg per TB: (nb RBs 10.1, nb symbols 13.0)
[0m[NR_RRC] MeasurementReport Encoded 53 bits (7 bytes)
[0m[NR_MAC] UE 0 RNTI 275b stats sfn: 640.0, cumulated bad DCI 0
    DL Chan: SSB 0 SINR 44.1 dB RSRP -36 dBm, RI 0 CQI: N/A
    DL harq: 1867/0 avg code rate 0.1, avg bit/symbol 2.0, avg per TB: (nb RBs 6.3, nb symbols 11.8)
    UL harq: 11309/5 avg code rate 0.1, avg bit/symbol 2.0, avg per TB: (nb RBs 10.1, nb symbols 13.0)
[0m[NR_RRC] MeasurementReport Encoded 53 bits (7 bytes)
[0m[NR_MAC] UE 0 RNTI 275b stats sfn: 768.0, cumulated bad DCI 0
    DL Chan: SSB 0 SINR 45.1 dB RSRP -36 dBm, RI 0 CQI: N/A
    DL harq: 1869/0 avg code rate 0.1, avg bit/symbol 2.0, avg per TB: (nb RBs 6.3, nb symbols 11.8)
    UL harq: 11324/5 avg code rate 0.1, avg bit/symbol 2.0, avg per TB: (nb RBs 10.1, nb symbols 13.0)
[0m[NR_RRC] MeasurementReport Encoded 53 bits (7 bytes)
[0m[NR_RRC] MeasurementReport Encoded 53 bits (7 bytes)
[0m[NR_MAC] UE 0 RNTI 275b stats sfn: 896.0, cumulated bad DCI 0
    DL Chan: SSB 0 SINR 44.1 dB RSRP -36 dBm, RI 0 CQI: N/A
    DL harq: 1871/0 avg code rate 0.1, avg bit/symbol 2.0, avg per TB: (nb RBs 6.3, nb symbols 11.8)
    UL harq: 11338/5 avg code rate 0.1, avg bit/symbol 2.0, avg per TB: (nb RBs 10.1, nb symbols 13.0)
[0m[NR_RRC] MeasurementReport Encoded 53 bits (7 bytes)
[0m[NR_MAC] UE 0 RNTI 275b stats sfn: 0.0, cumulated bad DCI 0
    DL Chan: SSB 0 SINR 44.1 dB RSRP -36 dBm, RI 0 CQI: N/A
    DL harq: 1873/0 avg code rate 0.1, avg bit/symbol 2.0, avg per TB: (nb RBs 6.3, nb symbols 11.8)
    UL harq: 11352/5 avg code rate 0.1, avg bit/symbol 2.0, avg per TB: (nb RBs 10.1, nb symbols 13.0)
[0m[NR_RRC] MeasurementReport Encoded 53 bits (7 bytes)
[0m[NR_MAC] UE 0 RNTI 275b stats sfn: 128.0, cumulated bad DCI 0
    DL Chan: SSB 0 SINR 44.1 dB RSRP -36 dBm, RI 0 CQI: N/A
    DL harq: 1877/0 avg code rate 0.1, avg bit/symbol 2.0, avg per TB: (nb RBs 6.3, nb symbols 11.8)
    UL harq: 11369/5 avg code rate 0.1, avg bit/symbol 2.0, avg per TB: (nb RBs 10.1, nb symbols 13.0)
[0m[NR_RRC] MeasurementReport Encoded 53 bits (7 bytes)
[0m[NR_MAC] UE 0 RNTI 275b stats sfn: 256.0, cumulated bad DCI 0
    DL Chan: SSB 0 SINR 45.1 dB RSRP -36 dBm, RI 0 CQI: N/A
    DL harq: 1879/0 avg code rate 0.1, avg bit/symbol 2.0, avg per TB: (nb RBs 6.3, nb symbols 11.8)
    UL harq: 11383/5 avg code rate 0.1, avg bit/symbol 2.0, avg per TB: (nb RBs 10.1, nb symbols 13.0)
[0m[NR_RRC] MeasurementReport Encoded 53 bits (7 bytes)
[0m[NR_RRC] MeasurementReport Encoded 53 bits (7 bytes)
[0m[NR_MAC] UE 0 RNTI 275b stats sfn: 384.0, cumulated bad DCI 0
    DL Chan: SSB 0 SINR 45.1 dB RSRP -36 dBm, RI 0 CQI: N/A
    DL harq: 1881/0 avg code rate 0.1, avg bit/symbol 2.0, avg per TB: (nb RBs 6.3, nb symbols 11.8)
    UL harq: 11397/5 avg code rate 0.1, avg bit/symbol 2.0, avg per TB: (nb RBs 10.1, nb symbols 13.0)
[0m[NR_RRC] MeasurementReport Encoded 53 bits (7 bytes)
[0m[NR_MAC] UE 0 RNTI 275b stats sfn: 512.0, cumulated bad DCI 0
    DL Chan: SSB 0 SINR 46.3 dB RSRP -36 dBm, RI 0 CQI: N/A
    DL harq: 1883/0 avg code rate 0.1, avg bit/symbol 2.0, avg per TB: (nb RBs 6.3, nb symbols 11.8)
    UL harq: 11412/5 avg code rate 0.1, avg bit/symbol 2.0, avg per TB: (nb RBs 10.1, nb symbols 13.0)
[0m[NR_RRC] MeasurementReport Encoded 53 bits (7 bytes)
[0m[NR_MAC] UE 0 RNTI 275b stats sfn: 640.0, cumulated bad DCI 0
    DL Chan: SSB 0 SINR 46.3 dB RSRP -36 dBm, RI 0 CQI: N/A
    DL harq: 1887/0 avg code rate 0.1, avg bit/symbol 2.0, avg per TB: (nb RBs 6.3, nb symbols 11.8)
    UL harq: 11429/5 avg code rate 0.1, avg bit/symbol 2.0, avg per TB: (nb RBs 10.1, nb symbols 13.0)
[0m[NR_RRC] MeasurementReport Encoded 53 bits (7 bytes)
[0m[NR_MAC] UE 0 RNTI 275b stats sfn: 768.0, cumulated bad DCI 0
    DL Chan: SSB 0 SINR 45.1 dB RSRP -36 dBm, RI 0 CQI: N/A
    DL harq: 1889/0 avg code rate 0.1, avg bit/symbol 2.0, avg per TB: (nb RBs 6.3, nb symbols 11.8)
    UL harq: 11443/5 avg code rate 0.1, avg bit/symbol 2.0, avg per TB: (nb RBs 10.1, nb symbols 13.0)
[0m[NR_RRC] MeasurementReport Encoded 53 bits (7 bytes)
[0m[NR_RRC] MeasurementReport Encoded 53 bits (7 bytes)
[0m[NR_MAC] UE 0 RNTI 275b stats sfn: 896.0, cumulated bad DCI 0
    DL Chan: SSB 0 SINR 45.1 dB RSRP -36 dBm, RI 0 CQI: N/A
    DL harq: 1891/0 avg code rate 0.1, avg bit/symbol 2.0, avg per TB: (nb RBs 6.3, nb symbols 11.8)
    UL harq: 11456/5 avg code rate 0.1, avg bit/symbol 2.0, avg per TB: (nb RBs 10.1, nb symbols 13.0)
[0m[NR_RRC] MeasurementReport Encoded 53 bits (7 bytes)
[0m[NR_MAC] UE 0 RNTI 275b stats sfn: 0.0, cumulated bad DCI 0
    DL Chan: SSB 0 SINR 44.1 dB RSRP -36 dBm, RI 0 CQI: N/A
    DL harq: 1894/0 avg code rate 0.1, avg bit/symbol 2.0, avg per TB: (nb RBs 6.3, nb symbols 11.8)
    UL harq: 11471/5 avg code rate 0.1, avg bit/symbol 2.0, avg per TB: (nb RBs 10.1, nb symbols 13.0)
[0m[NR_RRC] MeasurementReport Encoded 53 bits (7 bytes)
[0m[NR_MAC] UE 0 RNTI 275b stats sfn: 128.0, cumulated bad DCI 0
    DL Chan: SSB 0 SINR 46.3 dB RSRP -36 dBm, RI 0 CQI: N/A
    DL harq: 1897/0 avg code rate 0.1, avg bit/symbol 2.0, avg per TB: (nb RBs 6.3, nb symbols 11.8)
    UL harq: 11487/5 avg code rate 0.1, avg bit/symbol 2.0, avg per TB: (nb RBs 10.0, nb symbols 13.0)
[0m[NR_RRC] MeasurementReport Encoded 53 bits (7 bytes)
[0m[NR_MAC] UE 0 RNTI 275b stats sfn: 256.0, cumulated bad DCI 0
    DL Chan: SSB 0 SINR 46.3 dB RSRP -36 dBm, RI 0 CQI: N/A
    DL harq: 1899/0 avg code rate 0.1, avg bit/symbol 2.0, avg per TB: (nb RBs 6.3, nb symbols 11.8)
    UL harq: 11502/5 avg code rate 0.1, avg bit/symbol 2.0, avg per TB: (nb RBs 10.0, nb symbols 13.0)
[0m[NR_RRC] MeasurementReport Encoded 53 bits (7 bytes)
[0m[NR_RRC] MeasurementReport Encoded 53 bits (7 bytes)
[0m[NR_MAC] UE 0 RNTI 275b stats sfn: 384.0, cumulated bad DCI 0
    DL Chan: SSB 0 SINR 46.3 dB RSRP -36 dBm, RI 0 CQI: N/A
    DL harq: 1901/0 avg code rate 0.1, avg bit/symbol 2.0, avg per TB: (nb RBs 6.3, nb symbols 11.8)
    UL harq: 11517/5 avg code rate 0.1, avg bit/symbol 2.0, avg per TB: (nb RBs 10.0, nb symbols 13.0)
[0m[NR_RRC] MeasurementReport Encoded 53 bits (7 bytes)
[0m[NR_MAC] UE 0 RNTI 275b stats sfn: 512.0, cumulated bad DCI 0
    DL Chan: SSB 0 SINR 45.1 dB RSRP -36 dBm, RI 0 CQI: N/A
    DL harq: 1904/0 avg code rate 0.1, avg bit/symbol 2.0, avg per TB: (nb RBs 6.3, nb symbols 11.8)
    UL harq: 11531/5 avg code rate 0.1, avg bit/symbol 2.0, avg per TB: (nb RBs 10.0, nb symbols 13.0)
[0m[NR_RRC] MeasurementReport Encoded 53 bits (7 bytes)
[0m[NR_MAC] UE 0 RNTI 275b stats sfn: 640.0, cumulated bad DCI 0
    DL Chan: SSB 0 SINR 44.1 dB RSRP -36 dBm, RI 0 CQI: N/A
    DL harq: 1906/0 avg code rate 0.1, avg bit/symbol 2.0, avg per TB: (nb RBs 6.3, nb symbols 11.8)
    UL harq: 11547/5 avg code rate 0.1, avg bit/symbol 2.0, avg per TB: (nb RBs 10.0, nb symbols 13.0)
[0m[NR_RRC] MeasurementReport Encoded 53 bits (7 bytes)
[0m[NR_MAC] UE 0 RNTI 275b stats sfn: 768.0, cumulated bad DCI 0
    DL Chan: SSB 0 SINR 43.3 dB RSRP -36 dBm, RI 0 CQI: N/A
    DL harq: 1911/0 avg code rate 0.1, avg bit/symbol 2.0, avg per TB: (nb RBs 6.3, nb symbols 11.8)
    UL harq: 11572/5 avg code rate 0.1, avg bit/symbol 2.0, avg per TB: (nb RBs 10.0, nb symbols 13.0)
[0m[NR_RRC] MeasurementReport Encoded 53 bits (7 bytes)
[0m[NR_RRC] MeasurementReport Encoded 53 bits (7 bytes)
[0m[NR_MAC] UE 0 RNTI 275b stats sfn: 896.0, cumulated bad DCI 0
    DL Chan: SSB 0 SINR 45.1 dB RSRP -36 dBm, RI 0 CQI: N/A
    DL harq: 1914/0 avg code rate 0.1, avg bit/symbol 2.0, avg per TB: (nb RBs 6.3, nb symbols 11.8)
    UL harq: 11598/5 avg code rate 0.1, avg bit/symbol 2.0, avg per TB: (nb RBs 10.0, nb symbols 13.0)
[0m[NR_RRC] MeasurementReport Encoded 53 bits (7 bytes)
[0m[NR_MAC] UE 0 RNTI 275b stats sfn: 0.0, cumulated bad DCI 0
    DL Chan: SSB 0 SINR 46.3 dB RSRP -36 dBm, RI 0 CQI: N/A
    DL harq: 1918/0 avg code rate 0.1, avg bit/symbol 2.0, avg per TB: (nb RBs 6.3, nb symbols 11.8)
    UL harq: 11612/5 avg code rate 0.1, avg bit/symbol 2.0, avg per TB: (nb RBs 10.0, nb symbols 13.0)
[0m[NR_RRC] MeasurementReport Encoded 53 bits (7 bytes)
[0m[NR_MAC] UE 0 RNTI 275b stats sfn: 128.0, cumulated bad DCI 0
    DL Chan: SSB 0 SINR 46.3 dB RSRP -36 dBm, RI 0 CQI: N/A
    DL harq: 1923/0 avg code rate 0.1, avg bit/symbol 2.0, avg per TB: (nb RBs 6.3, nb symbols 11.9)
    UL harq: 11634/5 avg code rate 0.1, avg bit/symbol 2.0, avg per TB: (nb RBs 10.0, nb symbols 13.0)
[0m[NR_RRC] MeasurementReport Encoded 53 bits (7 bytes)
[0m[NR_MAC] UE 0 RNTI 275b stats sfn: 256.0, cumulated bad DCI 0
    DL Chan: SSB 0 SINR 45.1 dB RSRP -36 dBm, RI 0 CQI: N/A
    DL harq: 1928/0 avg code rate 0.1, avg bit/symbol 2.0, avg per TB: (nb RBs 6.3, nb symbols 11.9)
    UL harq: 11657/5 avg code rate 0.1, avg bit/symbol 2.0, avg per TB: (nb RBs 10.0, nb symbols 13.0)
[0m[NR_RRC] MeasurementReport Encoded 53 bits (7 bytes)
[0m[NR_RRC] MeasurementReport Encoded 53 bits (7 bytes)
[0m[NR_MAC] UE 0 RNTI 275b stats sfn: 384.0, cumulated bad DCI 0
    DL Chan: SSB 0 SINR 44.1 dB RSRP -36 dBm, RI 0 CQI: N/A
    DL harq: 1931/0 avg code rate 0.1, avg bit/symbol 2.0, avg per TB: (nb RBs 6.3, nb symbols 11.9)
    UL harq: 11682/5 avg code rate 0.1, avg bit/symbol 2.0, avg per TB: (nb RBs 10.0, nb symbols 13.0)
[0m[NR_RRC] MeasurementReport Encoded 53 bits (7 bytes)
[0m[NR_MAC] UE 0 RNTI 275b stats sfn: 512.0, cumulated bad DCI 0
    DL Chan: SSB 0 SINR 44.1 dB RSRP -36 dBm, RI 0 CQI: N/A
    DL harq: 1935/0 avg code rate 0.1, avg bit/symbol 2.0, avg per TB: (nb RBs 6.3, nb symbols 11.9)
    UL harq: 11696/5 avg code rate 0.1, avg bit/symbol 2.0, avg per TB: (nb RBs 10.0, nb symbols 13.0)
[0m[NR_RRC] MeasurementReport Encoded 53 bits (7 bytes)
[0m[NR_MAC] UE 0 RNTI 275b stats sfn: 640.0, cumulated bad DCI 0
    DL Chan: SSB 0 SINR 45.1 dB RSRP -36 dBm, RI 0 CQI: N/A
    DL harq: 1937/0 avg code rate 0.1, avg bit/symbol 2.0, avg per TB: (nb RBs 6.3, nb symbols 11.9)
    UL harq: 11713/5 avg code rate 0.1, avg bit/symbol 2.0, avg per TB: (nb RBs 10.0, nb symbols 13.0)
[0m[NR_RRC] MeasurementReport Encoded 53 bits (7 bytes)
[0m[NR_MAC] UE 0 RNTI 275b stats sfn: 768.0, cumulated bad DCI 0
    DL Chan: SSB 0 SINR 43.3 dB RSRP -36 dBm, RI 0 CQI: N/A
    DL harq: 1941/0 avg code rate 0.1, avg bit/symbol 2.0, avg per TB: (nb RBs 6.3, nb symbols 11.9)
    UL harq: 11727/5 avg code rate 0.1, avg bit/symbol 2.0, avg per TB: (nb RBs 10.0, nb symbols 13.0)
[0m[NR_RRC] MeasurementReport Encoded 53 bits (7 bytes)
[0m[NR_RRC] [UE 0] 881:0 Decoding SI
[0m[32m[NR_RRC] Found SIB19
[0m[NR_RRC] Get EPOCHTIME: x:10, N:10, slot_endw:10, frame:882, subframe:0 , slot:0
[0m[NR_RRC] Epoch frame 882 ahead by 1 frames
[0m[NR_RRC] val430:240 s, T430:240010 ms, sib19_timer:120010 ms
[0m[NR_MAC] NTN Config Rxd. Epoch HFN: 82, Epoch SFN: 882, Epoch Subframe: 0, k_offset: 478ms, N_Common_Ta: 238.740000ms, drift: 0.000000µs/s, variant: 0.000000µs/s²
[0m[NR_MAC] Satellite orbital radius 42163999.800000 m, pos_sat_0 = {0.000000, 0.000000, 42163999.800000}, pos_sat_90 = {0.000000, 0.000000, 42163999.800000}
[0m[NR_MAC] Satellite velocity 0.000000 m/s, angular velocity = 0.000000e+00 rad/ms, vel_sat_0 = {0.000000, 0.000000, 0.000000}, vel_sat_90 = {0.000000, 0.000000, 0.000000}
[0m[PHY]    k_offset: 478ms, N_Common_Ta: 238.740000ms, drift: 0.000000µs/s, variant: 0.000000µs/s², timing_advance_ntn: 3667039 samples, DL Doppler shift: 0.000000kHz, UL Doppler shift: 0.000000kHz
[0m[NR_RRC] MeasurementReport Encoded 53 bits (7 bytes)
[0m[NR_MAC] UE 0 RNTI 275b stats sfn: 896.0, cumulated bad DCI 0
    DL Chan: SSB 0 SINR 45.1 dB RSRP -36 dBm, RI 0 CQI: N/A
    DL harq: 1943/0 avg code rate 0.1, avg bit/symbol 2.0, avg per TB: (nb RBs 6.3, nb symbols 11.9)
    UL harq: 11741/5 avg code rate 0.1, avg bit/symbol 2.0, avg per TB: (nb RBs 10.0, nb symbols 13.0)
[0m[NR_RRC] MeasurementReport Encoded 53 bits (7 bytes)
[0m[NR_MAC] UE 0 RNTI 275b stats sfn: 0.0, cumulated bad DCI 0
    DL Chan: SSB 0 SINR 45.1 dB RSRP -36 dBm, RI 0 CQI: N/A
    DL harq: 1945/0 avg code rate 0.1, avg bit/symbol 2.0, avg per TB: (nb RBs 6.3, nb symbols 11.9)
    UL harq: 11756/5 avg code rate 0.1, avg bit/symbol 2.0, avg per TB: (nb RBs 10.0, nb symbols 13.0)
[0m[NR_RRC] MeasurementReport Encoded 53 bits (7 bytes)
[0m[NR_MAC] UE 0 RNTI 275b stats sfn: 128.0, cumulated bad DCI 0
    DL Chan: SSB 0 SINR 44.1 dB RSRP -36 dBm, RI 0 CQI: N/A
    DL harq: 1947/0 avg code rate 0.1, avg bit/symbol 2.0, avg per TB: (nb RBs 6.3, nb symbols 11.9)
    UL harq: 11771/5 avg code rate 0.1, avg bit/symbol 2.0, avg per TB: (nb RBs 10.0, nb symbols 13.0)
[0m[NR_RRC] MeasurementReport Encoded 53 bits (7 bytes)
[0m[NR_MAC] UE 0 RNTI 275b stats sfn: 256.0, cumulated bad DCI 0
    DL Chan: SSB 0 SINR 44.1 dB RSRP -36 dBm, RI 0 CQI: N/A
    DL harq: 1951/0 avg code rate 0.1, avg bit/symbol 2.0, avg per TB: (nb RBs 6.3, nb symbols 11.9)
    UL harq: 11787/5 avg code rate 0.1, avg bit/symbol 2.0, avg per TB: (nb RBs 10.0, nb symbols 13.0)
[0m[NR_RRC] MeasurementReport Encoded 53 bits (7 bytes)
[0m[NR_RRC] MeasurementReport Encoded 53 bits (7 bytes)
[0m[NR_MAC] UE 0 RNTI 275b stats sfn: 384.0, cumulated bad DCI 0
    DL Chan: SSB 0 SINR 45.1 dB RSRP -36 dBm, RI 0 CQI: N/A
    DL harq: 1953/0 avg code rate 0.1, avg bit/symbol 2.0, avg per TB: (nb RBs 6.3, nb symbols 11.9)
    UL harq: 11802/5 avg code rate 0.1, avg bit/symbol 2.0, avg per TB: (nb RBs 10.0, nb symbols 13.0)
[0m[NR_RRC] MeasurementReport Encoded 53 bits (7 bytes)
[0m[NR_MAC] UE 0 RNTI 275b stats sfn: 512.0, cumulated bad DCI 0
    DL Chan: SSB 0 SINR 42.6 dB RSRP -36 dBm, RI 0 CQI: N/A
    DL harq: 1955/0 avg code rate 0.1, avg bit/symbol 2.0, avg per TB: (nb RBs 6.3, nb symbols 11.9)
    UL harq: 11815/5 avg code rate 0.1, avg bit/symbol 2.0, avg per TB: (nb RBs 10.0, nb symbols 13.0)
[0m[NR_RRC] MeasurementReport Encoded 53 bits (7 bytes)
[0m[NR_MAC] UE 0 RNTI 275b stats sfn: 640.0, cumulated bad DCI 0
    DL Chan: SSB 0 SINR 44.1 dB RSRP -36 dBm, RI 0 CQI: N/A
    DL harq: 1957/0 avg code rate 0.1, avg bit/symbol 2.0, avg per TB: (nb RBs 6.3, nb symbols 11.9)
    UL harq: 11830/5 avg code rate 0.1, avg bit/symbol 2.0, avg per TB: (nb RBs 9.9, nb symbols 13.0)
[0m[NR_RRC] MeasurementReport Encoded 53 bits (7 bytes)
[0m[NR_MAC] UE 0 RNTI 275b stats sfn: 768.0, cumulated bad DCI 0
    DL Chan: SSB 0 SINR 44.1 dB RSRP -36 dBm, RI 0 CQI: N/A
    DL harq: 1961/0 avg code rate 0.1, avg bit/symbol 2.0, avg per TB: (nb RBs 6.3, nb symbols 11.9)
    UL harq: 11846/5 avg code rate 0.1, avg bit/symbol 2.0, avg per TB: (nb RBs 9.9, nb symbols 13.0)
[0m[NR_RRC] MeasurementReport Encoded 53 bits (7 bytes)
[0m[NR_MAC] UE 0 RNTI 275b stats sfn: 896.0, cumulated bad DCI 0
    DL Chan: SSB 0 SINR 46.3 dB RSRP -36 dBm, RI 0 CQI: N/A
    DL harq: 1963/0 avg code rate 0.1, avg bit/symbol 2.0, avg per TB: (nb RBs 6.3, nb symbols 11.9)
    UL harq: 11861/5 avg code rate 0.1, avg bit/symbol 2.0, avg per TB: (nb RBs 9.9, nb symbols 13.0)
[0m[NR_RRC] MeasurementReport Encoded 53 bits (7 bytes)
[0m[NR_RRC] MeasurementReport Encoded 53 bits (7 bytes)
[0m[NR_MAC] UE 0 RNTI 275b stats sfn: 0.0, cumulated bad DCI 0
    DL Chan: SSB 0 SINR 45.1 dB RSRP -36 dBm, RI 0 CQI: N/A
    DL harq: 1965/0 avg code rate 0.1, avg bit/symbol 2.0, avg per TB: (nb RBs 6.3, nb symbols 11.9)
    UL harq: 11875/5 avg code rate 0.1, avg bit/symbol 2.0, avg per TB: (nb RBs 9.9, nb symbols 13.0)
[0m[NR_RRC] MeasurementReport Encoded 53 bits (7 bytes)
[0m[NR_MAC] UE 0 RNTI 275b stats sfn: 128.0, cumulated bad DCI 0
    DL Chan: SSB 0 SINR 46.3 dB RSRP -36 dBm, RI 0 CQI: N/A
    DL harq: 1968/0 avg code rate 0.1, avg bit/symbol 2.0, avg per TB: (nb RBs 6.3, nb symbols 11.9)
    UL harq: 11889/5 avg code rate 0.1, avg bit/symbol 2.0, avg per TB: (nb RBs 9.9, nb symbols 13.0)
[0m[NR_RRC] MeasurementReport Encoded 53 bits (7 bytes)
[0m[NR_MAC] UE 0 RNTI 275b stats sfn: 256.0, cumulated bad DCI 0
    DL Chan: SSB 0 SINR 45.1 dB RSRP -36 dBm, RI 0 CQI: N/A
    DL harq: 1971/0 avg code rate 0.1, avg bit/symbol 2.0, avg per TB: (nb RBs 6.3, nb symbols 11.9)
    UL harq: 11906/5 avg code rate 0.1, avg bit/symbol 2.0, avg per TB: (nb RBs 9.9, nb symbols 13.0)
[0m[NR_RRC] MeasurementReport Encoded 53 bits (7 bytes)
[0m[NR_MAC] UE 0 RNTI 275b stats sfn: 384.0, cumulated bad DCI 0
    DL Chan: SSB 0 SINR 45.1 dB RSRP -36 dBm, RI 0 CQI: N/A
    DL harq: 1973/0 avg code rate 0.1, avg bit/symbol 2.0, avg per TB: (nb RBs 6.3, nb symbols 11.9)
    UL harq: 11920/5 avg code rate 0.1, avg bit/symbol 2.0, avg per TB: (nb RBs 9.9, nb symbols 13.0)
[0m[NR_RRC] MeasurementReport Encoded 53 bits (7 bytes)
[0m[NR_RRC] MeasurementReport Encoded 53 bits (7 bytes)
[0m[NR_MAC] UE 0 RNTI 275b stats sfn: 512.0, cumulated bad DCI 0
    DL Chan: SSB 0 SINR 44.1 dB RSRP -36 dBm, RI 0 CQI: N/A
    DL harq: 1975/0 avg code rate 0.1, avg bit/symbol 2.0, avg per TB: (nb RBs 6.3, nb symbols 11.9)
    UL harq: 11934/5 avg code rate 0.1, avg bit/symbol 2.0, avg per TB: (nb RBs 9.9, nb symbols 13.0)
[0m[NR_RRC] MeasurementReport Encoded 53 bits (7 bytes)
[0m[NR_MAC] UE 0 RNTI 275b stats sfn: 640.0, cumulated bad DCI 0
    DL Chan: SSB 0 SINR 44.1 dB RSRP -36 dBm, RI 0 CQI: N/A
    DL harq: 1978/0 avg code rate 0.1, avg bit/symbol 2.0, avg per TB: (nb RBs 6.3, nb symbols 11.9)
    UL harq: 11949/5 avg code rate 0.1, avg bit/symbol 2.0, avg per TB: (nb RBs 9.9, nb symbols 13.0)
[0m[NR_RRC] MeasurementReport Encoded 53 bits (7 bytes)
[0m[NR_MAC] UE 0 RNTI 275b stats sfn: 768.0, cumulated bad DCI 0
    DL Chan: SSB 0 SINR 46.3 dB RSRP -36 dBm, RI 0 CQI: N/A
    DL harq: 1981/0 avg code rate 0.1, avg bit/symbol 2.0, avg per TB: (nb RBs 6.3, nb symbols 11.9)
    UL harq: 11964/5 avg code rate 0.1, avg bit/symbol 2.0, avg per TB: (nb RBs 9.9, nb symbols 13.0)
[0m[NR_RRC] MeasurementReport Encoded 53 bits (7 bytes)
[0m[NR_MAC] UE 0 RNTI 275b stats sfn: 896.0, cumulated bad DCI 0
    DL Chan: SSB 0 SINR 44.1 dB RSRP -36 dBm, RI 0 CQI: N/A
    DL harq: 1983/0 avg code rate 0.1, avg bit/symbol 2.0, avg per TB: (nb RBs 6.3, nb symbols 11.9)
    UL harq: 11979/5 avg code rate 0.1, avg bit/symbol 2.0, avg per TB: (nb RBs 9.9, nb symbols 13.0)
[0m[NR_RRC] MeasurementReport Encoded 53 bits (7 bytes)
[0m[NR_RRC] MeasurementReport Encoded 53 bits (7 bytes)
[0m[NR_MAC] UE 0 RNTI 275b stats sfn: 0.0, cumulated bad DCI 0
    DL Chan: SSB 0 SINR 45.1 dB RSRP -36 dBm, RI 0 CQI: N/A
    DL harq: 1986/0 avg code rate 0.1, avg bit/symbol 2.0, avg per TB: (nb RBs 6.3, nb symbols 11.9)
    UL harq: 11994/5 avg code rate 0.1, avg bit/symbol 2.0, avg per TB: (nb RBs 9.9, nb symbols 13.0)
[0m[NR_RRC] MeasurementReport Encoded 53 bits (7 bytes)
[0m[NR_MAC] UE 0 RNTI 275b stats sfn: 128.0, cumulated bad DCI 0
    DL Chan: SSB 0 SINR 44.1 dB RSRP -36 dBm, RI 0 CQI: N/A
    DL harq: 1988/0 avg code rate 0.1, avg bit/symbol 2.0, avg per TB: (nb RBs 6.3, nb symbols 11.9)
    UL harq: 12009/5 avg code rate 0.1, avg bit/symbol 2.0, avg per TB: (nb RBs 9.9, nb symbols 13.0)
[0m[NR_RRC] MeasurementReport Encoded 53 bits (7 bytes)
[0m[NR_MAC] UE 0 RNTI 275b stats sfn: 256.0, cumulated bad DCI 0
    DL Chan: SSB 0 SINR 46.3 dB RSRP -36 dBm, RI 0 CQI: N/A
    DL harq: 1991/0 avg code rate 0.1, avg bit/symbol 2.0, avg per TB: (nb RBs 6.3, nb symbols 11.9)
    UL harq: 12025/5 avg code rate 0.1, avg bit/symbol 2.0, avg per TB: (nb RBs 9.9, nb symbols 13.0)
[0m[NR_RRC] MeasurementReport Encoded 53 bits (7 bytes)
[0m[NR_MAC] UE 0 RNTI 275b stats sfn: 384.0, cumulated bad DCI 0
    DL Chan: SSB 0 SINR 45.1 dB RSRP -36 dBm, RI 0 CQI: N/A
    DL harq: 1993/0 avg code rate 0.1, avg bit/symbol 2.0, avg per TB: (nb RBs 6.3, nb symbols 11.9)
    UL harq: 12039/5 avg code rate 0.1, avg bit/symbol 2.0, avg per TB: (nb RBs 9.9, nb symbols 13.0)
[0m[NR_RRC] MeasurementReport Encoded 53 bits (7 bytes)
[0m[NR_RRC] MeasurementReport Encoded 53 bits (7 bytes)
[0m[NR_MAC] UE 0 RNTI 275b stats sfn: 512.0, cumulated bad DCI 0
    DL Chan: SSB 0 SINR 44.1 dB RSRP -36 dBm, RI 0 CQI: N/A
    DL harq: 1996/0 avg code rate 0.1, avg bit/symbol 2.0, avg per TB: (nb RBs 6.3, nb symbols 11.9)
    UL harq: 12053/5 avg code rate 0.1, avg bit/symbol 2.0, avg per TB: (nb RBs 9.9, nb symbols 13.0)
[0m[NR_RRC] MeasurementReport Encoded 53 bits (7 bytes)
[0m[NR_MAC] UE 0 RNTI 275b stats sfn: 640.0, cumulated bad DCI 0
    DL Chan: SSB 0 SINR 44.1 dB RSRP -36 dBm, RI 0 CQI: N/A
    DL harq: 1998/0 avg code rate 0.1, avg bit/symbol 2.0, avg per TB: (nb RBs 6.3, nb symbols 11.9)
    UL harq: 12067/5 avg code rate 0.1, avg bit/symbol 2.0, avg per TB: (nb RBs 9.9, nb symbols 13.0)
[0m[NR_RRC] MeasurementReport Encoded 53 bits (7 bytes)
[0m[NR_MAC] UE 0 RNTI 275b stats sfn: 768.0, cumulated bad DCI 0
    DL Chan: SSB 0 SINR 45.1 dB RSRP -36 dBm, RI 0 CQI: N/A
    DL harq: 2001/0 avg code rate 0.1, avg bit/symbol 2.0, avg per TB: (nb RBs 6.3, nb symbols 11.9)
    UL harq: 12084/5 avg code rate 0.1, avg bit/symbol 2.0, avg per TB: (nb RBs 9.8, nb symbols 13.0)
[0m[NR_RRC] MeasurementReport Encoded 53 bits (7 bytes)
[0m[NR_MAC] UE 0 RNTI 275b stats sfn: 896.0, cumulated bad DCI 0
    DL Chan: SSB 0 SINR 46.3 dB RSRP -36 dBm, RI 0 CQI: N/A
    DL harq: 2004/0 avg code rate 0.1, avg bit/symbol 2.0, avg per TB: (nb RBs 6.3, nb symbols 11.9)
    UL harq: 12099/5 avg code rate 0.1, avg bit/symbol 2.0, avg per TB: (nb RBs 9.8, nb symbols 13.0)
[0m[NR_RRC] MeasurementReport Encoded 53 bits (7 bytes)
[0m[NR_RRC] MeasurementReport Encoded 53 bits (7 bytes)
[0m[NR_MAC] UE 0 RNTI 275b stats sfn: 0.0, cumulated bad DCI 0
    DL Chan: SSB 0 SINR 46.3 dB RSRP -36 dBm, RI 0 CQI: N/A
    DL harq: 2006/0 avg code rate 0.1, avg bit/symbol 2.0, avg per TB: (nb RBs 6.3, nb symbols 11.9)
    UL harq: 12112/5 avg code rate 0.1, avg bit/symbol 2.0, avg per TB: (nb RBs 9.8, nb symbols 13.0)
[0m[NR_RRC] MeasurementReport Encoded 53 bits (7 bytes)
[0m[NR_MAC] UE 0 RNTI 275b stats sfn: 128.0, cumulated bad DCI 0
    DL Chan: SSB 0 SINR 46.3 dB RSRP -36 dBm, RI 0 CQI: N/A
    DL harq: 2008/0 avg code rate 0.1, avg bit/symbol 2.0, avg per TB: (nb RBs 6.3, nb symbols 11.9)
    UL harq: 12127/5 avg code rate 0.1, avg bit/symbol 2.0, avg per TB: (nb RBs 9.8, nb symbols 13.0)
[0m[NR_RRC] MeasurementReport Encoded 53 bits (7 bytes)
[0m[NR_MAC] UE 0 RNTI 275b stats sfn: 256.0, cumulated bad DCI 0
    DL Chan: SSB 0 SINR 46.3 dB RSRP -36 dBm, RI 0 CQI: N/A
    DL harq: 2010/0 avg code rate 0.1, avg bit/symbol 2.0, avg per TB: (nb RBs 6.3, nb symbols 11.9)
    UL harq: 12144/5 avg code rate 0.1, avg bit/symbol 2.0, avg per TB: (nb RBs 9.8, nb symbols 13.0)
[0m[NR_RRC] MeasurementReport Encoded 53 bits (7 bytes)
[0m[NR_MAC] UE 0 RNTI 275b stats sfn: 384.0, cumulated bad DCI 0
    DL Chan: SSB 0 SINR 44.1 dB RSRP -36 dBm, RI 0 CQI: N/A
    DL harq: 2014/0 avg code rate 0.1, avg bit/symbol 2.0, avg per TB: (nb RBs 6.3, nb symbols 11.9)
    UL harq: 12158/5 avg code rate 0.1, avg bit/symbol 2.0, avg per TB: (nb RBs 9.8, nb symbols 13.0)
[0m[NR_RRC] MeasurementReport Encoded 53 bits (7 bytes)
[0m[NR_RRC] MeasurementReport Encoded 53 bits (7 bytes)
[0m[NR_MAC] UE 0 RNTI 275b stats sfn: 512.0, cumulated bad DCI 0
    DL Chan: SSB 0 SINR 44.1 dB RSRP -36 dBm, RI 0 CQI: N/A
    DL harq: 2016/0 avg code rate 0.1, avg bit/symbol 2.0, avg per TB: (nb RBs 6.3, nb symbols 11.9)
    UL harq: 12172/5 avg code rate 0.1, avg bit/symbol 2.0, avg per TB: (nb RBs 9.8, nb symbols 13.0)
[0m[NR_RRC] MeasurementReport Encoded 53 bits (7 bytes)
[0m[NR_MAC] UE 0 RNTI 275b stats sfn: 640.0, cumulated bad DCI 0
    DL Chan: SSB 0 SINR 43.3 dB RSRP -36 dBm, RI 0 CQI: N/A
    DL harq: 2018/0 avg code rate 0.1, avg bit/symbol 2.0, avg per TB: (nb RBs 6.3, nb symbols 11.9)
    UL harq: 12186/5 avg code rate 0.1, avg bit/symbol 2.0, avg per TB: (nb RBs 9.8, nb symbols 13.0)
[0m[NR_RRC] MeasurementReport Encoded 53 bits (7 bytes)
[0m[NR_MAC] UE 0 RNTI 275b stats sfn: 768.0, cumulated bad DCI 0
    DL Chan: SSB 0 SINR 46.3 dB RSRP -36 dBm, RI 0 CQI: N/A
    DL harq: 2020/0 avg code rate 0.1, avg bit/symbol 2.0, avg per TB: (nb RBs 6.3, nb symbols 11.9)
    UL harq: 12202/5 avg code rate 0.1, avg bit/symbol 2.0, avg per TB: (nb RBs 9.8, nb symbols 13.0)
[0m[NR_RRC] MeasurementReport Encoded 53 bits (7 bytes)
[0m[NR_MAC] UE 0 RNTI 275b stats sfn: 896.0, cumulated bad DCI 0
    DL Chan: SSB 0 SINR 45.1 dB RSRP -36 dBm, RI 0 CQI: N/A
    DL harq: 2024/0 avg code rate 0.1, avg bit/symbol 2.0, avg per TB: (nb RBs 6.3, nb symbols 11.9)
    UL harq: 12217/5 avg code rate 0.1, avg bit/symbol 2.0, avg per TB: (nb RBs 9.8, nb symbols 13.0)
[0m[NR_RRC] MeasurementReport Encoded 53 bits (7 bytes)
[0m[NR_RRC] MeasurementReport Encoded 53 bits (7 bytes)
[0m[NR_MAC] UE 0 RNTI 275b stats sfn: 0.0, cumulated bad DCI 0
    DL Chan: SSB 0 SINR 48.1 dB RSRP -36 dBm, RI 0 CQI: N/A
    DL harq: 2026/0 avg code rate 0.1, avg bit/symbol 2.0, avg per TB: (nb RBs 6.3, nb symbols 11.9)
    UL harq: 12232/5 avg code rate 0.1, avg bit/symbol 2.0, avg per TB: (nb RBs 9.8, nb symbols 13.0)
[0m[1;31m[NR_MAC] Error in ul config consistency, clearing it slot 2
[0m[NR_RRC] MeasurementReport Encoded 53 bits (7 bytes)
[0m[NR_MAC] UE 0 RNTI 275b stats sfn: 128.0, cumulated bad DCI 0
    DL Chan: SSB 0 SINR 45.1 dB RSRP -36 dBm, RI 0 CQI: N/A
    DL harq: 2028/0 avg code rate 0.1, avg bit/symbol 2.0, avg per TB: (nb RBs 6.3, nb symbols 11.9)
    UL harq: 12247/5 avg code rate 0.1, avg bit/symbol 2.0, avg per TB: (nb RBs 9.8, nb symbols 13.0)
[0m[NR_RRC] MeasurementReport Encoded 53 bits (7 bytes)
[0m[NR_MAC] UE 0 RNTI 275b stats sfn: 256.0, cumulated bad DCI 0
    DL Chan: SSB 0 SINR 45.1 dB RSRP -36 dBm, RI 0 CQI: N/A
    DL harq: 2031/0 avg code rate 0.1, avg bit/symbol 2.0, avg per TB: (nb RBs 6.3, nb symbols 11.9)
    UL harq: 12261/6 avg code rate 0.1, avg bit/symbol 2.0, avg per TB: (nb RBs 9.8, nb symbols 13.0)
[0m[NR_RRC] MeasurementReport Encoded 53 bits (7 bytes)
[0m[NR_MAC] UE 0 RNTI 275b stats sfn: 384.0, cumulated bad DCI 0
    DL Chan: SSB 0 SINR 44.1 dB RSRP -36 dBm, RI 0 CQI: N/A
    DL harq: 2034/0 avg code rate 0.1, avg bit/symbol 2.0, avg per TB: (nb RBs 6.3, nb symbols 11.9)
    UL harq: 12277/6 avg code rate 0.1, avg bit/symbol 2.0, avg per TB: (nb RBs 9.8, nb symbols 13.0)
[0m[NR_RRC] MeasurementReport Encoded 53 bits (7 bytes)
[0m[NR_RRC] MeasurementReport Encoded 53 bits (7 bytes)
[0m[NR_MAC] UE 0 RNTI 275b stats sfn: 512.0, cumulated bad DCI 0
    DL Chan: SSB 0 SINR 45.1 dB RSRP -36 dBm, RI 0 CQI: N/A
    DL harq: 2036/0 avg code rate 0.1, avg bit/symbol 2.0, avg per TB: (nb RBs 6.3, nb symbols 11.9)
    UL harq: 12291/6 avg code rate 0.1, avg bit/symbol 2.0, avg per TB: (nb RBs 9.8, nb symbols 13.0)
[0m[NR_RRC] MeasurementReport Encoded 53 bits (7 bytes)
[0m[NR_MAC] UE 0 RNTI 275b stats sfn: 640.0, cumulated bad DCI 0
    DL Chan: SSB 0 SINR 46.3 dB RSRP -36 dBm, RI 0 CQI: N/A
    DL harq: 2038/0 avg code rate 0.1, avg bit/symbol 2.0, avg per TB: (nb RBs 6.3, nb symbols 11.9)
    UL harq: 12305/6 avg code rate 0.1, avg bit/symbol 2.0, avg per TB: (nb RBs 9.8, nb symbols 13.0)
[0m[NR_RRC] MeasurementReport Encoded 53 bits (7 bytes)
[0m[NR_MAC] UE 0 RNTI 275b stats sfn: 768.0, cumulated bad DCI 0
    DL Chan: SSB 0 SINR 44.1 dB RSRP -36 dBm, RI 0 CQI: N/A
    DL harq: 2041/0 avg code rate 0.1, avg bit/symbol 2.0, avg per TB: (nb RBs 6.2, nb symbols 11.9)
    UL harq: 12322/6 avg code rate 0.1, avg bit/symbol 2.0, avg per TB: (nb RBs 9.8, nb symbols 13.0)
[0m[NR_RRC] MeasurementReport Encoded 53 bits (7 bytes)
[0m[NR_MAC] UE 0 RNTI 275b stats sfn: 896.0, cumulated bad DCI 0
    DL Chan: SSB 0 SINR 45.1 dB RSRP -36 dBm, RI 0 CQI: N/A
    DL harq: 2044/0 avg code rate 0.1, avg bit/symbol 2.0, avg per TB: (nb RBs 6.2, nb symbols 11.9)
    UL harq: 12336/6 avg code rate 0.1, avg bit/symbol 2.0, avg per TB: (nb RBs 9.7, nb symbols 13.0)
[0m[NR_RRC] MeasurementReport Encoded 53 bits (7 bytes)
[0m[NR_MAC] UE 0 RNTI 275b stats sfn: 0.0, cumulated bad DCI 0
    DL Chan: SSB 0 SINR 44.1 dB RSRP -36 dBm, RI 0 CQI: N/A
    DL harq: 2046/0 avg code rate 0.1, avg bit/symbol 2.0, avg per TB: (nb RBs 6.2, nb symbols 11.9)
    UL harq: 12350/6 avg code rate 0.1, avg bit/symbol 2.0, avg per TB: (nb RBs 9.7, nb symbols 13.0)
[0m[NR_RRC] MeasurementReport Encoded 53 bits (7 bytes)
[0m[NR_RRC] MeasurementReport Encoded 53 bits (7 bytes)
[0m[NR_MAC] UE 0 RNTI 275b stats sfn: 128.0, cumulated bad DCI 0
    DL Chan: SSB 0 SINR 46.3 dB RSRP -36 dBm, RI 0 CQI: N/A
    DL harq: 2049/0 avg code rate 0.1, avg bit/symbol 2.0, avg per TB: (nb RBs 6.2, nb symbols 11.9)
    UL harq: 12365/6 avg code rate 0.1, avg bit/symbol 2.0, avg per TB: (nb RBs 9.7, nb symbols 13.0)
[0m[NR_RRC] MeasurementReport Encoded 53 bits (7 bytes)
[0m[NR_MAC] UE 0 RNTI 275b stats sfn: 256.0, cumulated bad DCI 0
    DL Chan: SSB 0 SINR 46.3 dB RSRP -36 dBm, RI 0 CQI: N/A
    DL harq: 2051/0 avg code rate 0.1, avg bit/symbol 2.0, avg per TB: (nb RBs 6.2, nb symbols 11.9)
    UL harq: 12380/6 avg code rate 0.1, avg bit/symbol 2.0, avg per TB: (nb RBs 9.7, nb symbols 13.0)
[0m[NR_RRC] MeasurementReport Encoded 53 bits (7 bytes)
[0m[NR_MAC] UE 0 RNTI 275b stats sfn: 384.0, cumulated bad DCI 0
    DL Chan: SSB 0 SINR 46.3 dB RSRP -36 dBm, RI 0 CQI: N/A
    DL harq: 2054/0 avg code rate 0.1, avg bit/symbol 2.0, avg per TB: (nb RBs 6.2, nb symbols 11.9)
    UL harq: 12396/6 avg code rate 0.1, avg bit/symbol 2.0, avg per TB: (nb RBs 9.7, nb symbols 13.0)
[0m[NR_RRC] MeasurementReport Encoded 53 bits (7 bytes)
[0m[NR_MAC] UE 0 RNTI 275b stats sfn: 512.0, cumulated bad DCI 0
    DL Chan: SSB 0 SINR 46.3 dB RSRP -36 dBm, RI 0 CQI: N/A
    DL harq: 2056/0 avg code rate 0.1, avg bit/symbol 2.0, avg per TB: (nb RBs 6.2, nb symbols 11.9)
    UL harq: 12409/6 avg code rate 0.1, avg bit/symbol 2.0, avg per TB: (nb RBs 9.7, nb symbols 13.0)
[0m[NR_RRC] MeasurementReport Encoded 53 bits (7 bytes)
[0m[NR_RRC] MeasurementReport Encoded 53 bits (7 bytes)
[0m[NR_MAC] UE 0 RNTI 275b stats sfn: 640.0, cumulated bad DCI 0
    DL Chan: SSB 0 SINR 46.3 dB RSRP -36 dBm, RI 0 CQI: N/A
    DL harq: 2059/0 avg code rate 0.1, avg bit/symbol 2.0, avg per TB: (nb RBs 6.2, nb symbols 11.9)
    UL harq: 12424/6 avg code rate 0.1, avg bit/symbol 2.0, avg per TB: (nb RBs 9.7, nb symbols 13.0)
[0m[NR_RRC] MeasurementReport Encoded 53 bits (7 bytes)
[0m[NR_MAC] UE 0 RNTI 275b stats sfn: 768.0, cumulated bad DCI 0
    DL Chan: SSB 0 SINR 45.1 dB RSRP -36 dBm, RI 0 CQI: N/A
    DL harq: 2061/0 avg code rate 0.1, avg bit/symbol 2.0, avg per TB: (nb RBs 6.2, nb symbols 11.9)
    UL harq: 12439/6 avg code rate 0.1, avg bit/symbol 2.0, avg per TB: (nb RBs 9.7, nb symbols 13.0)
[0m[NR_RRC] MeasurementReport Encoded 53 bits (7 bytes)
[0m[NR_MAC] UE 0 RNTI 275b stats sfn: 896.0, cumulated bad DCI 0
    DL Chan: SSB 0 SINR 45.1 dB RSRP -36 dBm, RI 0 CQI: N/A
    DL harq: 2064/0 avg code rate 0.1, avg bit/symbol 2.0, avg per TB: (nb RBs 6.2, nb symbols 11.9)
    UL harq: 12455/6 avg code rate 0.1, avg bit/symbol 2.0, avg per TB: (nb RBs 9.7, nb symbols 13.0)
[0m[NR_RRC] MeasurementReport Encoded 53 bits (7 bytes)
[0m[NR_MAC] UE 0 RNTI 275b stats sfn: 0.0, cumulated bad DCI 0
    DL Chan: SSB 0 SINR 45.1 dB RSRP -36 dBm, RI 0 CQI: N/A
    DL harq: 2067/0 avg code rate 0.1, avg bit/symbol 2.0, avg per TB: (nb RBs 6.2, nb symbols 11.9)
    UL harq: 12469/6 avg code rate 0.1, avg bit/symbol 2.0, avg per TB: (nb RBs 9.7, nb symbols 13.0)
[0m[NR_RRC] MeasurementReport Encoded 53 bits (7 bytes)
[0m[NR_RRC] MeasurementReport Encoded 53 bits (7 bytes)
[0m[NR_MAC] UE 0 RNTI 275b stats sfn: 128.0, cumulated bad DCI 0
    DL Chan: SSB 0 SINR 45.1 dB RSRP -36 dBm, RI 0 CQI: N/A
    DL harq: 2069/0 avg code rate 0.1, avg bit/symbol 2.0, avg per TB: (nb RBs 6.2, nb symbols 11.9)
    UL harq: 12484/6 avg code rate 0.1, avg bit/symbol 2.0, avg per TB: (nb RBs 9.7, nb symbols 13.0)
[0m[NR_RRC] MeasurementReport Encoded 53 bits (7 bytes)
[0m[NR_MAC] UE 0 RNTI 275b stats sfn: 256.0, cumulated bad DCI 0
    DL Chan: SSB 0 SINR 45.1 dB RSRP -36 dBm, RI 0 CQI: N/A
    DL harq: 2071/0 avg code rate 0.1, avg bit/symbol 2.0, avg per TB: (nb RBs 6.2, nb symbols 11.9)
    UL harq: 12498/6 avg code rate 0.1, avg bit/symbol 2.0, avg per TB: (nb RBs 9.7, nb symbols 13.0)
[0m[NR_RRC] MeasurementReport Encoded 53 bits (7 bytes)
[0m[NR_MAC] UE 0 RNTI 275b stats sfn: 384.0, cumulated bad DCI 0
    DL Chan: SSB 0 SINR 45.1 dB RSRP -36 dBm, RI 0 CQI: N/A
    DL harq: 2074/0 avg code rate 0.1, avg bit/symbol 2.0, avg per TB: (nb RBs 6.2, nb symbols 11.9)
    UL harq: 12515/6 avg code rate 0.1, avg bit/symbol 2.0, avg per TB: (nb RBs 9.7, nb symbols 13.0)
[0m[NR_RRC] MeasurementReport Encoded 53 bits (7 bytes)
[0m[NR_MAC] UE 0 RNTI 275b stats sfn: 512.0, cumulated bad DCI 0
    DL Chan: SSB 0 SINR 46.3 dB RSRP -36 dBm, RI 0 CQI: N/A
    DL harq: 2077/0 avg code rate 0.1, avg bit/symbol 2.0, avg per TB: (nb RBs 6.2, nb symbols 11.9)
    UL harq: 12529/6 avg code rate 0.1, avg bit/symbol 2.0, avg per TB: (nb RBs 9.7, nb symbols 13.0)
[0m[NR_RRC] MeasurementReport Encoded 53 bits (7 bytes)
[0m[NR_RRC] MeasurementReport Encoded 53 bits (7 bytes)
[0m[NR_MAC] UE 0 RNTI 275b stats sfn: 640.0, cumulated bad DCI 0
    DL Chan: SSB 0 SINR 46.3 dB RSRP -36 dBm, RI 0 CQI: N/A
    DL harq: 2079/0 avg code rate 0.1, avg bit/symbol 2.0, avg per TB: (nb RBs 6.2, nb symbols 11.9)
    UL harq: 12543/6 avg code rate 0.1, avg bit/symbol 2.0, avg per TB: (nb RBs 9.7, nb symbols 13.0)
[0m[NR_RRC] MeasurementReport Encoded 53 bits (7 bytes)
[0m[NR_MAC] UE 0 RNTI 275b stats sfn: 768.0, cumulated bad DCI 0
    DL Chan: SSB 0 SINR 46.3 dB RSRP -36 dBm, RI 0 CQI: N/A
    DL harq: 2081/0 avg code rate 0.1, avg bit/symbol 2.0, avg per TB: (nb RBs 6.2, nb symbols 11.9)
    UL harq: 12557/6 avg code rate 0.1, avg bit/symbol 2.0, avg per TB: (nb RBs 9.7, nb symbols 13.0)
[0m[NR_RRC] MeasurementReport Encoded 53 bits (7 bytes)
[0m[NR_MAC] UE 0 RNTI 275b stats sfn: 896.0, cumulated bad DCI 0
    DL Chan: SSB 0 SINR 46.3 dB RSRP -36 dBm, RI 0 CQI: N/A
    DL harq: 2083/0 avg code rate 0.1, avg bit/symbol 2.0, avg per TB: (nb RBs 6.2, nb symbols 11.9)
    UL harq: 12574/6 avg code rate 0.1, avg bit/symbol 2.0, avg per TB: (nb RBs 9.7, nb symbols 13.0)
[0m[NR_RRC] MeasurementReport Encoded 53 bits (7 bytes)
[0m[NR_MAC] UE 0 RNTI 275b stats sfn: 0.0, cumulated bad DCI 0
    DL Chan: SSB 0 SINR 44.1 dB RSRP -36 dBm, RI 0 CQI: N/A
    DL harq: 2087/0 avg code rate 0.1, avg bit/symbol 2.0, avg per TB: (nb RBs 6.2, nb symbols 11.9)
    UL harq: 12588/6 avg code rate 0.1, avg bit/symbol 2.0, avg per TB: (nb RBs 9.7, nb symbols 13.0)
[0m[NR_RRC] MeasurementReport Encoded 53 bits (7 bytes)
[0m[NR_RRC] MeasurementReport Encoded 53 bits (7 bytes)
[0m[NR_MAC] UE 0 RNTI 275b stats sfn: 128.0, cumulated bad DCI 0
    DL Chan: SSB 0 SINR 43.3 dB RSRP -36 dBm, RI 0 CQI: N/A
    DL harq: 2089/0 avg code rate 0.1, avg bit/symbol 2.0, avg per TB: (nb RBs 6.2, nb symbols 11.9)
    UL harq: 12603/6 avg code rate 0.1, avg bit/symbol 2.0, avg per TB: (nb RBs 9.6, nb symbols 13.0)
[0m[NR_RRC] MeasurementReport Encoded 53 bits (7 bytes)
[0m[NR_MAC] UE 0 RNTI 275b stats sfn: 256.0, cumulated bad DCI 0
    DL Chan: SSB 0 SINR 43.3 dB RSRP -36 dBm, RI 0 CQI: N/A
    DL harq: 2091/0 avg code rate 0.1, avg bit/symbol 2.0, avg per TB: (nb RBs 6.2, nb symbols 11.9)
    UL harq: 12618/6 avg code rate 0.1, avg bit/symbol 2.0, avg per TB: (nb RBs 9.6, nb symbols 13.0)
[0m[NR_RRC] MeasurementReport Encoded 53 bits (7 bytes)
[0m[NR_MAC] UE 0 RNTI 275b stats sfn: 384.0, cumulated bad DCI 0
    DL Chan: SSB 0 SINR 44.1 dB RSRP -36 dBm, RI 0 CQI: N/A
    DL harq: 2094/0 avg code rate 0.1, avg bit/symbol 2.0, avg per TB: (nb RBs 6.2, nb symbols 11.9)
    UL harq: 12633/6 avg code rate 0.1, avg bit/symbol 2.0, avg per TB: (nb RBs 9.6, nb symbols 13.0)
[0m[NR_RRC] MeasurementReport Encoded 53 bits (7 bytes)
[0m[NR_MAC] UE 0 RNTI 275b stats sfn: 512.0, cumulated bad DCI 0
    DL Chan: SSB 0 SINR 45.1 dB RSRP -36 dBm, RI 0 CQI: N/A
    DL harq: 2097/0 avg code rate 0.1, avg bit/symbol 2.0, avg per TB: (nb RBs 6.2, nb symbols 11.9)
    UL harq: 12647/6 avg code rate 0.1, avg bit/symbol 2.0, avg per TB: (nb RBs 9.6, nb symbols 13.0)
[0m[NR_RRC] MeasurementReport Encoded 53 bits (7 bytes)
[0m[NR_RRC] MeasurementReport Encoded 53 bits (7 bytes)
[0m[NR_MAC] UE 0 RNTI 275b stats sfn: 640.0, cumulated bad DCI 0
    DL Chan: SSB 0 SINR 44.1 dB RSRP -36 dBm, RI 0 CQI: N/A
    DL harq: 2099/0 avg code rate 0.1, avg bit/symbol 2.0, avg per TB: (nb RBs 6.2, nb symbols 11.9)
    UL harq: 12662/6 avg code rate 0.1, avg bit/symbol 2.0, avg per TB: (nb RBs 9.6, nb symbols 13.0)
[0m[NR_RRC] MeasurementReport Encoded 53 bits (7 bytes)
[0m[NR_MAC] UE 0 RNTI 275b stats sfn: 768.0, cumulated bad DCI 0
    DL Chan: SSB 0 SINR 44.1 dB RSRP -36 dBm, RI 0 CQI: N/A
    DL harq: 2101/0 avg code rate 0.1, avg bit/symbol 2.0, avg per TB: (nb RBs 6.2, nb symbols 11.9)
    UL harq: 12677/6 avg code rate 0.1, avg bit/symbol 2.0, avg per TB: (nb RBs 9.6, nb symbols 13.0)
[0m[NR_RRC] MeasurementReport Encoded 53 bits (7 bytes)
[0m[NR_MAC] UE 0 RNTI 275b stats sfn: 896.0, cumulated bad DCI 0
    DL Chan: SSB 0 SINR 44.1 dB RSRP -36 dBm, RI 0 CQI: N/A
    DL harq: 2104/0 avg code rate 0.1, avg bit/symbol 2.0, avg per TB: (nb RBs 6.2, nb symbols 11.9)
    UL harq: 12693/6 avg code rate 0.1, avg bit/symbol 2.0, avg per TB: (nb RBs 9.6, nb symbols 13.0)
[0m[NR_RRC] MeasurementReport Encoded 53 bits (7 bytes)
[0m[NR_MAC] UE 0 RNTI 275b stats sfn: 0.0, cumulated bad DCI 0
    DL Chan: SSB 0 SINR 44.1 dB RSRP -36 dBm, RI 0 CQI: N/A
    DL harq: 2107/0 avg code rate 0.1, avg bit/symbol 2.0, avg per TB: (nb RBs 6.2, nb symbols 11.9)
    UL harq: 12707/6 avg code rate 0.1, avg bit/symbol 2.0, avg per TB: (nb RBs 9.6, nb symbols 13.0)
[0m[NR_RRC] MeasurementReport Encoded 53 bits (7 bytes)
[0m[NR_RRC] MeasurementReport Encoded 53 bits (7 bytes)
[0m[NR_MAC] UE 0 RNTI 275b stats sfn: 128.0, cumulated bad DCI 0
    DL Chan: SSB 0 SINR 45.1 dB RSRP -36 dBm, RI 0 CQI: N/A
    DL harq: 2109/0 avg code rate 0.1, avg bit/symbol 2.0, avg per TB: (nb RBs 6.2, nb symbols 11.9)
    UL harq: 12722/6 avg code rate 0.1, avg bit/symbol 2.0, avg per TB: (nb RBs 9.6, nb symbols 13.0)
[0m[NR_RRC] MeasurementReport Encoded 53 bits (7 bytes)
[0m[NR_MAC] UE 0 RNTI 275b stats sfn: 256.0, cumulated bad DCI 0
    DL Chan: SSB 0 SINR 45.1 dB RSRP -36 dBm, RI 0 CQI: N/A
    DL harq: 2112/0 avg code rate 0.1, avg bit/symbol 2.0, avg per TB: (nb RBs 6.2, nb symbols 11.9)
    UL harq: 12736/6 avg code rate 0.1, avg bit/symbol 2.0, avg per TB: (nb RBs 9.6, nb symbols 13.0)
[0m[NR_RRC] MeasurementReport Encoded 53 bits (7 bytes)
[0m[NR_MAC] UE 0 RNTI 275b stats sfn: 384.0, cumulated bad DCI 0
    DL Chan: SSB 0 SINR 45.1 dB RSRP -36 dBm, RI 0 CQI: N/A
    DL harq: 2114/0 avg code rate 0.1, avg bit/symbol 2.0, avg per TB: (nb RBs 6.2, nb symbols 11.9)
    UL harq: 12753/6 avg code rate 0.1, avg bit/symbol 2.0, avg per TB: (nb RBs 9.6, nb symbols 13.0)
[0m[NR_RRC] MeasurementReport Encoded 53 bits (7 bytes)
[0m[NR_MAC] UE 0 RNTI 275b stats sfn: 512.0, cumulated bad DCI 0
    DL Chan: SSB 0 SINR 45.1 dB RSRP -36 dBm, RI 0 CQI: N/A
    DL harq: 2117/0 avg code rate 0.1, avg bit/symbol 2.0, avg per TB: (nb RBs 6.2, nb symbols 11.9)
    UL harq: 12766/6 avg code rate 0.1, avg bit/symbol 2.0, avg per TB: (nb RBs 9.6, nb symbols 13.0)
[0m[NR_RRC] MeasurementReport Encoded 53 bits (7 bytes)
[0m[NR_RRC] MeasurementReport Encoded 53 bits (7 bytes)
[0m[NR_MAC] UE 0 RNTI 275b stats sfn: 640.0, cumulated bad DCI 0
    DL Chan: SSB 0 SINR 46.3 dB RSRP -36 dBm, RI 0 CQI: N/A
    DL harq: 2119/0 avg code rate 0.1, avg bit/symbol 2.0, avg per TB: (nb RBs 6.2, nb symbols 11.9)
    UL harq: 12780/6 avg code rate 0.1, avg bit/symbol 2.0, avg per TB: (nb RBs 9.6, nb symbols 13.0)
[0m[NR_RRC] MeasurementReport Encoded 53 bits (7 bytes)
[0m[NR_MAC] UE 0 RNTI 275b stats sfn: 768.0, cumulated bad DCI 0
    DL Chan: SSB 0 SINR 44.1 dB RSRP -36 dBm, RI 0 CQI: N/A
    DL harq: 2122/0 avg code rate 0.1, avg bit/symbol 2.0, avg per TB: (nb RBs 6.2, nb symbols 11.9)
    UL harq: 12795/6 avg code rate 0.1, avg bit/symbol 2.0, avg per TB: (nb RBs 9.6, nb symbols 13.0)
[0m[NR_RRC] MeasurementReport Encoded 53 bits (7 bytes)
[0m[NR_MAC] UE 0 RNTI 275b stats sfn: 896.0, cumulated bad DCI 0
    DL Chan: SSB 0 SINR 45.1 dB RSRP -36 dBm, RI 0 CQI: N/A
    DL harq: 2124/0 avg code rate 0.1, avg bit/symbol 2.0, avg per TB: (nb RBs 6.2, nb symbols 11.9)
    UL harq: 12811/6 avg code rate 0.1, avg bit/symbol 2.0, avg per TB: (nb RBs 9.6, nb symbols 13.0)
[0m[NR_RRC] MeasurementReport Encoded 53 bits (7 bytes)
[0m[NR_MAC] UE 0 RNTI 275b stats sfn: 0.0, cumulated bad DCI 0
    DL Chan: SSB 0 SINR 45.1 dB RSRP -36 dBm, RI 0 CQI: N/A
    DL harq: 2127/0 avg code rate 0.1, avg bit/symbol 2.0, avg per TB: (nb RBs 6.2, nb symbols 11.9)
    UL harq: 12826/6 avg code rate 0.1, avg bit/symbol 2.0, avg per TB: (nb RBs 9.6, nb symbols 13.0)
[0m[NR_RRC] MeasurementReport Encoded 53 bits (7 bytes)
[0m[NR_MAC] UE 0 RNTI 275b stats sfn: 128.0, cumulated bad DCI 0
    DL Chan: SSB 0 SINR 46.3 dB RSRP -36 dBm, RI 0 CQI: N/A
    DL harq: 2130/0 avg code rate 0.1, avg bit/symbol 2.0, avg per TB: (nb RBs 6.2, nb symbols 11.9)
    UL harq: 12841/6 avg code rate 0.1, avg bit/symbol 2.0, avg per TB: (nb RBs 9.6, nb symbols 13.0)
[0m[NR_RRC] MeasurementReport Encoded 53 bits (7 bytes)
[0m[NR_RRC] MeasurementReport Encoded 53 bits (7 bytes)
[0m[NR_MAC] UE 0 RNTI 275b stats sfn: 256.0, cumulated bad DCI 0
    DL Chan: SSB 0 SINR 45.1 dB RSRP -36 dBm, RI 0 CQI: N/A
    DL harq: 2132/0 avg code rate 0.1, avg bit/symbol 2.0, avg per TB: (nb RBs 6.2, nb symbols 11.9)
    UL harq: 12855/6 avg code rate 0.1, avg bit/symbol 2.0, avg per TB: (nb RBs 9.6, nb symbols 13.0)
[0m[NR_RRC] MeasurementReport Encoded 53 bits (7 bytes)
[0m[NR_MAC] UE 0 RNTI 275b stats sfn: 384.0, cumulated bad DCI 0
    DL Chan: SSB 0 SINR 46.3 dB RSRP -36 dBm, RI 0 CQI: N/A
    DL harq: 2134/0 avg code rate 0.1, avg bit/symbol 2.0, avg per TB: (nb RBs 6.2, nb symbols 11.9)
    UL harq: 12870/6 avg code rate 0.1, avg bit/symbol 2.0, avg per TB: (nb RBs 9.5, nb symbols 13.0)
[0m[NR_RRC] MeasurementReport Encoded 53 bits (7 bytes)
[0m[NR_MAC] UE 0 RNTI 275b stats sfn: 512.0, cumulated bad DCI 0
    DL Chan: SSB 0 SINR 48.1 dB RSRP -36 dBm, RI 0 CQI: N/A
    DL harq: 2137/0 avg code rate 0.1, avg bit/symbol 2.0, avg per TB: (nb RBs 6.2, nb symbols 11.9)
    UL harq: 12885/6 avg code rate 0.1, avg bit/symbol 2.0, avg per TB: (nb RBs 9.5, nb symbols 13.0)
[0m[NR_RRC] MeasurementReport Encoded 53 bits (7 bytes)
[0m[NR_MAC] UE 0 RNTI 275b stats sfn: 640.0, cumulated bad DCI 0
    DL Chan: SSB 0 SINR 45.1 dB RSRP -36 dBm, RI 0 CQI: N/A
    DL harq: 2140/0 avg code rate 0.1, avg bit/symbol 2.0, avg per TB: (nb RBs 6.2, nb symbols 11.9)
    UL harq: 12900/6 avg code rate 0.1, avg bit/symbol 2.0, avg per TB: (nb RBs 9.5, nb symbols 13.0)
[0m[NR_RRC] MeasurementReport Encoded 53 bits (7 bytes)
[0m[NR_RRC] MeasurementReport Encoded 53 bits (7 bytes)
[0m[NR_MAC] UE 0 RNTI 275b stats sfn: 768.0, cumulated bad DCI 0
    DL Chan: SSB 0 SINR 46.3 dB RSRP -36 dBm, RI 0 CQI: N/A
    DL harq: 2142/0 avg code rate 0.1, avg bit/symbol 2.0, avg per TB: (nb RBs 6.2, nb symbols 11.9)
    UL harq: 12915/6 avg code rate 0.1, avg bit/symbol 2.0, avg per TB: (nb RBs 9.5, nb symbols 13.0)
[0m[NR_RRC] MeasurementReport Encoded 53 bits (7 bytes)
[0m[NR_MAC] UE 0 RNTI 275b stats sfn: 896.0, cumulated bad DCI 0
    DL Chan: SSB 0 SINR 46.3 dB RSRP -36 dBm, RI 0 CQI: N/A
    DL harq: 2144/0 avg code rate 0.1, avg bit/symbol 2.0, avg per TB: (nb RBs 6.2, nb symbols 11.9)
    UL harq: 12928/6 avg code rate 0.1, avg bit/symbol 2.0, avg per TB: (nb RBs 9.5, nb symbols 13.0)
[0m[NR_RRC] MeasurementReport Encoded 53 bits (7 bytes)
[0m[NR_MAC] UE 0 RNTI 275b stats sfn: 0.0, cumulated bad DCI 0
    DL Chan: SSB 0 SINR 45.1 dB RSRP -36 dBm, RI 0 CQI: N/A
    DL harq: 2147/0 avg code rate 0.1, avg bit/symbol 2.0, avg per TB: (nb RBs 6.2, nb symbols 11.9)
    UL harq: 12945/6 avg code rate 0.1, avg bit/symbol 2.0, avg per TB: (nb RBs 9.5, nb symbols 13.0)
[0m[NR_RRC] MeasurementReport Encoded 53 bits (7 bytes)
[0m[NR_MAC] UE 0 RNTI 275b stats sfn: 128.0, cumulated bad DCI 0
    DL Chan: SSB 0 SINR 45.1 dB RSRP -36 dBm, RI 0 CQI: N/A
    DL harq: 2150/0 avg code rate 0.1, avg bit/symbol 2.0, avg per TB: (nb RBs 6.2, nb symbols 11.9)
    UL harq: 12960/6 avg code rate 0.1, avg bit/symbol 2.0, avg per TB: (nb RBs 9.5, nb symbols 13.0)
[0m[NR_RRC] MeasurementReport Encoded 53 bits (7 bytes)
[0m[NR_RRC] MeasurementReport Encoded 53 bits (7 bytes)
[0m[NR_MAC] UE 0 RNTI 275b stats sfn: 256.0, cumulated bad DCI 0
    DL Chan: SSB 0 SINR 46.3 dB RSRP -36 dBm, RI 0 CQI: N/A
    DL harq: 2152/0 avg code rate 0.1, avg bit/symbol 2.0, avg per TB: (nb RBs 6.2, nb symbols 11.9)
    UL harq: 12974/6 avg code rate 0.1, avg bit/symbol 2.0, avg per TB: (nb RBs 9.5, nb symbols 13.0)
[0m[NR_RRC] MeasurementReport Encoded 53 bits (7 bytes)
[0m[NR_MAC] UE 0 RNTI 275b stats sfn: 384.0, cumulated bad DCI 0
    DL Chan: SSB 0 SINR 46.3 dB RSRP -36 dBm, RI 0 CQI: N/A
    DL harq: 2154/0 avg code rate 0.1, avg bit/symbol 2.0, avg per TB: (nb RBs 6.2, nb symbols 11.9)
    UL harq: 12989/6 avg code rate 0.1, avg bit/symbol 2.0, avg per TB: (nb RBs 9.5, nb symbols 13.0)
[0m[NR_RRC] MeasurementReport Encoded 53 bits (7 bytes)
[0m[NR_MAC] UE 0 RNTI 275b stats sfn: 512.0, cumulated bad DCI 0
    DL Chan: SSB 0 SINR 46.3 dB RSRP -36 dBm, RI 0 CQI: N/A
    DL harq: 2157/0 avg code rate 0.1, avg bit/symbol 2.0, avg per TB: (nb RBs 6.2, nb symbols 11.9)
    UL harq: 13004/6 avg code rate 0.1, avg bit/symbol 2.0, avg per TB: (nb RBs 9.5, nb symbols 13.0)
[0m[NR_RRC] MeasurementReport Encoded 53 bits (7 bytes)
[0m[NR_MAC] UE 0 RNTI 275b stats sfn: 640.0, cumulated bad DCI 0
    DL Chan: SSB 0 SINR 44.1 dB RSRP -36 dBm, RI 0 CQI: N/A
    DL harq: 2160/0 avg code rate 0.1, avg bit/symbol 2.0, avg per TB: (nb RBs 6.2, nb symbols 11.9)
    UL harq: 13018/6 avg code rate 0.1, avg bit/symbol 2.0, avg per TB: (nb RBs 9.5, nb symbols 13.0)
[0m[NR_RRC] MeasurementReport Encoded 53 bits (7 bytes)
[0m[NR_RRC] MeasurementReport Encoded 53 bits (7 bytes)
[0m[NR_MAC] UE 0 RNTI 275b stats sfn: 768.0, cumulated bad DCI 0
    DL Chan: SSB 0 SINR 44.1 dB RSRP -36 dBm, RI 0 CQI: N/A
    DL harq: 2162/0 avg code rate 0.1, avg bit/symbol 2.0, avg per TB: (nb RBs 6.2, nb symbols 11.9)
    UL harq: 13033/6 avg code rate 0.1, avg bit/symbol 2.0, avg per TB: (nb RBs 9.5, nb symbols 13.0)
[0m[NR_RRC] MeasurementReport Encoded 53 bits (7 bytes)
[0m[NR_MAC] UE 0 RNTI 275b stats sfn: 896.0, cumulated bad DCI 0
    DL Chan: SSB 0 SINR 43.3 dB RSRP -36 dBm, RI 0 CQI: N/A
    DL harq: 2164/0 avg code rate 0.1, avg bit/symbol 2.0, avg per TB: (nb RBs 6.2, nb symbols 11.9)
    UL harq: 13048/6 avg code rate 0.1, avg bit/symbol 2.0, avg per TB: (nb RBs 9.5, nb symbols 13.0)
[0m[NR_RRC] MeasurementReport Encoded 53 bits (7 bytes)
[0m[NR_MAC] UE 0 RNTI 275b stats sfn: 0.0, cumulated bad DCI 0
    DL Chan: SSB 0 SINR 44.1 dB RSRP -36 dBm, RI 0 CQI: N/A
    DL harq: 2168/0 avg code rate 0.1, avg bit/symbol 2.0, avg per TB: (nb RBs 6.2, nb symbols 11.9)
    UL harq: 13064/6 avg code rate 0.1, avg bit/symbol 2.0, avg per TB: (nb RBs 9.5, nb symbols 13.0)
[0m[NR_RRC] MeasurementReport Encoded 53 bits (7 bytes)
[0m[NR_MAC] UE 0 RNTI 275b stats sfn: 128.0, cumulated bad DCI 0
    DL Chan: SSB 0 SINR 44.1 dB RSRP -36 dBm, RI 0 CQI: N/A
    DL harq: 2170/0 avg code rate 0.1, avg bit/symbol 2.0, avg per TB: (nb RBs 6.2, nb symbols 11.9)
    UL harq: 13078/6 avg code rate 0.1, avg bit/symbol 2.0, avg per TB: (nb RBs 9.5, nb symbols 13.0)
[0m[NR_RRC] MeasurementReport Encoded 53 bits (7 bytes)
[0m[NR_RRC] MeasurementReport Encoded 53 bits (7 bytes)
[0m[NR_MAC] UE 0 RNTI 275b stats sfn: 256.0, cumulated bad DCI 0
    DL Chan: SSB 0 SINR 45.1 dB RSRP -36 dBm, RI 0 CQI: N/A
    DL harq: 2172/0 avg code rate 0.1, avg bit/symbol 2.0, avg per TB: (nb RBs 6.2, nb symbols 11.9)
    UL harq: 13093/6 avg code rate 0.1, avg bit/symbol 2.0, avg per TB: (nb RBs 9.5, nb symbols 13.0)
[0m[NR_RRC] MeasurementReport Encoded 53 bits (7 bytes)
[0m[NR_MAC] UE 0 RNTI 275b stats sfn: 384.0, cumulated bad DCI 0
    DL Chan: SSB 0 SINR 45.1 dB RSRP -36 dBm, RI 0 CQI: N/A
    DL harq: 2175/0 avg code rate 0.1, avg bit/symbol 2.0, avg per TB: (nb RBs 6.2, nb symbols 11.9)
    UL harq: 13108/6 avg code rate 0.1, avg bit/symbol 2.0, avg per TB: (nb RBs 9.5, nb symbols 13.0)
[0m[NR_RRC] MeasurementReport Encoded 53 bits (7 bytes)
[0m[NR_MAC] UE 0 RNTI 275b stats sfn: 512.0, cumulated bad DCI 0
    DL Chan: SSB 0 SINR 44.1 dB RSRP -36 dBm, RI 0 CQI: N/A
    DL harq: 2178/0 avg code rate 0.1, avg bit/symbol 2.0, avg per TB: (nb RBs 6.2, nb symbols 11.9)
    UL harq: 13123/6 avg code rate 0.1, avg bit/symbol 2.0, avg per TB: (nb RBs 9.5, nb symbols 13.0)
[0m[NR_RRC] MeasurementReport Encoded 53 bits (7 bytes)
[0m[NR_RRC] [UE 0] 609:0 Decoding SI
[0m[32m[NR_RRC] Found SIB19
[0m[NR_RRC] Get EPOCHTIME: x:10, N:10, slot_endw:10, frame:610, subframe:0 , slot:0
[0m[NR_RRC] Epoch frame 610 ahead by 1 frames
[0m[NR_RRC] val430:240 s, T430:240010 ms, sib19_timer:120010 ms
[0m[NR_MAC] NTN Config Rxd. Epoch HFN: 94, Epoch SFN: 610, Epoch Subframe: 0, k_offset: 478ms, N_Common_Ta: 238.740000ms, drift: 0.000000µs/s, variant: 0.000000µs/s²
[0m[NR_MAC] Satellite orbital radius 42163999.800000 m, pos_sat_0 = {0.000000, 0.000000, 42163999.800000}, pos_sat_90 = {0.000000, 0.000000, 42163999.800000}
[0m[NR_MAC] Satellite velocity 0.000000 m/s, angular velocity = 0.000000e+00 rad/ms, vel_sat_0 = {0.000000, 0.000000, 0.000000}, vel_sat_90 = {0.000000, 0.000000, 0.000000}
[0m[PHY]    k_offset: 478ms, N_Common_Ta: 238.740000ms, drift: 0.000000µs/s, variant: 0.000000µs/s², timing_advance_ntn: 3667039 samples, DL Doppler shift: 0.000000kHz, UL Doppler shift: 0.000000kHz
[0m[NR_MAC] UE 0 RNTI 275b stats sfn: 640.0, cumulated bad DCI 0
    DL Chan: SSB 0 SINR 44.1 dB RSRP -36 dBm, RI 0 CQI: N/A
    DL harq: 2180/0 avg code rate 0.1, avg bit/symbol 2.0, avg per TB: (nb RBs 6.2, nb symbols 11.9)
    UL harq: 13138/6 avg code rate 0.1, avg bit/symbol 2.0, avg per TB: (nb RBs 9.5, nb symbols 13.0)
[0m[NR_RRC] MeasurementReport Encoded 53 bits (7 bytes)
[0m[NR_RRC] MeasurementReport Encoded 53 bits (7 bytes)
[0m[NR_MAC] UE 0 RNTI 275b stats sfn: 768.0, cumulated bad DCI 0
    DL Chan: SSB 0 SINR 46.3 dB RSRP -36 dBm, RI 0 CQI: N/A
    DL harq: 2182/0 avg code rate 0.1, avg bit/symbol 2.0, avg per TB: (nb RBs 6.2, nb symbols 11.9)
    UL harq: 13152/6 avg code rate 0.1, avg bit/symbol 2.0, avg per TB: (nb RBs 9.5, nb symbols 13.0)
[0m[NR_RRC] MeasurementReport Encoded 53 bits (7 bytes)
[0m[NR_MAC] UE 0 RNTI 275b stats sfn: 896.0, cumulated bad DCI 0
    DL Chan: SSB 0 SINR 44.1 dB RSRP -36 dBm, RI 0 CQI: N/A
    DL harq: 2185/0 avg code rate 0.1, avg bit/symbol 2.0, avg per TB: (nb RBs 6.2, nb symbols 11.9)
    UL harq: 13166/6 avg code rate 0.1, avg bit/symbol 2.0, avg per TB: (nb RBs 9.4, nb symbols 13.0)
[0m[NR_RRC] MeasurementReport Encoded 53 bits (7 bytes)
[0m[NR_MAC] UE 0 RNTI 275b stats sfn: 0.0, cumulated bad DCI 0
    DL Chan: SSB 0 SINR 45.1 dB RSRP -36 dBm, RI 0 CQI: N/A
    DL harq: 2187/0 avg code rate 0.1, avg bit/symbol 2.0, avg per TB: (nb RBs 6.2, nb symbols 11.9)
    UL harq: 13183/6 avg code rate 0.1, avg bit/symbol 2.0, avg per TB: (nb RBs 9.4, nb symbols 13.0)
[0m[NR_RRC] MeasurementReport Encoded 53 bits (7 bytes)
[0m[NR_MAC] UE 0 RNTI 275b stats sfn: 128.0, cumulated bad DCI 0
    DL Chan: SSB 0 SINR 45.1 dB RSRP -36 dBm, RI 0 CQI: N/A
    DL harq: 2190/0 avg code rate 0.1, avg bit/symbol 2.0, avg per TB: (nb RBs 6.2, nb symbols 11.9)
    UL harq: 13198/6 avg code rate 0.1, avg bit/symbol 2.0, avg per TB: (nb RBs 9.4, nb symbols 13.0)
[0m[NR_RRC] MeasurementReport Encoded 53 bits (7 bytes)
[0m[NR_RRC] MeasurementReport Encoded 53 bits (7 bytes)
[0m[NR_MAC] UE 0 RNTI 275b stats sfn: 256.0, cumulated bad DCI 0
    DL Chan: SSB 0 SINR 46.3 dB RSRP -36 dBm, RI 0 CQI: N/A
    DL harq: 2193/0 avg code rate 0.1, avg bit/symbol 2.0, avg per TB: (nb RBs 6.2, nb symbols 11.9)
    UL harq: 13212/6 avg code rate 0.1, avg bit/symbol 2.0, avg per TB: (nb RBs 9.4, nb symbols 13.0)
[0m[NR_RRC] MeasurementReport Encoded 53 bits (7 bytes)
[0m[NR_MAC] UE 0 RNTI 275b stats sfn: 384.0, cumulated bad DCI 0
    DL Chan: SSB 0 SINR 44.1 dB RSRP -36 dBm, RI 0 CQI: N/A
    DL harq: 2195/0 avg code rate 0.1, avg bit/symbol 2.0, avg per TB: (nb RBs 6.2, nb symbols 11.9)
    UL harq: 13226/6 avg code rate 0.1, avg bit/symbol 2.0, avg per TB: (nb RBs 9.4, nb symbols 13.0)
[0m[NR_RRC] MeasurementReport Encoded 53 bits (7 bytes)
[0m[NR_MAC] UE 0 RNTI 275b stats sfn: 512.0, cumulated bad DCI 0
    DL Chan: SSB 0 SINR 44.1 dB RSRP -36 dBm, RI 0 CQI: N/A
    DL harq: 2197/0 avg code rate 0.1, avg bit/symbol 2.0, avg per TB: (nb RBs 6.2, nb symbols 11.9)
    UL harq: 13242/6 avg code rate 0.1, avg bit/symbol 2.0, avg per TB: (nb RBs 9.4, nb symbols 13.0)
[0m[NR_RRC] MeasurementReport Encoded 53 bits (7 bytes)
[0m[NR_MAC] UE 0 RNTI 275b stats sfn: 640.0, cumulated bad DCI 0
    DL Chan: SSB 0 SINR 46.3 dB RSRP -36 dBm, RI 0 CQI: N/A
    DL harq: 2200/0 avg code rate 0.1, avg bit/symbol 2.0, avg per TB: (nb RBs 6.2, nb symbols 11.9)
    UL harq: 13256/6 avg code rate 0.1, avg bit/symbol 2.0, avg per TB: (nb RBs 9.4, nb symbols 13.0)
[0m[NR_RRC] MeasurementReport Encoded 53 bits (7 bytes)
[0m[NR_RRC] MeasurementReport Encoded 53 bits (7 bytes)
[0m[NR_MAC] UE 0 RNTI 275b stats sfn: 768.0, cumulated bad DCI 0
    DL Chan: SSB 0 SINR 45.1 dB RSRP -36 dBm, RI 0 CQI: N/A
    DL harq: 2203/0 avg code rate 0.1, avg bit/symbol 2.0, avg per TB: (nb RBs 6.2, nb symbols 11.9)
    UL harq: 13271/6 avg code rate 0.1, avg bit/symbol 2.0, avg per TB: (nb RBs 9.4, nb symbols 13.0)
[0m[NR_RRC] MeasurementReport Encoded 53 bits (7 bytes)
[0m[NR_MAC] UE 0 RNTI 275b stats sfn: 896.0, cumulated bad DCI 0
    DL Chan: SSB 0 SINR 46.3 dB RSRP -36 dBm, RI 0 CQI: N/A
    DL harq: 2205/0 avg code rate 0.1, avg bit/symbol 2.0, avg per TB: (nb RBs 6.2, nb symbols 11.9)
    UL harq: 13286/6 avg code rate 0.1, avg bit/symbol 2.0, avg per TB: (nb RBs 9.4, nb symbols 13.0)
[0m[NR_RRC] MeasurementReport Encoded 53 bits (7 bytes)
[0m[NR_MAC] UE 0 RNTI 275b stats sfn: 0.0, cumulated bad DCI 0
    DL Chan: SSB 0 SINR 44.1 dB RSRP -36 dBm, RI 0 CQI: N/A
    DL harq: 2207/0 avg code rate 0.1, avg bit/symbol 2.0, avg per TB: (nb RBs 6.2, nb symbols 11.9)
    UL harq: 13300/6 avg code rate 0.1, avg bit/symbol 2.0, avg per TB: (nb RBs 9.4, nb symbols 13.0)
[0m[NR_RRC] MeasurementReport Encoded 53 bits (7 bytes)
[0m[NR_MAC] UE 0 RNTI 275b stats sfn: 128.0, cumulated bad DCI 0
    DL Chan: SSB 0 SINR 45.1 dB RSRP -36 dBm, RI 0 CQI: N/A
    DL harq: 2210/0 avg code rate 0.1, avg bit/symbol 2.0, avg per TB: (nb RBs 6.2, nb symbols 11.9)
    UL harq: 13316/6 avg code rate 0.1, avg bit/symbol 2.0, avg per TB: (nb RBs 9.4, nb symbols 13.0)
[0m[NR_RRC] MeasurementReport Encoded 53 bits (7 bytes)
[0m[NR_RRC] MeasurementReport Encoded 53 bits (7 bytes)
[0m[NR_MAC] UE 0 RNTI 275b stats sfn: 256.0, cumulated bad DCI 0
    DL Chan: SSB 0 SINR 44.1 dB RSRP -36 dBm, RI 0 CQI: N/A
    DL harq: 2213/0 avg code rate 0.1, avg bit/symbol 2.0, avg per TB: (nb RBs 6.2, nb symbols 11.9)
    UL harq: 13331/6 avg code rate 0.1, avg bit/symbol 2.0, avg per TB: (nb RBs 9.4, nb symbols 13.0)
[0m[NR_RRC] MeasurementReport Encoded 53 bits (7 bytes)
[0m[NR_MAC] UE 0 RNTI 275b stats sfn: 384.0, cumulated bad DCI 0
    DL Chan: SSB 0 SINR 46.3 dB RSRP -36 dBm, RI 0 CQI: N/A
    DL harq: 2215/0 avg code rate 0.1, avg bit/symbol 2.0, avg per TB: (nb RBs 6.2, nb symbols 11.9)
    UL harq: 13346/6 avg code rate 0.1, avg bit/symbol 2.0, avg per TB: (nb RBs 9.4, nb symbols 13.0)
[0m[NR_RRC] MeasurementReport Encoded 53 bits (7 bytes)
[0m[NR_MAC] UE 0 RNTI 275b stats sfn: 512.0, cumulated bad DCI 0
    DL Chan: SSB 0 SINR 43.3 dB RSRP -36 dBm, RI 0 CQI: N/A
    DL harq: 2217/0 avg code rate 0.1, avg bit/symbol 2.0, avg per TB: (nb RBs 6.2, nb symbols 11.9)
    UL harq: 13361/6 avg code rate 0.1, avg bit/symbol 2.0, avg per TB: (nb RBs 9.4, nb symbols 13.0)
[0m[NR_RRC] MeasurementReport Encoded 53 bits (7 bytes)
[0m[NR_MAC] UE 0 RNTI 275b stats sfn: 640.0, cumulated bad DCI 0
    DL Chan: SSB 0 SINR 43.3 dB RSRP -36 dBm, RI 0 CQI: N/A
    DL harq: 2221/0 avg code rate 0.1, avg bit/symbol 2.0, avg per TB: (nb RBs 6.1, nb symbols 11.9)
    UL harq: 13375/6 avg code rate 0.1, avg bit/symbol 2.0, avg per TB: (nb RBs 9.4, nb symbols 13.0)
[0m[NR_RRC] MeasurementReport Encoded 53 bits (7 bytes)
[0m[NR_MAC] UE 0 RNTI 275b stats sfn: 768.0, cumulated bad DCI 0
    DL Chan: SSB 0 SINR 46.3 dB RSRP -36 dBm, RI 0 CQI: N/A
    DL harq: 2223/0 avg code rate 0.1, avg bit/symbol 2.0, avg per TB: (nb RBs 6.1, nb symbols 11.9)
    UL harq: 13390/6 avg code rate 0.1, avg bit/symbol 2.0, avg per TB: (nb RBs 9.4, nb symbols 13.0)
[0m[NR_RRC] MeasurementReport Encoded 53 bits (7 bytes)
[0m[NR_RRC] MeasurementReport Encoded 53 bits (7 bytes)
[0m[NR_MAC] UE 0 RNTI 275b stats sfn: 896.0, cumulated bad DCI 0
    DL Chan: SSB 0 SINR 43.3 dB RSRP -36 dBm, RI 0 CQI: N/A
    DL harq: 2225/0 avg code rate 0.1, avg bit/symbol 2.0, avg per TB: (nb RBs 6.1, nb symbols 11.9)
    UL harq: 13404/6 avg code rate 0.1, avg bit/symbol 2.0, avg per TB: (nb RBs 9.4, nb symbols 13.0)
[0m[NR_RRC] MeasurementReport Encoded 53 bits (7 bytes)
[0m[NR_MAC] UE 0 RNTI 275b stats sfn: 0.0, cumulated bad DCI 0
    DL Chan: SSB 0 SINR 44.1 dB RSRP -36 dBm, RI 0 CQI: N/A
    DL harq: 2227/0 avg code rate 0.1, avg bit/symbol 2.0, avg per TB: (nb RBs 6.1, nb symbols 11.9)
    UL harq: 13419/6 avg code rate 0.1, avg bit/symbol 2.0, avg per TB: (nb RBs 9.4, nb symbols 13.0)
[0m[NR_RRC] MeasurementReport Encoded 53 bits (7 bytes)
[0m[NR_MAC] UE 0 RNTI 275b stats sfn: 128.0, cumulated bad DCI 0
    DL Chan: SSB 0 SINR 44.1 dB RSRP -36 dBm, RI 0 CQI: N/A
    DL harq: 2231/0 avg code rate 0.1, avg bit/symbol 2.0, avg per TB: (nb RBs 6.1, nb symbols 11.9)
    UL harq: 13436/6 avg code rate 0.1, avg bit/symbol 2.0, avg per TB: (nb RBs 9.4, nb symbols 13.0)
[0m[NR_RRC] MeasurementReport Encoded 53 bits (7 bytes)
[0m[NR_MAC] UE 0 RNTI 275b stats sfn: 256.0, cumulated bad DCI 0
    DL Chan: SSB 0 SINR 45.1 dB RSRP -36 dBm, RI 0 CQI: N/A
    DL harq: 2233/0 avg code rate 0.1, avg bit/symbol 2.0, avg per TB: (nb RBs 6.1, nb symbols 11.9)
    UL harq: 13449/6 avg code rate 0.1, avg bit/symbol 2.0, avg per TB: (nb RBs 9.4, nb symbols 13.0)
[0m[NR_RRC] MeasurementReport Encoded 53 bits (7 bytes)
[0m[NR_RRC] MeasurementReport Encoded 53 bits (7 bytes)
[0m[NR_MAC] UE 0 RNTI 275b stats sfn: 384.0, cumulated bad DCI 0
    DL Chan: SSB 0 SINR 46.3 dB RSRP -36 dBm, RI 0 CQI: N/A
    DL harq: 2235/0 avg code rate 0.1, avg bit/symbol 2.0, avg per TB: (nb RBs 6.1, nb symbols 11.9)
    UL harq: 13464/6 avg code rate 0.1, avg bit/symbol 2.0, avg per TB: (nb RBs 9.3, nb symbols 13.0)
[0m[NR_RRC] MeasurementReport Encoded 53 bits (7 bytes)
[0m[NR_MAC] UE 0 RNTI 275b stats sfn: 512.0, cumulated bad DCI 0
    DL Chan: SSB 0 SINR 44.1 dB RSRP -36 dBm, RI 0 CQI: N/A
    DL harq: 2238/0 avg code rate 0.1, avg bit/symbol 2.0, avg per TB: (nb RBs 6.1, nb symbols 11.9)
    UL harq: 13479/6 avg code rate 0.1, avg bit/symbol 2.0, avg per TB: (nb RBs 9.3, nb symbols 13.0)
[0m[NR_RRC] MeasurementReport Encoded 53 bits (7 bytes)
[0m[NR_MAC] UE 0 RNTI 275b stats sfn: 640.0, cumulated bad DCI 0
    DL Chan: SSB 0 SINR 45.1 dB RSRP -36 dBm, RI 0 CQI: N/A
    DL harq: 2241/0 avg code rate 0.1, avg bit/symbol 2.0, avg per TB: (nb RBs 6.1, nb symbols 11.9)
    UL harq: 13494/6 avg code rate 0.1, avg bit/symbol 2.0, avg per TB: (nb RBs 9.3, nb symbols 13.0)
[0m[NR_RRC] MeasurementReport Encoded 53 bits (7 bytes)
[0m[NR_MAC] UE 0 RNTI 275b stats sfn: 768.0, cumulated bad DCI 0
    DL Chan: SSB 0 SINR 45.1 dB RSRP -36 dBm, RI 0 CQI: N/A
    DL harq: 2243/0 avg code rate 0.1, avg bit/symbol 2.0, avg per TB: (nb RBs 6.1, nb symbols 11.9)
    UL harq: 13509/6 avg code rate 0.1, avg bit/symbol 2.0, avg per TB: (nb RBs 9.3, nb symbols 13.0)
[0m[NR_RRC] MeasurementReport Encoded 53 bits (7 bytes)
[0m[NR_RRC] MeasurementReport Encoded 53 bits (7 bytes)
[0m[NR_MAC] UE 0 RNTI 275b stats sfn: 896.0, cumulated bad DCI 0
    DL Chan: SSB 0 SINR 45.1 dB RSRP -36 dBm, RI 0 CQI: N/A
    DL harq: 2245/0 avg code rate 0.1, avg bit/symbol 2.0, avg per TB: (nb RBs 6.1, nb symbols 11.9)
    UL harq: 13523/6 avg code rate 0.1, avg bit/symbol 2.0, avg per TB: (nb RBs 9.3, nb symbols 13.0)
[0m[NR_RRC] MeasurementReport Encoded 53 bits (7 bytes)
[0m[NR_MAC] UE 0 RNTI 275b stats sfn: 0.0, cumulated bad DCI 0
    DL Chan: SSB 0 SINR 45.1 dB RSRP -36 dBm, RI 0 CQI: N/A
    DL harq: 2248/0 avg code rate 0.1, avg bit/symbol 2.0, avg per TB: (nb RBs 6.1, nb symbols 11.9)
    UL harq: 13538/6 avg code rate 0.1, avg bit/symbol 2.0, avg per TB: (nb RBs 9.3, nb symbols 13.0)
[0m[NR_RRC] MeasurementReport Encoded 53 bits (7 bytes)
[0m[NR_MAC] UE 0 RNTI 275b stats sfn: 128.0, cumulated bad DCI 0
    DL Chan: SSB 0 SINR 46.3 dB RSRP -36 dBm, RI 0 CQI: N/A
    DL harq: 2251/0 avg code rate 0.1, avg bit/symbol 2.0, avg per TB: (nb RBs 6.1, nb symbols 11.9)
    UL harq: 13554/6 avg code rate 0.1, avg bit/symbol 2.0, avg per TB: (nb RBs 9.3, nb symbols 13.0)
[0m[NR_RRC] MeasurementReport Encoded 53 bits (7 bytes)
[0m[NR_MAC] UE 0 RNTI 275b stats sfn: 256.0, cumulated bad DCI 0
    DL Chan: SSB 0 SINR 46.3 dB RSRP -36 dBm, RI 0 CQI: N/A
    DL harq: 2253/0 avg code rate 0.1, avg bit/symbol 2.0, avg per TB: (nb RBs 6.1, nb symbols 11.9)
    UL harq: 13569/6 avg code rate 0.1, avg bit/symbol 2.0, avg per TB: (nb RBs 9.3, nb symbols 13.0)
[0m[NR_RRC] MeasurementReport Encoded 53 bits (7 bytes)
[0m[NR_RRC] MeasurementReport Encoded 53 bits (7 bytes)
[0m[NR_MAC] UE 0 RNTI 275b stats sfn: 384.0, cumulated bad DCI 0
    DL Chan: SSB 0 SINR 48.1 dB RSRP -36 dBm, RI 0 CQI: N/A
    DL harq: 2256/0 avg code rate 0.1, avg bit/symbol 2.0, avg per TB: (nb RBs 6.1, nb symbols 11.9)
    UL harq: 13584/6 avg code rate 0.1, avg bit/symbol 2.0, avg per TB: (nb RBs 9.3, nb symbols 13.0)
[0m[NR_RRC] MeasurementReport Encoded 53 bits (7 bytes)
[0m[NR_MAC] UE 0 RNTI 275b stats sfn: 512.0, cumulated bad DCI 0
    DL Chan: SSB 0 SINR 48.1 dB RSRP -36 dBm, RI 0 CQI: N/A
    DL harq: 2258/0 avg code rate 0.1, avg bit/symbol 2.0, avg per TB: (nb RBs 6.1, nb symbols 11.9)
    UL harq: 13597/6 avg code rate 0.1, avg bit/symbol 2.0, avg per TB: (nb RBs 9.3, nb symbols 13.0)
[0m[NR_RRC] MeasurementReport Encoded 53 bits (7 bytes)
[0m[NR_MAC] UE 0 RNTI 275b stats sfn: 640.0, cumulated bad DCI 0
    DL Chan: SSB 0 SINR 46.3 dB RSRP -36 dBm, RI 0 CQI: N/A
    DL harq: 2260/0 avg code rate 0.1, avg bit/symbol 2.0, avg per TB: (nb RBs 6.1, nb symbols 11.9)
    UL harq: 13613/6 avg code rate 0.1, avg bit/symbol 2.0, avg per TB: (nb RBs 9.3, nb symbols 13.0)
[0m[NR_RRC] MeasurementReport Encoded 53 bits (7 bytes)
[0m[NR_MAC] UE 0 RNTI 275b stats sfn: 768.0, cumulated bad DCI 0
    DL Chan: SSB 0 SINR 44.1 dB RSRP -36 dBm, RI 0 CQI: N/A
    DL harq: 2263/0 avg code rate 0.1, avg bit/symbol 2.0, avg per TB: (nb RBs 6.1, nb symbols 11.9)
    UL harq: 13628/6 avg code rate 0.1, avg bit/symbol 2.0, avg per TB: (nb RBs 9.3, nb symbols 13.0)
[0m[NR_RRC] MeasurementReport Encoded 53 bits (7 bytes)
[0m[NR_RRC] MeasurementReport Encoded 53 bits (7 bytes)
[0m[NR_MAC] UE 0 RNTI 275b stats sfn: 896.0, cumulated bad DCI 0
    DL Chan: SSB 0 SINR 45.1 dB RSRP -36 dBm, RI 0 CQI: N/A
    DL harq: 2266/0 avg code rate 0.1, avg bit/symbol 2.0, avg per TB: (nb RBs 6.1, nb symbols 11.9)
    UL harq: 13642/6 avg code rate 0.1, avg bit/symbol 2.0, avg per TB: (nb RBs 9.3, nb symbols 13.0)
[0m[NR_RRC] MeasurementReport Encoded 53 bits (7 bytes)
[0m[NR_MAC] UE 0 RNTI 275b stats sfn: 0.0, cumulated bad DCI 0
    DL Chan: SSB 0 SINR 44.1 dB RSRP -36 dBm, RI 0 CQI: N/A
    DL harq: 2268/0 avg code rate 0.1, avg bit/symbol 2.0, avg per TB: (nb RBs 6.1, nb symbols 11.9)
    UL harq: 13657/6 avg code rate 0.1, avg bit/symbol 2.0, avg per TB: (nb RBs 9.3, nb symbols 13.0)
[0m[NR_RRC] MeasurementReport Encoded 53 bits (7 bytes)
[0m[NR_MAC] UE 0 RNTI 275b stats sfn: 128.0, cumulated bad DCI 0
    DL Chan: SSB 0 SINR 45.1 dB RSRP -36 dBm, RI 0 CQI: N/A
    DL harq: 2270/0 avg code rate 0.1, avg bit/symbol 2.0, avg per TB: (nb RBs 6.1, nb symbols 11.9)
    UL harq: 13673/6 avg code rate 0.1, avg bit/symbol 2.0, avg per TB: (nb RBs 9.3, nb symbols 13.0)
[0m[NR_RRC] MeasurementReport Encoded 53 bits (7 bytes)
[0m[NR_MAC] UE 0 RNTI 275b stats sfn: 256.0, cumulated bad DCI 0
    DL Chan: SSB 0 SINR 43.3 dB RSRP -36 dBm, RI 0 CQI: N/A
    DL harq: 2273/0 avg code rate 0.1, avg bit/symbol 2.0, avg per TB: (nb RBs 6.1, nb symbols 11.9)
    UL harq: 13687/6 avg code rate 0.1, avg bit/symbol 2.0, avg per TB: (nb RBs 9.3, nb symbols 13.0)
[0m[NR_RRC] MeasurementReport Encoded 53 bits (7 bytes)
[0m[NR_RRC] MeasurementReport Encoded 53 bits (7 bytes)
[0m[NR_MAC] UE 0 RNTI 275b stats sfn: 384.0, cumulated bad DCI 0
    DL Chan: SSB 0 SINR 44.1 dB RSRP -36 dBm, RI 0 CQI: N/A
    DL harq: 2276/0 avg code rate 0.1, avg bit/symbol 2.0, avg per TB: (nb RBs 6.1, nb symbols 11.9)
    UL harq: 13702/6 avg code rate 0.1, avg bit/symbol 2.0, avg per TB: (nb RBs 9.3, nb symbols 13.0)
[0m[NR_RRC] MeasurementReport Encoded 53 bits (7 bytes)
[0m[NR_MAC] UE 0 RNTI 275b stats sfn: 512.0, cumulated bad DCI 0
    DL Chan: SSB 0 SINR 46.3 dB RSRP -36 dBm, RI 0 CQI: N/A
    DL harq: 2278/0 avg code rate 0.1, avg bit/symbol 2.0, avg per TB: (nb RBs 6.1, nb symbols 11.9)
    UL harq: 13717/6 avg code rate 0.1, avg bit/symbol 2.0, avg per TB: (nb RBs 9.3, nb symbols 13.0)
[0m[NR_RRC] MeasurementReport Encoded 53 bits (7 bytes)
[0m[NR_MAC] UE 0 RNTI 275b stats sfn: 640.0, cumulated bad DCI 0
    DL Chan: SSB 0 SINR 46.3 dB RSRP -36 dBm, RI 0 CQI: N/A
    DL harq: 2280/0 avg code rate 0.1, avg bit/symbol 2.0, avg per TB: (nb RBs 6.1, nb symbols 11.9)
    UL harq: 13733/6 avg code rate 0.1, avg bit/symbol 2.0, avg per TB: (nb RBs 9.3, nb symbols 13.0)
[0m[NR_RRC] MeasurementReport Encoded 53 bits (7 bytes)
[0m[NR_MAC] UE 0 RNTI 275b stats sfn: 768.0, cumulated bad DCI 0
    DL Chan: SSB 0 SINR 45.1 dB RSRP -36 dBm, RI 0 CQI: N/A
    DL harq: 2284/0 avg code rate 0.1, avg bit/symbol 2.0, avg per TB: (nb RBs 6.1, nb symbols 11.9)
    UL harq: 13747/6 avg code rate 0.1, avg bit/symbol 2.0, avg per TB: (nb RBs 9.3, nb symbols 13.0)
[0m[NR_RRC] MeasurementReport Encoded 53 bits (7 bytes)
[0m[NR_RRC] MeasurementReport Encoded 53 bits (7 bytes)
[0m[NR_MAC] UE 0 RNTI 275b stats sfn: 896.0, cumulated bad DCI 0
    DL Chan: SSB 0 SINR 46.3 dB RSRP -36 dBm, RI 0 CQI: N/A
    DL harq: 2286/0 avg code rate 0.1, avg bit/symbol 2.0, avg per TB: (nb RBs 6.1, nb symbols 11.9)
    UL harq: 13762/6 avg code rate 0.1, avg bit/symbol 2.0, avg per TB: (nb RBs 9.3, nb symbols 13.0)
[0m[NR_RRC] MeasurementReport Encoded 53 bits (7 bytes)
[0m[NR_MAC] UE 0 RNTI 275b stats sfn: 0.0, cumulated bad DCI 0
    DL Chan: SSB 0 SINR 46.3 dB RSRP -36 dBm, RI 0 CQI: N/A
    DL harq: 2288/0 avg code rate 0.1, avg bit/symbol 2.0, avg per TB: (nb RBs 6.1, nb symbols 11.9)
    UL harq: 13777/6 avg code rate 0.1, avg bit/symbol 2.0, avg per TB: (nb RBs 9.2, nb symbols 13.0)
[0m[NR_RRC] MeasurementReport Encoded 53 bits (7 bytes)
[0m[NR_MAC] UE 0 RNTI 275b stats sfn: 128.0, cumulated bad DCI 0
    DL Chan: SSB 0 SINR 46.3 dB RSRP -36 dBm, RI 0 CQI: N/A
    DL harq: 2290/0 avg code rate 0.1, avg bit/symbol 2.0, avg per TB: (nb RBs 6.1, nb symbols 11.9)
    UL harq: 13793/6 avg code rate 0.1, avg bit/symbol 2.0, avg per TB: (nb RBs 9.2, nb symbols 13.0)
[0m[NR_RRC] MeasurementReport Encoded 53 bits (7 bytes)
[0m[NR_MAC] UE 0 RNTI 275b stats sfn: 256.0, cumulated bad DCI 0
    DL Chan: SSB 0 SINR 45.1 dB RSRP -36 dBm, RI 0 CQI: N/A
    DL harq: 2294/0 avg code rate 0.1, avg bit/symbol 2.0, avg per TB: (nb RBs 6.1, nb symbols 11.9)
    UL harq: 13808/6 avg code rate 0.1, avg bit/symbol 2.0, avg per TB: (nb RBs 9.2, nb symbols 13.0)
[0m[NR_RRC] MeasurementReport Encoded 53 bits (7 bytes)
[0m[NR_RRC] MeasurementReport Encoded 53 bits (7 bytes)
[0m[NR_MAC] UE 0 RNTI 275b stats sfn: 384.0, cumulated bad DCI 0
    DL Chan: SSB 0 SINR 45.1 dB RSRP -36 dBm, RI 0 CQI: N/A
    DL harq: 2296/0 avg code rate 0.1, avg bit/symbol 2.0, avg per TB: (nb RBs 6.1, nb symbols 11.9)
    UL harq: 13822/6 avg code rate 0.1, avg bit/symbol 2.0, avg per TB: (nb RBs 9.2, nb symbols 13.0)
[0m[NR_RRC] MeasurementReport Encoded 53 bits (7 bytes)
[0m[NR_MAC] UE 0 RNTI 275b stats sfn: 512.0, cumulated bad DCI 0
    DL Chan: SSB 0 SINR 45.1 dB RSRP -36 dBm, RI 0 CQI: N/A
    DL harq: 2298/0 avg code rate 0.1, avg bit/symbol 2.0, avg per TB: (nb RBs 6.1, nb symbols 11.9)
    UL harq: 13836/6 avg code rate 0.1, avg bit/symbol 2.0, avg per TB: (nb RBs 9.2, nb symbols 13.0)
[0m[NR_RRC] MeasurementReport Encoded 53 bits (7 bytes)
[0m[NR_MAC] UE 0 RNTI 275b stats sfn: 640.0, cumulated bad DCI 0
    DL Chan: SSB 0 SINR 45.1 dB RSRP -36 dBm, RI 0 CQI: N/A
    DL harq: 2301/0 avg code rate 0.1, avg bit/symbol 2.0, avg per TB: (nb RBs 6.1, nb symbols 11.9)
    UL harq: 13851/6 avg code rate 0.1, avg bit/symbol 2.0, avg per TB: (nb RBs 9.2, nb symbols 13.0)
[0m[NR_RRC] MeasurementReport Encoded 53 bits (7 bytes)
[0m[NR_MAC] UE 0 RNTI 275b stats sfn: 768.0, cumulated bad DCI 0
    DL Chan: SSB 0 SINR 44.1 dB RSRP -36 dBm, RI 0 CQI: N/A
    DL harq: 2304/0 avg code rate 0.1, avg bit/symbol 2.0, avg per TB: (nb RBs 6.1, nb symbols 11.9)
    UL harq: 13867/6 avg code rate 0.1, avg bit/symbol 2.0, avg per TB: (nb RBs 9.2, nb symbols 13.0)
[0m[NR_RRC] MeasurementReport Encoded 53 bits (7 bytes)
[0m[NR_MAC] UE 0 RNTI 275b stats sfn: 896.0, cumulated bad DCI 0
    DL Chan: SSB 0 SINR 46.3 dB RSRP -36 dBm, RI 0 CQI: N/A
    DL harq: 2306/0 avg code rate 0.1, avg bit/symbol 2.0, avg per TB: (nb RBs 6.1, nb symbols 11.9)
    UL harq: 13881/6 avg code rate 0.1, avg bit/symbol 2.0, avg per TB: (nb RBs 9.2, nb symbols 13.0)
[0m[NR_RRC] MeasurementReport Encoded 53 bits (7 bytes)
[0m[NR_RRC] MeasurementReport Encoded 53 bits (7 bytes)
[0m[NR_MAC] UE 0 RNTI 275b stats sfn: 0.0, cumulated bad DCI 0
    DL Chan: SSB 0 SINR 45.1 dB RSRP -36 dBm, RI 0 CQI: N/A
    DL harq: 2308/0 avg code rate 0.1, avg bit/symbol 2.0, avg per TB: (nb RBs 6.1, nb symbols 11.9)
    UL harq: 13895/6 avg code rate 0.1, avg bit/symbol 2.0, avg per TB: (nb RBs 9.2, nb symbols 13.0)
[0m[NR_RRC] MeasurementReport Encoded 53 bits (7 bytes)
[0m[NR_MAC] UE 0 RNTI 275b stats sfn: 128.0, cumulated bad DCI 0
    DL Chan: SSB 0 SINR 45.1 dB RSRP -36 dBm, RI 0 CQI: N/A
    DL harq: 2311/0 avg code rate 0.1, avg bit/symbol 2.0, avg per TB: (nb RBs 6.1, nb symbols 11.9)
    UL harq: 13910/6 avg code rate 0.1, avg bit/symbol 2.0, avg per TB: (nb RBs 9.2, nb symbols 13.0)
[0m[NR_RRC] MeasurementReport Encoded 53 bits (7 bytes)
[0m[NR_MAC] UE 0 RNTI 275b stats sfn: 256.0, cumulated bad DCI 0
    DL Chan: SSB 0 SINR 46.3 dB RSRP -36 dBm, RI 0 CQI: N/A
    DL harq: 2314/0 avg code rate 0.1, avg bit/symbol 2.0, avg per TB: (nb RBs 6.1, nb symbols 11.9)
    UL harq: 13926/6 avg code rate 0.1, avg bit/symbol 2.0, avg per TB: (nb RBs 9.2, nb symbols 13.0)
[0m[NR_RRC] MeasurementReport Encoded 53 bits (7 bytes)
[0m[NR_MAC] UE 0 RNTI 275b stats sfn: 384.0, cumulated bad DCI 0
    DL Chan: SSB 0 SINR 45.1 dB RSRP -36 dBm, RI 0 CQI: N/A
    DL harq: 2316/0 avg code rate 0.1, avg bit/symbol 2.0, avg per TB: (nb RBs 6.1, nb symbols 11.9)
    UL harq: 13941/6 avg code rate 0.1, avg bit/symbol 2.0, avg per TB: (nb RBs 9.2, nb symbols 13.0)
[0m[NR_RRC] MeasurementReport Encoded 53 bits (7 bytes)
[0m[NR_RRC] MeasurementReport Encoded 53 bits (7 bytes)
[0m[NR_MAC] UE 0 RNTI 275b stats sfn: 512.0, cumulated bad DCI 0
    DL Chan: SSB 0 SINR 43.3 dB RSRP -36 dBm, RI 0 CQI: N/A
    DL harq: 2319/0 avg code rate 0.1, avg bit/symbol 2.0, avg per TB: (nb RBs 6.1, nb symbols 11.9)
    UL harq: 13955/6 avg code rate 0.1, avg bit/symbol 2.0, avg per TB: (nb RBs 9.2, nb symbols 13.0)
[0m[NR_RRC] MeasurementReport Encoded 53 bits (7 bytes)
[0m[NR_MAC] UE 0 RNTI 275b stats sfn: 640.0, cumulated bad DCI 0
    DL Chan: SSB 0 SINR 46.3 dB RSRP -36 dBm, RI 0 CQI: N/A
    DL harq: 2321/0 avg code rate 0.1, avg bit/symbol 2.0, avg per TB: (nb RBs 6.1, nb symbols 11.9)
    UL harq: 13969/6 avg code rate 0.1, avg bit/symbol 2.0, avg per TB: (nb RBs 9.2, nb symbols 13.0)
[0m[NR_RRC] MeasurementReport Encoded 53 bits (7 bytes)
[0m[NR_MAC] UE 0 RNTI 275b stats sfn: 768.0, cumulated bad DCI 0
    DL Chan: SSB 0 SINR 45.1 dB RSRP -36 dBm, RI 0 CQI: N/A
    DL harq: 2324/0 avg code rate 0.1, avg bit/symbol 2.0, avg per TB: (nb RBs 6.1, nb symbols 11.9)
    UL harq: 13985/6 avg code rate 0.1, avg bit/symbol 2.0, avg per TB: (nb RBs 9.2, nb symbols 13.0)
[0m[NR_RRC] MeasurementReport Encoded 53 bits (7 bytes)
[0m[NR_MAC] UE 0 RNTI 275b stats sfn: 896.0, cumulated bad DCI 0
    DL Chan: SSB 0 SINR 44.1 dB RSRP -36 dBm, RI 0 CQI: N/A
    DL harq: 2326/0 avg code rate 0.1, avg bit/symbol 2.0, avg per TB: (nb RBs 6.1, nb symbols 11.9)
    UL harq: 14000/6 avg code rate 0.1, avg bit/symbol 2.0, avg per TB: (nb RBs 9.2, nb symbols 13.0)
[0m[NR_RRC] MeasurementReport Encoded 53 bits (7 bytes)
[0m[NR_RRC] MeasurementReport Encoded 53 bits (7 bytes)
[0m[NR_MAC] UE 0 RNTI 275b stats sfn: 0.0, cumulated bad DCI 0
    DL Chan: SSB 0 SINR 46.3 dB RSRP -36 dBm, RI 0 CQI: N/A
    DL harq: 2329/0 avg code rate 0.1, avg bit/symbol 2.0, avg per TB: (nb RBs 6.1, nb symbols 11.9)
    UL harq: 14015/6 avg code rate 0.1, avg bit/symbol 2.0, avg per TB: (nb RBs 9.2, nb symbols 13.0)
[0m[NR_RRC] MeasurementReport Encoded 53 bits (7 bytes)
[0m[NR_MAC] UE 0 RNTI 275b stats sfn: 128.0, cumulated bad DCI 0
    DL Chan: SSB 0 SINR 45.1 dB RSRP -36 dBm, RI 0 CQI: N/A
    DL harq: 2331/0 avg code rate 0.1, avg bit/symbol 2.0, avg per TB: (nb RBs 6.1, nb symbols 11.9)
    UL harq: 14029/6 avg code rate 0.1, avg bit/symbol 2.0, avg per TB: (nb RBs 9.2, nb symbols 13.0)
[0m[NR_RRC] MeasurementReport Encoded 53 bits (7 bytes)
[0m[NR_MAC] UE 0 RNTI 275b stats sfn: 256.0, cumulated bad DCI 0
    DL Chan: SSB 0 SINR 44.1 dB RSRP -36 dBm, RI 0 CQI: N/A
    DL harq: 2333/0 avg code rate 0.1, avg bit/symbol 2.0, avg per TB: (nb RBs 6.1, nb symbols 11.9)
    UL harq: 14045/6 avg code rate 0.1, avg bit/symbol 2.0, avg per TB: (nb RBs 9.2, nb symbols 13.0)
[0m[NR_RRC] MeasurementReport Encoded 53 bits (7 bytes)
[0m[NR_MAC] UE 0 RNTI 275b stats sfn: 384.0, cumulated bad DCI 0
    DL Chan: SSB 0 SINR 45.1 dB RSRP -36 dBm, RI 0 CQI: N/A
    DL harq: 2336/0 avg code rate 0.1, avg bit/symbol 2.0, avg per TB: (nb RBs 6.1, nb symbols 11.9)
    UL harq: 14060/6 avg code rate 0.1, avg bit/symbol 2.0, avg per TB: (nb RBs 9.2, nb symbols 13.0)
[0m[NR_RRC] MeasurementReport Encoded 53 bits (7 bytes)
[0m[NR_RRC] MeasurementReport Encoded 53 bits (7 bytes)
[0m[NR_MAC] UE 0 RNTI 275b stats sfn: 512.0, cumulated bad DCI 0
    DL Chan: SSB 0 SINR 44.1 dB RSRP -36 dBm, RI 0 CQI: N/A
    DL harq: 2339/0 avg code rate 0.1, avg bit/symbol 2.0, avg per TB: (nb RBs 6.1, nb symbols 11.9)
    UL harq: 14074/6 avg code rate 0.1, avg bit/symbol 2.0, avg per TB: (nb RBs 9.2, nb symbols 13.0)
[0m[NR_RRC] MeasurementReport Encoded 53 bits (7 bytes)
[0m[NR_MAC] UE 0 RNTI 275b stats sfn: 640.0, cumulated bad DCI 0
    DL Chan: SSB 0 SINR 44.1 dB RSRP -36 dBm, RI 0 CQI: N/A
    DL harq: 2341/0 avg code rate 0.1, avg bit/symbol 2.0, avg per TB: (nb RBs 6.1, nb symbols 11.9)
    UL harq: 14088/6 avg code rate 0.1, avg bit/symbol 2.0, avg per TB: (nb RBs 9.2, nb symbols 13.0)
[0m[NR_RRC] MeasurementReport Encoded 53 bits (7 bytes)
[0m[NR_MAC] UE 0 RNTI 275b stats sfn: 768.0, cumulated bad DCI 0
    DL Chan: SSB 0 SINR 44.1 dB RSRP -36 dBm, RI 0 CQI: N/A
    DL harq: 2344/0 avg code rate 0.1, avg bit/symbol 2.0, avg per TB: (nb RBs 6.1, nb symbols 11.9)
    UL harq: 14105/6 avg code rate 0.1, avg bit/symbol 2.0, avg per TB: (nb RBs 9.2, nb symbols 13.0)
[0m[NR_RRC] MeasurementReport Encoded 53 bits (7 bytes)
[0m[NR_MAC] UE 0 RNTI 275b stats sfn: 896.0, cumulated bad DCI 0
    DL Chan: SSB 0 SINR 46.3 dB RSRP -36 dBm, RI 0 CQI: N/A
    DL harq: 2347/0 avg code rate 0.1, avg bit/symbol 2.0, avg per TB: (nb RBs 6.1, nb symbols 11.9)
    UL harq: 14118/6 avg code rate 0.1, avg bit/symbol 2.0, avg per TB: (nb RBs 9.1, nb symbols 13.0)
[0m[NR_RRC] MeasurementReport Encoded 53 bits (7 bytes)
[0m[NR_RRC] MeasurementReport Encoded 53 bits (7 bytes)
[0m[NR_MAC] UE 0 RNTI 275b stats sfn: 0.0, cumulated bad DCI 0
    DL Chan: SSB 0 SINR 45.1 dB RSRP -36 dBm, RI 0 CQI: N/A
    DL harq: 2349/0 avg code rate 0.1, avg bit/symbol 2.0, avg per TB: (nb RBs 6.1, nb symbols 11.9)
    UL harq: 14133/6 avg code rate 0.1, avg bit/symbol 2.0, avg per TB: (nb RBs 9.1, nb symbols 13.0)
[0m[NR_RRC] MeasurementReport Encoded 53 bits (7 bytes)
[0m[NR_MAC] UE 0 RNTI 275b stats sfn: 128.0, cumulated bad DCI 0
    DL Chan: SSB 0 SINR 45.1 dB RSRP -36 dBm, RI 0 CQI: N/A
    DL harq: 2351/0 avg code rate 0.1, avg bit/symbol 2.0, avg per TB: (nb RBs 6.1, nb symbols 11.9)
    UL harq: 14148/6 avg code rate 0.1, avg bit/symbol 2.0, avg per TB: (nb RBs 9.1, nb symbols 13.0)
[0m[NR_RRC] MeasurementReport Encoded 53 bits (7 bytes)
[0m[NR_MAC] UE 0 RNTI 275b stats sfn: 256.0, cumulated bad DCI 0
    DL Chan: SSB 0 SINR 45.1 dB RSRP -36 dBm, RI 0 CQI: N/A
    DL harq: 2353/0 avg code rate 0.1, avg bit/symbol 2.0, avg per TB: (nb RBs 6.1, nb symbols 11.9)
    UL harq: 14164/6 avg code rate 0.1, avg bit/symbol 2.0, avg per TB: (nb RBs 9.1, nb symbols 13.0)
[0m[NR_RRC] MeasurementReport Encoded 53 bits (7 bytes)
[0m[NR_MAC] UE 0 RNTI 275b stats sfn: 384.0, cumulated bad DCI 0
    DL Chan: SSB 0 SINR 46.3 dB RSRP -36 dBm, RI 0 CQI: N/A
    DL harq: 2357/0 avg code rate 0.1, avg bit/symbol 2.0, avg per TB: (nb RBs 6.1, nb symbols 11.9)
    UL harq: 14179/6 avg code rate 0.1, avg bit/symbol 2.0, avg per TB: (nb RBs 9.1, nb symbols 13.0)
[0m[NR_RRC] MeasurementReport Encoded 53 bits (7 bytes)
[0m[NR_RRC] MeasurementReport Encoded 53 bits (7 bytes)
[0m[NR_MAC] UE 0 RNTI 275b stats sfn: 512.0, cumulated bad DCI 0
    DL Chan: SSB 0 SINR 46.3 dB RSRP -36 dBm, RI 0 CQI: N/A
    DL harq: 2359/0 avg code rate 0.1, avg bit/symbol 2.0, avg per TB: (nb RBs 6.1, nb symbols 11.9)
    UL harq: 14193/6 avg code rate 0.1, avg bit/symbol 2.0, avg per TB: (nb RBs 9.1, nb symbols 13.0)
[0m[NR_RRC] MeasurementReport Encoded 53 bits (7 bytes)
[0m[NR_MAC] UE 0 RNTI 275b stats sfn: 640.0, cumulated bad DCI 0
    DL Chan: SSB 0 SINR 46.3 dB RSRP -36 dBm, RI 0 CQI: N/A
    DL harq: 2361/0 avg code rate 0.1, avg bit/symbol 2.0, avg per TB: (nb RBs 6.1, nb symbols 11.9)
    UL harq: 14207/6 avg code rate 0.1, avg bit/symbol 2.0, avg per TB: (nb RBs 9.1, nb symbols 13.0)
[0m[NR_RRC] MeasurementReport Encoded 53 bits (7 bytes)
[0m[NR_MAC] UE 0 RNTI 275b stats sfn: 768.0, cumulated bad DCI 0
    DL Chan: SSB 0 SINR 45.1 dB RSRP -36 dBm, RI 0 CQI: N/A
    DL harq: 2364/0 avg code rate 0.1, avg bit/symbol 2.0, avg per TB: (nb RBs 6.1, nb symbols 11.9)
    UL harq: 14223/6 avg code rate 0.1, avg bit/symbol 2.0, avg per TB: (nb RBs 9.1, nb symbols 13.0)
[0m[NR_RRC] MeasurementReport Encoded 53 bits (7 bytes)
[0m[NR_MAC] UE 0 RNTI 275b stats sfn: 896.0, cumulated bad DCI 0
    DL Chan: SSB 0 SINR 45.1 dB RSRP -36 dBm, RI 0 CQI: N/A
    DL harq: 2367/0 avg code rate 0.1, avg bit/symbol 2.0, avg per TB: (nb RBs 6.1, nb symbols 11.9)
    UL harq: 14238/6 avg code rate 0.1, avg bit/symbol 2.0, avg per TB: (nb RBs 9.1, nb symbols 13.0)
[0m[NR_RRC] MeasurementReport Encoded 53 bits (7 bytes)
[0m[NR_RRC] MeasurementReport Encoded 53 bits (7 bytes)
[0m[NR_MAC] UE 0 RNTI 275b stats sfn: 0.0, cumulated bad DCI 0
    DL Chan: SSB 0 SINR 45.1 dB RSRP -36 dBm, RI 0 CQI: N/A
    DL harq: 2369/0 avg code rate 0.1, avg bit/symbol 2.0, avg per TB: (nb RBs 6.1, nb symbols 11.9)
    UL harq: 14253/6 avg code rate 0.1, avg bit/symbol 2.0, avg per TB: (nb RBs 9.1, nb symbols 13.0)
[0m[NR_RRC] MeasurementReport Encoded 53 bits (7 bytes)
[0m[NR_MAC] UE 0 RNTI 275b stats sfn: 128.0, cumulated bad DCI 0
    DL Chan: SSB 0 SINR 45.1 dB RSRP -36 dBm, RI 0 CQI: N/A
    DL harq: 2371/0 avg code rate 0.1, avg bit/symbol 2.0, avg per TB: (nb RBs 6.1, nb symbols 11.9)
    UL harq: 14266/6 avg code rate 0.1, avg bit/symbol 2.0, avg per TB: (nb RBs 9.1, nb symbols 13.0)
[0m[NR_RRC] MeasurementReport Encoded 53 bits (7 bytes)
[0m[NR_MAC] UE 0 RNTI 275b stats sfn: 256.0, cumulated bad DCI 0
    DL Chan: SSB 0 SINR 43.3 dB RSRP -36 dBm, RI 0 CQI: N/A
    DL harq: 2374/0 avg code rate 0.1, avg bit/symbol 2.0, avg per TB: (nb RBs 6.1, nb symbols 11.9)
    UL harq: 14282/6 avg code rate 0.1, avg bit/symbol 2.0, avg per TB: (nb RBs 9.1, nb symbols 13.0)
[0m[NR_RRC] MeasurementReport Encoded 53 bits (7 bytes)
[0m[NR_MAC] UE 0 RNTI 275b stats sfn: 384.0, cumulated bad DCI 0
    DL Chan: SSB 0 SINR 45.1 dB RSRP -36 dBm, RI 0 CQI: N/A
    DL harq: 2377/0 avg code rate 0.1, avg bit/symbol 2.0, avg per TB: (nb RBs 6.1, nb symbols 11.9)
    UL harq: 14298/6 avg code rate 0.1, avg bit/symbol 2.0, avg per TB: (nb RBs 9.1, nb symbols 13.0)
[0m[NR_RRC] MeasurementReport Encoded 53 bits (7 bytes)
[0m[NR_RRC] MeasurementReport Encoded 53 bits (7 bytes)
[0m[NR_MAC] UE 0 RNTI 275b stats sfn: 512.0, cumulated bad DCI 0
    DL Chan: SSB 0 SINR 46.3 dB RSRP -36 dBm, RI 0 CQI: N/A
    DL harq: 2379/0 avg code rate 0.1, avg bit/symbol 2.0, avg per TB: (nb RBs 6.1, nb symbols 11.9)
    UL harq: 14312/6 avg code rate 0.1, avg bit/symbol 2.0, avg per TB: (nb RBs 9.1, nb symbols 13.0)
[0m[NR_RRC] MeasurementReport Encoded 53 bits (7 bytes)
[0m[NR_MAC] UE 0 RNTI 275b stats sfn: 640.0, cumulated bad DCI 0
    DL Chan: SSB 0 SINR 44.1 dB RSRP -36 dBm, RI 0 CQI: N/A
    DL harq: 2382/0 avg code rate 0.1, avg bit/symbol 2.0, avg per TB: (nb RBs 6.1, nb symbols 11.9)
    UL harq: 14326/6 avg code rate 0.1, avg bit/symbol 2.0, avg per TB: (nb RBs 9.1, nb symbols 13.0)
[0m[NR_RRC] MeasurementReport Encoded 53 bits (7 bytes)
[0m[NR_MAC] UE 0 RNTI 275b stats sfn: 768.0, cumulated bad DCI 0
    DL Chan: SSB 0 SINR 45.1 dB RSRP -36 dBm, RI 0 CQI: N/A
    DL harq: 2384/0 avg code rate 0.1, avg bit/symbol 2.0, avg per TB: (nb RBs 6.1, nb symbols 11.9)
    UL harq: 14341/6 avg code rate 0.1, avg bit/symbol 2.0, avg per TB: (nb RBs 9.1, nb symbols 13.0)
[0m[NR_RRC] MeasurementReport Encoded 53 bits (7 bytes)
[0m[NR_MAC] UE 0 RNTI 275b stats sfn: 896.0, cumulated bad DCI 0
    DL Chan: SSB 0 SINR 43.3 dB RSRP -36 dBm, RI 0 CQI: N/A
    DL harq: 2387/0 avg code rate 0.1, avg bit/symbol 2.0, avg per TB: (nb RBs 6.1, nb symbols 11.9)
    UL harq: 14356/6 avg code rate 0.1, avg bit/symbol 2.0, avg per TB: (nb RBs 9.1, nb symbols 13.0)
[0m[NR_RRC] MeasurementReport Encoded 53 bits (7 bytes)
[0m[NR_MAC] UE 0 RNTI 275b stats sfn: 0.0, cumulated bad DCI 0
    DL Chan: SSB 0 SINR 45.1 dB RSRP -36 dBm, RI 0 CQI: N/A
    DL harq: 2389/0 avg code rate 0.1, avg bit/symbol 2.0, avg per TB: (nb RBs 6.1, nb symbols 11.9)
    UL harq: 14371/6 avg code rate 0.1, avg bit/symbol 2.0, avg per TB: (nb RBs 9.1, nb symbols 13.0)
[0m[NR_RRC] MeasurementReport Encoded 53 bits (7 bytes)
[0m[NR_RRC] MeasurementReport Encoded 53 bits (7 bytes)
[0m[NR_MAC] UE 0 RNTI 275b stats sfn: 128.0, cumulated bad DCI 0
    DL Chan: SSB 0 SINR 46.3 dB RSRP -36 dBm, RI 0 CQI: N/A
    DL harq: 2392/0 avg code rate 0.1, avg bit/symbol 2.0, avg per TB: (nb RBs 6.1, nb symbols 11.9)
    UL harq: 14386/6 avg code rate 0.1, avg bit/symbol 2.0, avg per TB: (nb RBs 9.1, nb symbols 13.0)
[0m[NR_RRC] MeasurementReport Encoded 53 bits (7 bytes)
[0m[NR_MAC] UE 0 RNTI 275b stats sfn: 256.0, cumulated bad DCI 0
    DL Chan: SSB 0 SINR 46.3 dB RSRP -36 dBm, RI 0 CQI: N/A
    DL harq: 2394/0 avg code rate 0.1, avg bit/symbol 2.0, avg per TB: (nb RBs 6.1, nb symbols 11.9)
    UL harq: 14401/6 avg code rate 0.1, avg bit/symbol 2.0, avg per TB: (nb RBs 9.1, nb symbols 13.0)
[0m[NR_RRC] MeasurementReport Encoded 53 bits (7 bytes)
[0m[NR_MAC] UE 0 RNTI 275b stats sfn: 384.0, cumulated bad DCI 0
    DL Chan: SSB 0 SINR 44.1 dB RSRP -36 dBm, RI 0 CQI: N/A
    DL harq: 2397/0 avg code rate 0.1, avg bit/symbol 2.0, avg per TB: (nb RBs 6.1, nb symbols 11.9)
    UL harq: 14416/6 avg code rate 0.1, avg bit/symbol 2.0, avg per TB: (nb RBs 9.1, nb symbols 13.0)
[0m[NR_RRC] MeasurementReport Encoded 53 bits (7 bytes)
[0m[NR_MAC] UE 0 RNTI 275b stats sfn: 512.0, cumulated bad DCI 0
    DL Chan: SSB 0 SINR 45.1 dB RSRP -36 dBm, RI 0 CQI: N/A
    DL harq: 2399/0 avg code rate 0.1, avg bit/symbol 2.0, avg per TB: (nb RBs 6.1, nb symbols 11.9)
    UL harq: 14431/6 avg code rate 0.1, avg bit/symbol 2.0, avg per TB: (nb RBs 9.1, nb symbols 13.0)
[0m[NR_RRC] MeasurementReport Encoded 53 bits (7 bytes)
[0m[1;31m[NR_MAC] Error in ul config consistency, clearing it slot 2
[0m[NR_RRC] MeasurementReport Encoded 53 bits (7 bytes)
[0m[NR_MAC] UE 0 RNTI 275b stats sfn: 640.0, cumulated bad DCI 0
    DL Chan: SSB 0 SINR 46.3 dB RSRP -36 dBm, RI 0 CQI: N/A
    DL harq: 2402/0 avg code rate 0.1, avg bit/symbol 2.0, avg per TB: (nb RBs 6.1, nb symbols 11.9)
    UL harq: 14444/7 avg code rate 0.1, avg bit/symbol 2.0, avg per TB: (nb RBs 9.1, nb symbols 13.0)
[0m[NR_RRC] MeasurementReport Encoded 53 bits (7 bytes)
[0m[NR_MAC] UE 0 RNTI 275b stats sfn: 768.0, cumulated bad DCI 0
    DL Chan: SSB 0 SINR 46.3 dB RSRP -36 dBm, RI 0 CQI: N/A
    DL harq: 2404/0 avg code rate 0.1, avg bit/symbol 2.0, avg per TB: (nb RBs 6.1, nb symbols 11.9)
    UL harq: 14458/7 avg code rate 0.1, avg bit/symbol 2.0, avg per TB: (nb RBs 9.0, nb symbols 13.0)
[0m[NR_RRC] MeasurementReport Encoded 53 bits (7 bytes)
[0m[NR_MAC] UE 0 RNTI 275b stats sfn: 896.0, cumulated bad DCI 0
    DL Chan: SSB 0 SINR 44.1 dB RSRP -36 dBm, RI 0 CQI: N/A
    DL harq: 2407/0 avg code rate 0.1, avg bit/symbol 2.0, avg per TB: (nb RBs 6.1, nb symbols 11.9)
    UL harq: 14475/7 avg code rate 0.1, avg bit/symbol 2.0, avg per TB: (nb RBs 9.0, nb symbols 13.0)
[0m[NR_RRC] MeasurementReport Encoded 53 bits (7 bytes)
[0m[NR_MAC] UE 0 RNTI 275b stats sfn: 0.0, cumulated bad DCI 0
    DL Chan: SSB 0 SINR 45.1 dB RSRP -36 dBm, RI 0 CQI: N/A
    DL harq: 2410/0 avg code rate 0.1, avg bit/symbol 2.0, avg per TB: (nb RBs 6.1, nb symbols 11.9)
    UL harq: 14489/7 avg code rate 0.1, avg bit/symbol 2.0, avg per TB: (nb RBs 9.0, nb symbols 13.0)
[0m[NR_RRC] MeasurementReport Encoded 53 bits (7 bytes)
[0m[NR_RRC] MeasurementReport Encoded 53 bits (7 bytes)
[0m[NR_MAC] UE 0 RNTI 275b stats sfn: 128.0, cumulated bad DCI 0
    DL Chan: SSB 0 SINR 46.3 dB RSRP -36 dBm, RI 0 CQI: N/A
    DL harq: 2412/0 avg code rate 0.1, avg bit/symbol 2.0, avg per TB: (nb RBs 6.1, nb symbols 11.9)
    UL harq: 14503/7 avg code rate 0.1, avg bit/symbol 2.0, avg per TB: (nb RBs 9.0, nb symbols 13.0)
[0m[NR_RRC] MeasurementReport Encoded 53 bits (7 bytes)
[0m[NR_MAC] UE 0 RNTI 275b stats sfn: 256.0, cumulated bad DCI 0
    DL Chan: SSB 0 SINR 45.1 dB RSRP -36 dBm, RI 0 CQI: N/A
    DL harq: 2414/0 avg code rate 0.1, avg bit/symbol 2.0, avg per TB: (nb RBs 6.1, nb symbols 11.9)
    UL harq: 14518/7 avg code rate 0.1, avg bit/symbol 2.0, avg per TB: (nb RBs 9.0, nb symbols 13.0)
[0m[NR_RRC] MeasurementReport Encoded 53 bits (7 bytes)
[0m[NR_RRC] [UE 0] 337:0 Decoding SI
[0m[32m[NR_RRC] Found SIB19
[0m[NR_RRC] Get EPOCHTIME: x:10, N:10, slot_endw:10, frame:338, subframe:0 , slot:0
[0m[NR_RRC] Epoch frame 338 ahead by 1 frames
[0m[NR_RRC] val430:240 s, T430:240010 ms, sib19_timer:120010 ms
[0m[NR_MAC] NTN Config Rxd. Epoch HFN: 106, Epoch SFN: 338, Epoch Subframe: 0, k_offset: 478ms, N_Common_Ta: 238.740000ms, drift: 0.000000µs/s, variant: 0.000000µs/s²
[0m[NR_MAC] Satellite orbital radius 42163999.800000 m, pos_sat_0 = {0.000000, 0.000000, 42163999.800000}, pos_sat_90 = {0.000000, 0.000000, 42163999.800000}
[0m[NR_MAC] Satellite velocity 0.000000 m/s, angular velocity = 0.000000e+00 rad/ms, vel_sat_0 = {0.000000, 0.000000, 0.000000}, vel_sat_90 = {0.000000, 0.000000, 0.000000}
[0m[PHY]    k_offset: 478ms, N_Common_Ta: 238.740000ms, drift: 0.000000µs/s, variant: 0.000000µs/s², timing_advance_ntn: 3667039 samples, DL Doppler shift: 0.000000kHz, UL Doppler shift: 0.000000kHz
[0m[NR_MAC] UE 0 RNTI 275b stats sfn: 384.0, cumulated bad DCI 0
    DL Chan: SSB 0 SINR 45.1 dB RSRP -36 dBm, RI 0 CQI: N/A
    DL harq: 2417/0 avg code rate 0.1, avg bit/symbol 2.0, avg per TB: (nb RBs 6.1, nb symbols 11.9)
    UL harq: 14535/7 avg code rate 0.1, avg bit/symbol 2.0, avg per TB: (nb RBs 9.0, nb symbols 13.0)
[0m[NR_RRC] MeasurementReport Encoded 53 bits (7 bytes)
[0m[NR_MAC] UE 0 RNTI 275b stats sfn: 512.0, cumulated bad DCI 0
    DL Chan: SSB 0 SINR 44.1 dB RSRP -36 dBm, RI 0 CQI: N/A
    DL harq: 2420/0 avg code rate 0.1, avg bit/symbol 2.0, avg per TB: (nb RBs 6.1, nb symbols 11.9)
    UL harq: 14549/7 avg code rate 0.1, avg bit/symbol 2.0, avg per TB: (nb RBs 9.0, nb symbols 13.0)
[0m[NR_RRC] MeasurementReport Encoded 53 bits (7 bytes)
[0m[NR_RRC] MeasurementReport Encoded 53 bits (7 bytes)
[0m[NR_MAC] UE 0 RNTI 275b stats sfn: 640.0, cumulated bad DCI 0
    DL Chan: SSB 0 SINR 44.1 dB RSRP -36 dBm, RI 0 CQI: N/A
    DL harq: 2422/0 avg code rate 0.1, avg bit/symbol 2.0, avg per TB: (nb RBs 6.1, nb symbols 11.9)
    UL harq: 14562/7 avg code rate 0.1, avg bit/symbol 2.0, avg per TB: (nb RBs 9.0, nb symbols 13.0)
[0m[NR_RRC] MeasurementReport Encoded 53 bits (7 bytes)
[0m[NR_MAC] UE 0 RNTI 275b stats sfn: 768.0, cumulated bad DCI 0
    DL Chan: SSB 0 SINR 45.1 dB RSRP -36 dBm, RI 0 CQI: N/A
    DL harq: 2424/0 avg code rate 0.1, avg bit/symbol 2.0, avg per TB: (nb RBs 6.1, nb symbols 11.9)
    UL harq: 14577/7 avg code rate 0.1, avg bit/symbol 2.0, avg per TB: (nb RBs 9.0, nb symbols 13.0)
[0m[NR_RRC] MeasurementReport Encoded 53 bits (7 bytes)
[0m[NR_MAC] UE 0 RNTI 275b stats sfn: 896.0, cumulated bad DCI 0
    DL Chan: SSB 0 SINR 45.1 dB RSRP -36 dBm, RI 0 CQI: N/A
    DL harq: 2428/0 avg code rate 0.1, avg bit/symbol 2.0, avg per TB: (nb RBs 6.1, nb symbols 11.9)
    UL harq: 14593/7 avg code rate 0.1, avg bit/symbol 2.0, avg per TB: (nb RBs 9.0, nb symbols 13.0)
[0m[NR_RRC] MeasurementReport Encoded 53 bits (7 bytes)
[0m[NR_MAC] UE 0 RNTI 275b stats sfn: 0.0, cumulated bad DCI 0
    DL Chan: SSB 0 SINR 44.1 dB RSRP -36 dBm, RI 0 CQI: N/A
    DL harq: 2430/0 avg code rate 0.1, avg bit/symbol 2.0, avg per TB: (nb RBs 6.0, nb symbols 11.9)
    UL harq: 14608/7 avg code rate 0.1, avg bit/symbol 2.0, avg per TB: (nb RBs 9.0, nb symbols 13.0)
[0m[NR_RRC] MeasurementReport Encoded 53 bits (7 bytes)
[0m[NR_RRC] MeasurementReport Encoded 53 bits (7 bytes)
[0m[NR_MAC] UE 0 RNTI 275b stats sfn: 128.0, cumulated bad DCI 0
    DL Chan: SSB 0 SINR 45.1 dB RSRP -36 dBm, RI 0 CQI: N/A
    DL harq: 2432/0 avg code rate 0.1, avg bit/symbol 2.0, avg per TB: (nb RBs 6.0, nb symbols 11.9)
    UL harq: 14623/7 avg code rate 0.1, avg bit/symbol 2.0, avg per TB: (nb RBs 9.0, nb symbols 13.0)
[0m[NR_RRC] MeasurementReport Encoded 53 bits (7 bytes)
[0m[NR_MAC] UE 0 RNTI 275b stats sfn: 256.0, cumulated bad DCI 0
    DL Chan: SSB 0 SINR 45.1 dB RSRP -36 dBm, RI 0 CQI: N/A
    DL harq: 2434/0 avg code rate 0.1, avg bit/symbol 2.0, avg per TB: (nb RBs 6.0, nb symbols 11.9)
    UL harq: 14637/7 avg code rate 0.1, avg bit/symbol 2.0, avg per TB: (nb RBs 9.0, nb symbols 13.0)
[0m[NR_RRC] MeasurementReport Encoded 53 bits (7 bytes)
[0m[NR_MAC] UE 0 RNTI 275b stats sfn: 384.0, cumulated bad DCI 0
    DL Chan: SSB 0 SINR 44.1 dB RSRP -36 dBm, RI 0 CQI: N/A
    DL harq: 2437/0 avg code rate 0.1, avg bit/symbol 2.0, avg per TB: (nb RBs 6.0, nb symbols 11.9)
    UL harq: 14653/7 avg code rate 0.1, avg bit/symbol 2.0, avg per TB: (nb RBs 9.0, nb symbols 13.0)
[0m[NR_RRC] MeasurementReport Encoded 53 bits (7 bytes)
[0m[NR_MAC] UE 0 RNTI 275b stats sfn: 512.0, cumulated bad DCI 0
    DL Chan: SSB 0 SINR 44.1 dB RSRP -36 dBm, RI 0 CQI: N/A
    DL harq: 2440/0 avg code rate 0.1, avg bit/symbol 2.0, avg per TB: (nb RBs 6.0, nb symbols 11.9)
    UL harq: 14668/7 avg code rate 0.1, avg bit/symbol 2.0, avg per TB: (nb RBs 9.0, nb symbols 13.0)
[0m[NR_RRC] MeasurementReport Encoded 53 bits (7 bytes)
[0m[NR_RRC] MeasurementReport Encoded 53 bits (7 bytes)
[0m[NR_MAC] UE 0 RNTI 275b stats sfn: 640.0, cumulated bad DCI 0
    DL Chan: SSB 0 SINR 44.1 dB RSRP -36 dBm, RI 0 CQI: N/A
    DL harq: 2442/0 avg code rate 0.1, avg bit/symbol 2.0, avg per TB: (nb RBs 6.0, nb symbols 11.9)
    UL harq: 14682/7 avg code rate 0.1, avg bit/symbol 2.0, avg per TB: (nb RBs 9.0, nb symbols 13.0)
[0m[NR_RRC] MeasurementReport Encoded 53 bits (7 bytes)
[0m[NR_MAC] UE 0 RNTI 275b stats sfn: 768.0, cumulated bad DCI 0
    DL Chan: SSB 0 SINR 44.1 dB RSRP -36 dBm, RI 0 CQI: N/A
    DL harq: 2445/0 avg code rate 0.1, avg bit/symbol 2.0, avg per TB: (nb RBs 6.0, nb symbols 11.9)
    UL harq: 14696/7 avg code rate 0.1, avg bit/symbol 2.0, avg per TB: (nb RBs 9.0, nb symbols 13.0)
[0m[NR_RRC] MeasurementReport Encoded 53 bits (7 bytes)
[0m[NR_MAC] UE 0 RNTI 275b stats sfn: 896.0, cumulated bad DCI 0
    DL Chan: SSB 0 SINR 46.3 dB RSRP -36 dBm, RI 0 CQI: N/A
    DL harq: 2447/0 avg code rate 0.1, avg bit/symbol 2.0, avg per TB: (nb RBs 6.0, nb symbols 11.9)
    UL harq: 14712/7 avg code rate 0.1, avg bit/symbol 2.0, avg per TB: (nb RBs 9.0, nb symbols 13.0)
[0m[NR_RRC] MeasurementReport Encoded 53 bits (7 bytes)
[0m[NR_MAC] UE 0 RNTI 275b stats sfn: 0.0, cumulated bad DCI 0
    DL Chan: SSB 0 SINR 46.3 dB RSRP -36 dBm, RI 0 CQI: N/A
    DL harq: 2450/0 avg code rate 0.1, avg bit/symbol 2.0, avg per TB: (nb RBs 6.0, nb symbols 11.9)
    UL harq: 14727/7 avg code rate 0.1, avg bit/symbol 2.0, avg per TB: (nb RBs 9.0, nb symbols 13.0)
[0m[NR_RRC] MeasurementReport Encoded 53 bits (7 bytes)
[0m[NR_RRC] MeasurementReport Encoded 53 bits (7 bytes)
[0m[NR_MAC] UE 0 RNTI 275b stats sfn: 128.0, cumulated bad DCI 0
    DL Chan: SSB 0 SINR 46.3 dB RSRP -36 dBm, RI 0 CQI: N/A
    DL harq: 2452/0 avg code rate 0.1, avg bit/symbol 2.0, avg per TB: (nb RBs 6.0, nb symbols 11.9)
    UL harq: 14741/7 avg code rate 0.1, avg bit/symbol 2.0, avg per TB: (nb RBs 9.0, nb symbols 13.0)
[0m[NR_RRC] MeasurementReport Encoded 53 bits (7 bytes)
[0m[NR_MAC] UE 0 RNTI 275b stats sfn: 256.0, cumulated bad DCI 0
    DL Chan: SSB 0 SINR 45.1 dB RSRP -36 dBm, RI 0 CQI: N/A
    DL harq: 2455/0 avg code rate 0.1, avg bit/symbol 2.0, avg per TB: (nb RBs 6.0, nb symbols 11.9)
    UL harq: 14756/7 avg code rate 0.1, avg bit/symbol 2.0, avg per TB: (nb RBs 9.0, nb symbols 13.0)
[0m[NR_RRC] MeasurementReport Encoded 53 bits (7 bytes)
[0m[NR_MAC] UE 0 RNTI 275b stats sfn: 384.0, cumulated bad DCI 0
    DL Chan: SSB 0 SINR 45.1 dB RSRP -36 dBm, RI 0 CQI: N/A
    DL harq: 2457/0 avg code rate 0.1, avg bit/symbol 2.0, avg per TB: (nb RBs 6.0, nb symbols 11.9)
    UL harq: 14772/7 avg code rate 0.1, avg bit/symbol 2.0, avg per TB: (nb RBs 9.0, nb symbols 13.0)
[0m[NR_RRC] MeasurementReport Encoded 53 bits (7 bytes)
[0m[NR_MAC] UE 0 RNTI 275b stats sfn: 512.0, cumulated bad DCI 0
    DL Chan: SSB 0 SINR 43.3 dB RSRP -36 dBm, RI 0 CQI: N/A
    DL harq: 2460/0 avg code rate 0.1, avg bit/symbol 2.0, avg per TB: (nb RBs 6.0, nb symbols 11.9)
    UL harq: 14785/7 avg code rate 0.1, avg bit/symbol 2.0, avg per TB: (nb RBs 9.0, nb symbols 13.0)
[0m[NR_RRC] MeasurementReport Encoded 53 bits (7 bytes)
[0m[NR_RRC] MeasurementReport Encoded 53 bits (7 bytes)
[0m[NR_MAC] UE 0 RNTI 275b stats sfn: 640.0, cumulated bad DCI 0
    DL Chan: SSB 0 SINR 44.1 dB RSRP -36 dBm, RI 0 CQI: N/A
    DL harq: 2462/0 avg code rate 0.1, avg bit/symbol 2.0, avg per TB: (nb RBs 6.0, nb symbols 11.9)
    UL harq: 14799/7 avg code rate 0.1, avg bit/symbol 2.0, avg per TB: (nb RBs 9.0, nb symbols 13.0)
[0m[NR_RRC] MeasurementReport Encoded 53 bits (7 bytes)
[0m[NR_MAC] UE 0 RNTI 275b stats sfn: 768.0, cumulated bad DCI 0
    DL Chan: SSB 0 SINR 44.1 dB RSRP -36 dBm, RI 0 CQI: N/A
    DL harq: 2465/0 avg code rate 0.1, avg bit/symbol 2.0, avg per TB: (nb RBs 6.0, nb symbols 11.9)
    UL harq: 14814/7 avg code rate 0.1, avg bit/symbol 2.0, avg per TB: (nb RBs 9.0, nb symbols 13.0)
[0m[NR_RRC] MeasurementReport Encoded 53 bits (7 bytes)
[0m[NR_MAC] UE 0 RNTI 275b stats sfn: 896.0, cumulated bad DCI 0
    DL Chan: SSB 0 SINR 45.1 dB RSRP -36 dBm, RI 0 CQI: N/A
    DL harq: 2467/0 avg code rate 0.1, avg bit/symbol 2.0, avg per TB: (nb RBs 6.0, nb symbols 11.9)
    UL harq: 14830/7 avg code rate 0.1, avg bit/symbol 2.0, avg per TB: (nb RBs 8.9, nb symbols 13.0)
[0m[NR_RRC] MeasurementReport Encoded 53 bits (7 bytes)
[0m[NR_MAC] UE 0 RNTI 275b stats sfn: 0.0, cumulated bad DCI 0
    DL Chan: SSB 0 SINR 45.1 dB RSRP -36 dBm, RI 0 CQI: N/A
    DL harq: 2470/0 avg code rate 0.1, avg bit/symbol 2.0, avg per TB: (nb RBs 6.0, nb symbols 11.9)
    UL harq: 14845/7 avg code rate 0.1, avg bit/symbol 2.0, avg per TB: (nb RBs 8.9, nb symbols 13.0)
[0m[NR_RRC] MeasurementReport Encoded 53 bits (7 bytes)
[0m[NR_RRC] MeasurementReport Encoded 53 bits (7 bytes)
[0m[NR_MAC] UE 0 RNTI 275b stats sfn: 128.0, cumulated bad DCI 0
    DL Chan: SSB 0 SINR 45.1 dB RSRP -36 dBm, RI 0 CQI: N/A
    DL harq: 2473/0 avg code rate 0.1, avg bit/symbol 2.0, avg per TB: (nb RBs 6.0, nb symbols 11.9)
    UL harq: 14859/7 avg code rate 0.1, avg bit/symbol 2.0, avg per TB: (nb RBs 8.9, nb symbols 13.0)
[0m[NR_RRC] MeasurementReport Encoded 53 bits (7 bytes)
[0m[NR_MAC] UE 0 RNTI 275b stats sfn: 256.0, cumulated bad DCI 0
    DL Chan: SSB 0 SINR 45.1 dB RSRP -36 dBm, RI 0 CQI: N/A
    DL harq: 2475/0 avg code rate 0.1, avg bit/symbol 2.0, avg per TB: (nb RBs 6.0, nb symbols 11.9)
    UL harq: 14874/7 avg code rate 0.1, avg bit/symbol 2.0, avg per TB: (nb RBs 8.9, nb symbols 13.0)
[0m[NR_RRC] MeasurementReport Encoded 53 bits (7 bytes)
[0m[NR_MAC] UE 0 RNTI 275b stats sfn: 384.0, cumulated bad DCI 0
    DL Chan: SSB 0 SINR 44.1 dB RSRP -36 dBm, RI 0 CQI: N/A
    DL harq: 2477/0 avg code rate 0.1, avg bit/symbol 2.0, avg per TB: (nb RBs 6.0, nb symbols 11.9)
    UL harq: 14889/7 avg code rate 0.1, avg bit/symbol 2.0, avg per TB: (nb RBs 8.9, nb symbols 13.0)
[0m[NR_RRC] MeasurementReport Encoded 53 bits (7 bytes)
[0m[NR_MAC] UE 0 RNTI 275b stats sfn: 512.0, cumulated bad DCI 0
    DL Chan: SSB 0 SINR 45.1 dB RSRP -36 dBm, RI 0 CQI: N/A
    DL harq: 2480/0 avg code rate 0.1, avg bit/symbol 2.0, avg per TB: (nb RBs 6.0, nb symbols 11.9)
    UL harq: 14905/7 avg code rate 0.1, avg bit/symbol 2.0, avg per TB: (nb RBs 8.9, nb symbols 13.0)
[0m[NR_RRC] MeasurementReport Encoded 53 bits (7 bytes)
[0m[NR_MAC] UE 0 RNTI 275b stats sfn: 640.0, cumulated bad DCI 0
    DL Chan: SSB 0 SINR 44.1 dB RSRP -36 dBm, RI 0 CQI: N/A
    DL harq: 2483/0 avg code rate 0.1, avg bit/symbol 2.0, avg per TB: (nb RBs 6.0, nb symbols 11.9)
    UL harq: 14919/7 avg code rate 0.1, avg bit/symbol 2.0, avg per TB: (nb RBs 8.9, nb symbols 13.0)
[0m[NR_RRC] MeasurementReport Encoded 53 bits (7 bytes)
[0m[NR_RRC] MeasurementReport Encoded 53 bits (7 bytes)
[0m[NR_MAC] UE 0 RNTI 275b stats sfn: 768.0, cumulated bad DCI 0
    DL Chan: SSB 0 SINR 46.3 dB RSRP -36 dBm, RI 0 CQI: N/A
    DL harq: 2485/0 avg code rate 0.1, avg bit/symbol 2.0, avg per TB: (nb RBs 6.0, nb symbols 11.9)
    UL harq: 14932/7 avg code rate 0.1, avg bit/symbol 2.0, avg per TB: (nb RBs 8.9, nb symbols 13.0)
[0m[NR_RRC] MeasurementReport Encoded 53 bits (7 bytes)
[0m[NR_MAC] UE 0 RNTI 275b stats sfn: 896.0, cumulated bad DCI 0
    DL Chan: SSB 0 SINR 46.3 dB RSRP -36 dBm, RI 0 CQI: N/A
    DL harq: 2487/0 avg code rate 0.1, avg bit/symbol 2.0, avg per TB: (nb RBs 6.0, nb symbols 11.9)
    UL harq: 14947/7 avg code rate 0.1, avg bit/symbol 2.0, avg per TB: (nb RBs 8.9, nb symbols 13.0)
[0m[NR_RRC] MeasurementReport Encoded 53 bits (7 bytes)
[0m[NR_MAC] UE 0 RNTI 275b stats sfn: 0.0, cumulated bad DCI 0
    DL Chan: SSB 0 SINR 45.1 dB RSRP -36 dBm, RI 0 CQI: N/A
    DL harq: 2491/0 avg code rate 0.1, avg bit/symbol 2.0, avg per TB: (nb RBs 6.0, nb symbols 11.9)
    UL harq: 14964/7 avg code rate 0.1, avg bit/symbol 2.0, avg per TB: (nb RBs 8.9, nb symbols 13.0)
[0m[NR_RRC] MeasurementReport Encoded 53 bits (7 bytes)
[0m[NR_MAC] UE 0 RNTI 275b stats sfn: 128.0, cumulated bad DCI 0
    DL Chan: SSB 0 SINR 44.1 dB RSRP -36 dBm, RI 0 CQI: N/A
    DL harq: 2493/0 avg code rate 0.1, avg bit/symbol 2.0, avg per TB: (nb RBs 6.0, nb symbols 11.9)
    UL harq: 14978/7 avg code rate 0.1, avg bit/symbol 2.0, avg per TB: (nb RBs 8.9, nb symbols 13.0)
[0m[NR_RRC] MeasurementReport Encoded 53 bits (7 bytes)
[0m[NR_RRC] MeasurementReport Encoded 53 bits (7 bytes)
[0m[NR_MAC] UE 0 RNTI 275b stats sfn: 256.0, cumulated bad DCI 0
    DL Chan: SSB 0 SINR 46.3 dB RSRP -36 dBm, RI 0 CQI: N/A
    DL harq: 2495/0 avg code rate 0.1, avg bit/symbol 2.0, avg per TB: (nb RBs 6.0, nb symbols 11.9)
    UL harq: 14993/7 avg code rate 0.1, avg bit/symbol 2.0, avg per TB: (nb RBs 8.9, nb symbols 13.0)
[0m[NR_RRC] MeasurementReport Encoded 53 bits (7 bytes)
[0m[NR_MAC] UE 0 RNTI 275b stats sfn: 384.0, cumulated bad DCI 0
    DL Chan: SSB 0 SINR 45.1 dB RSRP -36 dBm, RI 0 CQI: N/A
    DL harq: 2497/0 avg code rate 0.1, avg bit/symbol 2.0, avg per TB: (nb RBs 6.0, nb symbols 11.9)
    UL harq: 15007/7 avg code rate 0.1, avg bit/symbol 2.0, avg per TB: (nb RBs 8.9, nb symbols 13.0)
[0m[NR_RRC] MeasurementReport Encoded 53 bits (7 bytes)
[0m[NR_MAC] UE 0 RNTI 275b stats sfn: 512.0, cumulated bad DCI 0
    DL Chan: SSB 0 SINR 45.1 dB RSRP -36 dBm, RI 0 CQI: N/A
    DL harq: 2501/0 avg code rate 0.1, avg bit/symbol 2.0, avg per TB: (nb RBs 6.0, nb symbols 11.9)
    UL harq: 15023/7 avg code rate 0.1, avg bit/symbol 2.0, avg per TB: (nb RBs 8.9, nb symbols 13.0)
[0m[NR_RRC] MeasurementReport Encoded 53 bits (7 bytes)
[0m[NR_MAC] UE 0 RNTI 275b stats sfn: 640.0, cumulated bad DCI 0
    DL Chan: SSB 0 SINR 44.1 dB RSRP -36 dBm, RI 0 CQI: N/A
    DL harq: 2503/0 avg code rate 0.1, avg bit/symbol 2.0, avg per TB: (nb RBs 6.0, nb symbols 11.9)
    UL harq: 15037/7 avg code rate 0.1, avg bit/symbol 2.0, avg per TB: (nb RBs 8.9, nb symbols 13.0)
[0m[NR_RRC] MeasurementReport Encoded 53 bits (7 bytes)
[0m[NR_RRC] MeasurementReport Encoded 53 bits (7 bytes)
[0m[NR_MAC] UE 0 RNTI 275b stats sfn: 768.0, cumulated bad DCI 0
    DL Chan: SSB 0 SINR 46.3 dB RSRP -36 dBm, RI 0 CQI: N/A
    DL harq: 2505/0 avg code rate 0.1, avg bit/symbol 2.0, avg per TB: (nb RBs 6.0, nb symbols 11.9)
    UL harq: 15052/7 avg code rate 0.1, avg bit/symbol 2.0, avg per TB: (nb RBs 8.9, nb symbols 13.0)
[0m[NR_RRC] MeasurementReport Encoded 53 bits (7 bytes)
[0m[NR_MAC] UE 0 RNTI 275b stats sfn: 896.0, cumulated bad DCI 0
    DL Chan: SSB 0 SINR 46.3 dB RSRP -36 dBm, RI 0 CQI: N/A
    DL harq: 2508/0 avg code rate 0.1, avg bit/symbol 2.0, avg per TB: (nb RBs 6.0, nb symbols 11.9)
    UL harq: 15067/7 avg code rate 0.1, avg bit/symbol 2.0, avg per TB: (nb RBs 8.9, nb symbols 13.0)
[0m[NR_RRC] MeasurementReport Encoded 53 bits (7 bytes)
[0m[NR_MAC] UE 0 RNTI 275b stats sfn: 0.0, cumulated bad DCI 0
    DL Chan: SSB 0 SINR 46.3 dB RSRP -36 dBm, RI 0 CQI: N/A
    DL harq: 2510/0 avg code rate 0.1, avg bit/symbol 2.0, avg per TB: (nb RBs 6.0, nb symbols 11.9)
    UL harq: 15082/7 avg code rate 0.1, avg bit/symbol 2.0, avg per TB: (nb RBs 8.9, nb symbols 13.0)
[0m[NR_RRC] MeasurementReport Encoded 53 bits (7 bytes)
[0m[NR_MAC] UE 0 RNTI 275b stats sfn: 128.0, cumulated bad DCI 0
    DL Chan: SSB 0 SINR 45.1 dB RSRP -36 dBm, RI 0 CQI: N/A
    DL harq: 2513/0 avg code rate 0.1, avg bit/symbol 2.0, avg per TB: (nb RBs 6.0, nb symbols 11.9)
    UL harq: 15097/7 avg code rate 0.1, avg bit/symbol 2.0, avg per TB: (nb RBs 8.9, nb symbols 13.0)
[0m[NR_RRC] MeasurementReport Encoded 53 bits (7 bytes)
[0m[NR_RRC] MeasurementReport Encoded 53 bits (7 bytes)
[0m[NR_MAC] UE 0 RNTI 275b stats sfn: 256.0, cumulated bad DCI 0
    DL Chan: SSB 0 SINR 45.1 dB RSRP -36 dBm, RI 0 CQI: N/A
    DL harq: 2515/0 avg code rate 0.1, avg bit/symbol 2.0, avg per TB: (nb RBs 6.0, nb symbols 11.9)
    UL harq: 15112/7 avg code rate 0.1, avg bit/symbol 2.0, avg per TB: (nb RBs 8.9, nb symbols 13.0)
[0m[NR_RRC] MeasurementReport Encoded 53 bits (7 bytes)
[0m[NR_MAC] UE 0 RNTI 275b stats sfn: 384.0, cumulated bad DCI 0
    DL Chan: SSB 0 SINR 44.1 dB RSRP -36 dBm, RI 0 CQI: N/A
    DL harq: 2518/0 avg code rate 0.1, avg bit/symbol 2.0, avg per TB: (nb RBs 6.0, nb symbols 11.9)
    UL harq: 15126/7 avg code rate 0.1, avg bit/symbol 2.0, avg per TB: (nb RBs 8.9, nb symbols 13.0)
[0m[NR_RRC] MeasurementReport Encoded 53 bits (7 bytes)
[0m[NR_MAC] UE 0 RNTI 275b stats sfn: 512.0, cumulated bad DCI 0
    DL Chan: SSB 0 SINR 42.6 dB RSRP -36 dBm, RI 0 CQI: N/A
    DL harq: 2521/0 avg code rate 0.1, avg bit/symbol 2.0, avg per TB: (nb RBs 6.0, nb symbols 11.9)
    UL harq: 15143/7 avg code rate 0.1, avg bit/symbol 2.0, avg per TB: (nb RBs 8.9, nb symbols 13.0)
[0m[NR_RRC] MeasurementReport Encoded 53 bits (7 bytes)
[0m[NR_MAC] UE 0 RNTI 275b stats sfn: 640.0, cumulated bad DCI 0
    DL Chan: SSB 0 SINR 45.1 dB RSRP -36 dBm, RI 0 CQI: N/A
    DL harq: 2523/0 avg code rate 0.1, avg bit/symbol 2.0, avg per TB: (nb RBs 6.0, nb symbols 11.9)
    UL harq: 15156/7 avg code rate 0.1, avg bit/symbol 2.0, avg per TB: (nb RBs 8.9, nb symbols 13.0)
[0m[NR_RRC] MeasurementReport Encoded 53 bits (7 bytes)
[0m[NR_RRC] MeasurementReport Encoded 53 bits (7 bytes)
[0m[NR_MAC] UE 0 RNTI 275b stats sfn: 768.0, cumulated bad DCI 0
    DL Chan: SSB 0 SINR 46.3 dB RSRP -36 dBm, RI 0 CQI: N/A
    DL harq: 2525/0 avg code rate 0.1, avg bit/symbol 2.0, avg per TB: (nb RBs 6.0, nb symbols 11.9)
    UL harq: 15170/7 avg code rate 0.1, avg bit/symbol 2.0, avg per TB: (nb RBs 8.9, nb symbols 13.0)
[0m[NR_RRC] MeasurementReport Encoded 53 bits (7 bytes)
[0m[NR_MAC] UE 0 RNTI 275b stats sfn: 896.0, cumulated bad DCI 0
    DL Chan: SSB 0 SINR 45.1 dB RSRP -36 dBm, RI 0 CQI: N/A
    DL harq: 2528/0 avg code rate 0.1, avg bit/symbol 2.0, avg per TB: (nb RBs 6.0, nb symbols 11.9)
    UL harq: 15185/7 avg code rate 0.1, avg bit/symbol 2.0, avg per TB: (nb RBs 8.9, nb symbols 13.0)
[0m[NR_RRC] MeasurementReport Encoded 53 bits (7 bytes)
[0m[NR_MAC] UE 0 RNTI 275b stats sfn: 0.0, cumulated bad DCI 0
    DL Chan: SSB 0 SINR 48.1 dB RSRP -36 dBm, RI 0 CQI: N/A
    DL harq: 2530/0 avg code rate 0.1, avg bit/symbol 2.0, avg per TB: (nb RBs 6.0, nb symbols 11.9)
    UL harq: 15202/7 avg code rate 0.1, avg bit/symbol 2.0, avg per TB: (nb RBs 8.9, nb symbols 13.0)
[0m[NR_RRC] MeasurementReport Encoded 53 bits (7 bytes)
[0m[NR_MAC] UE 0 RNTI 275b stats sfn: 128.0, cumulated bad DCI 0
    DL Chan: SSB 0 SINR 46.3 dB RSRP -36 dBm, RI 0 CQI: N/A
    DL harq: 2533/0 avg code rate 0.1, avg bit/symbol 2.0, avg per TB: (nb RBs 6.0, nb symbols 11.9)
    UL harq: 15216/7 avg code rate 0.1, avg bit/symbol 2.0, avg per TB: (nb RBs 8.8, nb symbols 13.0)
[0m[NR_RRC] MeasurementReport Encoded 53 bits (7 bytes)
[0m[NR_RRC] MeasurementReport Encoded 53 bits (7 bytes)
[0m[NR_MAC] UE 0 RNTI 275b stats sfn: 256.0, cumulated bad DCI 0
    DL Chan: SSB 0 SINR 45.1 dB RSRP -36 dBm, RI 0 CQI: N/A
    DL harq: 2536/0 avg code rate 0.1, avg bit/symbol 2.0, avg per TB: (nb RBs 6.0, nb symbols 11.9)
    UL harq: 15230/7 avg code rate 0.1, avg bit/symbol 2.0, avg per TB: (nb RBs 8.8, nb symbols 13.0)
[0m[NR_RRC] MeasurementReport Encoded 53 bits (7 bytes)
[0m[NR_MAC] UE 0 RNTI 275b stats sfn: 384.0, cumulated bad DCI 0
    DL Chan: SSB 0 SINR 46.3 dB RSRP -36 dBm, RI 0 CQI: N/A
    DL harq: 2538/0 avg code rate 0.1, avg bit/symbol 2.0, avg per TB: (nb RBs 6.0, nb symbols 11.9)
    UL harq: 15245/7 avg code rate 0.1, avg bit/symbol 2.0, avg per TB: (nb RBs 8.8, nb symbols 13.0)
[0m[NR_RRC] MeasurementReport Encoded 53 bits (7 bytes)
[0m[NR_MAC] UE 0 RNTI 275b stats sfn: 512.0, cumulated bad DCI 0
    DL Chan: SSB 0 SINR 46.3 dB RSRP -36 dBm, RI 0 CQI: N/A
    DL harq: 2540/0 avg code rate 0.1, avg bit/symbol 2.0, avg per TB: (nb RBs 6.0, nb symbols 11.9)
    UL harq: 15261/7 avg code rate 0.1, avg bit/symbol 2.0, avg per TB: (nb RBs 8.8, nb symbols 13.0)
[0m[NR_RRC] MeasurementReport Encoded 53 bits (7 bytes)
[0m[NR_MAC] UE 0 RNTI 275b stats sfn: 640.0, cumulated bad DCI 0
    DL Chan: SSB 0 SINR 46.3 dB RSRP -36 dBm, RI 0 CQI: N/A
    DL harq: 2543/0 avg code rate 0.1, avg bit/symbol 2.0, avg per TB: (nb RBs 6.0, nb symbols 11.9)
    UL harq: 15275/7 avg code rate 0.1, avg bit/symbol 2.0, avg per TB: (nb RBs 8.8, nb symbols 13.0)
[0m[NR_RRC] MeasurementReport Encoded 53 bits (7 bytes)
[0m[NR_RRC] MeasurementReport Encoded 53 bits (7 bytes)
[0m[NR_MAC] UE 0 RNTI 275b stats sfn: 768.0, cumulated bad DCI 0
    DL Chan: SSB 0 SINR 44.1 dB RSRP -36 dBm, RI 0 CQI: N/A
    DL harq: 2546/0 avg code rate 0.1, avg bit/symbol 2.0, avg per TB: (nb RBs 6.0, nb symbols 11.9)
    UL harq: 15289/7 avg code rate 0.1, avg bit/symbol 2.0, avg per TB: (nb RBs 8.8, nb symbols 13.0)
[0m[NR_RRC] MeasurementReport Encoded 53 bits (7 bytes)
[0m[NR_MAC] UE 0 RNTI 275b stats sfn: 896.0, cumulated bad DCI 0
    DL Chan: SSB 0 SINR 46.3 dB RSRP -36 dBm, RI 0 CQI: N/A
    DL harq: 2548/0 avg code rate 0.1, avg bit/symbol 2.0, avg per TB: (nb RBs 6.0, nb symbols 11.9)
    UL harq: 15304/7 avg code rate 0.1, avg bit/symbol 2.0, avg per TB: (nb RBs 8.8, nb symbols 13.0)
[0m[NR_RRC] MeasurementReport Encoded 53 bits (7 bytes)
[0m[NR_MAC] UE 0 RNTI 275b stats sfn: 0.0, cumulated bad DCI 0
    DL Chan: SSB 0 SINR 44.1 dB RSRP -36 dBm, RI 0 CQI: N/A
    DL harq: 2550/0 avg code rate 0.1, avg bit/symbol 2.0, avg per TB: (nb RBs 6.0, nb symbols 11.9)
    UL harq: 15319/7 avg code rate 0.1, avg bit/symbol 2.0, avg per TB: (nb RBs 8.8, nb symbols 13.0)
[0m[NR_RRC] MeasurementReport Encoded 53 bits (7 bytes)
[0m[NR_MAC] UE 0 RNTI 275b stats sfn: 128.0, cumulated bad DCI 0
    DL Chan: SSB 0 SINR 46.3 dB RSRP -36 dBm, RI 0 CQI: N/A
    DL harq: 2554/0 avg code rate 0.1, avg bit/symbol 2.0, avg per TB: (nb RBs 6.0, nb symbols 11.9)
    UL harq: 15335/7 avg code rate 0.1, avg bit/symbol 2.0, avg per TB: (nb RBs 8.8, nb symbols 13.0)
[0m[NR_RRC] MeasurementReport Encoded 53 bits (7 bytes)
[0m[NR_RRC] MeasurementReport Encoded 53 bits (7 bytes)
[0m[NR_MAC] UE 0 RNTI 275b stats sfn: 256.0, cumulated bad DCI 0
    DL Chan: SSB 0 SINR 45.1 dB RSRP -36 dBm, RI 0 CQI: N/A
    DL harq: 2556/0 avg code rate 0.1, avg bit/symbol 2.0, avg per TB: (nb RBs 6.0, nb symbols 11.9)
    UL harq: 15350/7 avg code rate 0.1, avg bit/symbol 2.0, avg per TB: (nb RBs 8.8, nb symbols 13.0)
[0m[NR_RRC] MeasurementReport Encoded 53 bits (7 bytes)
[0m[NR_MAC] UE 0 RNTI 275b stats sfn: 384.0, cumulated bad DCI 0
    DL Chan: SSB 0 SINR 45.1 dB RSRP -36 dBm, RI 0 CQI: N/A
    DL harq: 2558/0 avg code rate 0.1, avg bit/symbol 2.0, avg per TB: (nb RBs 6.0, nb symbols 11.9)
    UL harq: 15364/7 avg code rate 0.1, avg bit/symbol 2.0, avg per TB: (nb RBs 8.8, nb symbols 13.0)
[0m[NR_RRC] MeasurementReport Encoded 53 bits (7 bytes)
[0m[NR_MAC] UE 0 RNTI 275b stats sfn: 512.0, cumulated bad DCI 0
    DL Chan: SSB 0 SINR 45.1 dB RSRP -36 dBm, RI 0 CQI: N/A
    DL harq: 2560/0 avg code rate 0.1, avg bit/symbol 2.0, avg per TB: (nb RBs 6.0, nb symbols 11.9)
    UL harq: 15379/7 avg code rate 0.1, avg bit/symbol 2.0, avg per TB: (nb RBs 8.8, nb symbols 13.0)
[0m[NR_RRC] MeasurementReport Encoded 53 bits (7 bytes)
[0m[NR_MAC] UE 0 RNTI 275b stats sfn: 640.0, cumulated bad DCI 0
    DL Chan: SSB 0 SINR 46.3 dB RSRP -36 dBm, RI 0 CQI: N/A
    DL harq: 2564/0 avg code rate 0.1, avg bit/symbol 2.0, avg per TB: (nb RBs 6.0, nb symbols 11.9)
    UL harq: 15394/7 avg code rate 0.1, avg bit/symbol 2.0, avg per TB: (nb RBs 8.8, nb symbols 13.0)
[0m[NR_RRC] MeasurementReport Encoded 53 bits (7 bytes)
[0m[NR_MAC] UE 0 RNTI 275b stats sfn: 768.0, cumulated bad DCI 0
    DL Chan: SSB 0 SINR 45.1 dB RSRP -36 dBm, RI 0 CQI: N/A
    DL harq: 2566/0 avg code rate 0.1, avg bit/symbol 2.0, avg per TB: (nb RBs 6.0, nb symbols 11.9)
    UL harq: 15408/7 avg code rate 0.1, avg bit/symbol 2.0, avg per TB: (nb RBs 8.8, nb symbols 13.0)
[0m[NR_RRC] MeasurementReport Encoded 53 bits (7 bytes)
[0m[NR_RRC] MeasurementReport Encoded 53 bits (7 bytes)
[0m[NR_MAC] UE 0 RNTI 275b stats sfn: 896.0, cumulated bad DCI 0
    DL Chan: SSB 0 SINR 46.3 dB RSRP -36 dBm, RI 0 CQI: N/A
    DL harq: 2568/0 avg code rate 0.1, avg bit/symbol 2.0, avg per TB: (nb RBs 6.0, nb symbols 11.9)
    UL harq: 15423/7 avg code rate 0.1, avg bit/symbol 2.0, avg per TB: (nb RBs 8.8, nb symbols 13.0)
[0m[NR_RRC] MeasurementReport Encoded 53 bits (7 bytes)
[0m[NR_MAC] UE 0 RNTI 275b stats sfn: 0.0, cumulated bad DCI 0
    DL Chan: SSB 0 SINR 45.1 dB RSRP -36 dBm, RI 0 CQI: N/A
    DL harq: 2571/0 avg code rate 0.1, avg bit/symbol 2.0, avg per TB: (nb RBs 6.0, nb symbols 11.9)
    UL harq: 15438/7 avg code rate 0.1, avg bit/symbol 2.0, avg per TB: (nb RBs 8.8, nb symbols 13.0)
[0m[NR_RRC] MeasurementReport Encoded 53 bits (7 bytes)
[0m[NR_MAC] UE 0 RNTI 275b stats sfn: 128.0, cumulated bad DCI 0
    DL Chan: SSB 0 SINR 45.1 dB RSRP -36 dBm, RI 0 CQI: N/A
    DL harq: 2574/0 avg code rate 0.1, avg bit/symbol 2.0, avg per TB: (nb RBs 6.0, nb symbols 11.9)
    UL harq: 15453/7 avg code rate 0.1, avg bit/symbol 2.0, avg per TB: (nb RBs 8.8, nb symbols 13.0)
[0m[NR_RRC] MeasurementReport Encoded 53 bits (7 bytes)
[0m[NR_MAC] UE 0 RNTI 275b stats sfn: 256.0, cumulated bad DCI 0
    DL Chan: SSB 0 SINR 45.1 dB RSRP -36 dBm, RI 0 CQI: N/A
    DL harq: 2576/0 avg code rate 0.1, avg bit/symbol 2.0, avg per TB: (nb RBs 6.0, nb symbols 11.9)
    UL harq: 15468/7 avg code rate 0.1, avg bit/symbol 2.0, avg per TB: (nb RBs 8.8, nb symbols 13.0)
[0m[NR_RRC] MeasurementReport Encoded 53 bits (7 bytes)
[0m[NR_RRC] MeasurementReport Encoded 53 bits (7 bytes)
[0m[NR_MAC] UE 0 RNTI 275b stats sfn: 384.0, cumulated bad DCI 0
    DL Chan: SSB 0 SINR 46.3 dB RSRP -36 dBm, RI 0 CQI: N/A
    DL harq: 2578/0 avg code rate 0.1, avg bit/symbol 2.0, avg per TB: (nb RBs 6.0, nb symbols 11.9)
    UL harq: 15483/7 avg code rate 0.1, avg bit/symbol 2.0, avg per TB: (nb RBs 8.8, nb symbols 13.0)
[0m[NR_RRC] MeasurementReport Encoded 53 bits (7 bytes)
[0m[NR_MAC] UE 0 RNTI 275b stats sfn: 512.0, cumulated bad DCI 0
    DL Chan: SSB 0 SINR 46.3 dB RSRP -36 dBm, RI 0 CQI: N/A
    DL harq: 2581/0 avg code rate 0.1, avg bit/symbol 2.0, avg per TB: (nb RBs 6.0, nb symbols 11.9)
    UL harq: 15498/7 avg code rate 0.1, avg bit/symbol 2.0, avg per TB: (nb RBs 8.8, nb symbols 13.0)
[0m[NR_RRC] MeasurementReport Encoded 53 bits (7 bytes)
[0m[NR_MAC] UE 0 RNTI 275b stats sfn: 640.0, cumulated bad DCI 0
    DL Chan: SSB 0 SINR 44.1 dB RSRP -36 dBm, RI 0 CQI: N/A
    DL harq: 2584/0 avg code rate 0.1, avg bit/symbol 2.0, avg per TB: (nb RBs 6.0, nb symbols 11.9)
    UL harq: 15513/7 avg code rate 0.1, avg bit/symbol 2.0, avg per TB: (nb RBs 8.8, nb symbols 13.0)
[0m[NR_RRC] MeasurementReport Encoded 53 bits (7 bytes)
[0m[NR_MAC] UE 0 RNTI 275b stats sfn: 768.0, cumulated bad DCI 0
    DL Chan: SSB 0 SINR 46.3 dB RSRP -36 dBm, RI 0 CQI: N/A
    DL harq: 2586/0 avg code rate 0.1, avg bit/symbol 2.0, avg per TB: (nb RBs 6.0, nb symbols 11.9)
    UL harq: 15527/7 avg code rate 0.1, avg bit/symbol 2.0, avg per TB: (nb RBs 8.8, nb symbols 13.0)
[0m[NR_RRC] MeasurementReport Encoded 53 bits (7 bytes)
[0m[NR_RRC] MeasurementReport Encoded 53 bits (7 bytes)
[0m[NR_MAC] UE 0 RNTI 275b stats sfn: 896.0, cumulated bad DCI 0
    DL Chan: SSB 0 SINR 44.1 dB RSRP -36 dBm, RI 0 CQI: N/A
    DL harq: 2588/0 avg code rate 0.1, avg bit/symbol 2.0, avg per TB: (nb RBs 6.0, nb symbols 11.9)
    UL harq: 15542/7 avg code rate 0.1, avg bit/symbol 2.0, avg per TB: (nb RBs 8.8, nb symbols 13.0)
[0m[NR_RRC] MeasurementReport Encoded 53 bits (7 bytes)
[0m[NR_MAC] UE 0 RNTI 275b stats sfn: 0.0, cumulated bad DCI 0
    DL Chan: SSB 0 SINR 44.1 dB RSRP -36 dBm, RI 0 CQI: N/A
    DL harq: 2591/0 avg code rate 0.1, avg bit/symbol 2.0, avg per TB: (nb RBs 6.0, nb symbols 11.9)
    UL harq: 15556/7 avg code rate 0.1, avg bit/symbol 2.0, avg per TB: (nb RBs 8.8, nb symbols 13.0)
[0m[NR_RRC] MeasurementReport Encoded 53 bits (7 bytes)
[0m[NR_MAC] UE 0 RNTI 275b stats sfn: 128.0, cumulated bad DCI 0
    DL Chan: SSB 0 SINR 43.3 dB RSRP -36 dBm, RI 0 CQI: N/A
    DL harq: 2594/0 avg code rate 0.1, avg bit/symbol 2.0, avg per TB: (nb RBs 6.0, nb symbols 11.9)
    UL harq: 15573/7 avg code rate 0.1, avg bit/symbol 2.0, avg per TB: (nb RBs 8.8, nb symbols 13.0)
[0m[NR_RRC] MeasurementReport Encoded 53 bits (7 bytes)
[0m[NR_MAC] UE 0 RNTI 275b stats sfn: 256.0, cumulated bad DCI 0
    DL Chan: SSB 0 SINR 46.3 dB RSRP -36 dBm, RI 0 CQI: N/A
    DL harq: 2596/0 avg code rate 0.1, avg bit/symbol 2.0, avg per TB: (nb RBs 6.0, nb symbols 11.9)
    UL harq: 15588/7 avg code rate 0.1, avg bit/symbol 2.0, avg per TB: (nb RBs 8.8, nb symbols 13.0)
[0m[NR_RRC] MeasurementReport Encoded 53 bits (7 bytes)
[0m[NR_RRC] MeasurementReport Encoded 53 bits (7 bytes)
[0m[NR_MAC] UE 0 RNTI 275b stats sfn: 384.0, cumulated bad DCI 0
    DL Chan: SSB 0 SINR 44.1 dB RSRP -36 dBm, RI 0 CQI: N/A
    DL harq: 2599/0 avg code rate 0.1, avg bit/symbol 2.0, avg per TB: (nb RBs 6.0, nb symbols 11.9)
    UL harq: 15601/7 avg code rate 0.1, avg bit/symbol 2.0, avg per TB: (nb RBs 8.8, nb symbols 13.0)
[0m[NR_RRC] MeasurementReport Encoded 53 bits (7 bytes)
[0m[NR_MAC] UE 0 RNTI 275b stats sfn: 512.0, cumulated bad DCI 0
    DL Chan: SSB 0 SINR 45.1 dB RSRP -36 dBm, RI 0 CQI: N/A
    DL harq: 2601/0 avg code rate 0.1, avg bit/symbol 2.0, avg per TB: (nb RBs 6.0, nb symbols 11.9)
    UL harq: 15616/7 avg code rate 0.1, avg bit/symbol 2.0, avg per TB: (nb RBs 8.7, nb symbols 13.0)
[0m[NR_RRC] MeasurementReport Encoded 53 bits (7 bytes)
[0m[NR_MAC] UE 0 RNTI 275b stats sfn: 640.0, cumulated bad DCI 0
    DL Chan: SSB 0 SINR 46.3 dB RSRP -36 dBm, RI 0 CQI: N/A
    DL harq: 2604/0 avg code rate 0.1, avg bit/symbol 2.0, avg per TB: (nb RBs 6.0, nb symbols 11.9)
    UL harq: 15632/7 avg code rate 0.1, avg bit/symbol 2.0, avg per TB: (nb RBs 8.7, nb symbols 13.0)
[0m[NR_RRC] MeasurementReport Encoded 53 bits (7 bytes)
[0m[NR_MAC] UE 0 RNTI 275b stats sfn: 768.0, cumulated bad DCI 0
    DL Chan: SSB 0 SINR 44.1 dB RSRP -36 dBm, RI 0 CQI: N/A
    DL harq: 2606/0 avg code rate 0.1, avg bit/symbol 2.0, avg per TB: (nb RBs 6.0, nb symbols 11.9)
    UL harq: 15646/7 avg code rate 0.1, avg bit/symbol 2.0, avg per TB: (nb RBs 8.7, nb symbols 13.0)
[0m[NR_RRC] MeasurementReport Encoded 53 bits (7 bytes)
[0m[NR_RRC] MeasurementReport Encoded 53 bits (7 bytes)
[0m[NR_MAC] UE 0 RNTI 275b stats sfn: 896.0, cumulated bad DCI 0
    DL Chan: SSB 0 SINR 44.1 dB RSRP -36 dBm, RI 0 CQI: N/A
    DL harq: 2609/0 avg code rate 0.1, avg bit/symbol 2.0, avg per TB: (nb RBs 6.0, nb symbols 11.9)
    UL harq: 15661/7 avg code rate 0.1, avg bit/symbol 2.0, avg per TB: (nb RBs 8.7, nb symbols 13.0)
[0m[NR_RRC] MeasurementReport Encoded 53 bits (7 bytes)
[0m[NR_MAC] UE 0 RNTI 275b stats sfn: 0.0, cumulated bad DCI 0
    DL Chan: SSB 0 SINR 45.1 dB RSRP -36 dBm, RI 0 CQI: N/A
    DL harq: 2611/0 avg code rate 0.1, avg bit/symbol 2.0, avg per TB: (nb RBs 6.0, nb symbols 11.9)
    UL harq: 15675/7 avg code rate 0.1, avg bit/symbol 2.0, avg per TB: (nb RBs 8.7, nb symbols 13.0)
[0m[NR_RRC] MeasurementReport Encoded 53 bits (7 bytes)
[0m[NR_MAC] UE 0 RNTI 275b stats sfn: 128.0, cumulated bad DCI 0
    DL Chan: SSB 0 SINR 46.3 dB RSRP -36 dBm, RI 0 CQI: N/A
    DL harq: 2613/0 avg code rate 0.1, avg bit/symbol 2.0, avg per TB: (nb RBs 6.0, nb symbols 11.9)
    UL harq: 15691/7 avg code rate 0.1, avg bit/symbol 2.0, avg per TB: (nb RBs 8.7, nb symbols 13.0)
[0m[NR_RRC] MeasurementReport Encoded 53 bits (7 bytes)
[0m[NR_MAC] UE 0 RNTI 275b stats sfn: 256.0, cumulated bad DCI 0
    DL Chan: SSB 0 SINR 45.1 dB RSRP -36 dBm, RI 0 CQI: N/A
    DL harq: 2617/0 avg code rate 0.1, avg bit/symbol 2.0, avg per TB: (nb RBs 6.0, nb symbols 11.9)
    UL harq: 15706/7 avg code rate 0.1, avg bit/symbol 2.0, avg per TB: (nb RBs 8.7, nb symbols 13.0)
[0m[NR_RRC] MeasurementReport Encoded 53 bits (7 bytes)
[0m[NR_RRC] MeasurementReport Encoded 53 bits (7 bytes)
[0m[NR_MAC] UE 0 RNTI 275b stats sfn: 384.0, cumulated bad DCI 0
    DL Chan: SSB 0 SINR 44.1 dB RSRP -36 dBm, RI 0 CQI: N/A
    DL harq: 2619/0 avg code rate 0.1, avg bit/symbol 2.0, avg per TB: (nb RBs 6.0, nb symbols 11.9)
    UL harq: 15721/7 avg code rate 0.1, avg bit/symbol 2.0, avg per TB: (nb RBs 8.7, nb symbols 13.0)
[0m[NR_RRC] MeasurementReport Encoded 53 bits (7 bytes)
[0m[NR_MAC] UE 0 RNTI 275b stats sfn: 512.0, cumulated bad DCI 0
    DL Chan: SSB 0 SINR 45.1 dB RSRP -36 dBm, RI 0 CQI: N/A
    DL harq: 2621/0 avg code rate 0.1, avg bit/symbol 2.0, avg per TB: (nb RBs 6.0, nb symbols 11.9)
    UL harq: 15736/7 avg code rate 0.1, avg bit/symbol 2.0, avg per TB: (nb RBs 8.7, nb symbols 13.0)
[0m[NR_RRC] MeasurementReport Encoded 53 bits (7 bytes)
[0m[NR_MAC] UE 0 RNTI 275b stats sfn: 640.0, cumulated bad DCI 0
    DL Chan: SSB 0 SINR 46.3 dB RSRP -36 dBm, RI 0 CQI: N/A
    DL harq: 2623/0 avg code rate 0.1, avg bit/symbol 2.0, avg per TB: (nb RBs 6.0, nb symbols 11.9)
    UL harq: 15750/7 avg code rate 0.1, avg bit/symbol 2.0, avg per TB: (nb RBs 8.7, nb symbols 13.0)
[0m[NR_RRC] MeasurementReport Encoded 53 bits (7 bytes)
[0m[NR_MAC] UE 0 RNTI 275b stats sfn: 768.0, cumulated bad DCI 0
    DL Chan: SSB 0 SINR 43.3 dB RSRP -36 dBm, RI 0 CQI: N/A
    DL harq: 2626/0 avg code rate 0.1, avg bit/symbol 2.0, avg per TB: (nb RBs 6.0, nb symbols 11.9)
    UL harq: 15765/7 avg code rate 0.1, avg bit/symbol 2.0, avg per TB: (nb RBs 8.7, nb symbols 13.0)
[0m[NR_RRC] MeasurementReport Encoded 53 bits (7 bytes)
[0m[NR_RRC] MeasurementReport Encoded 53 bits (7 bytes)
[0m[NR_MAC] UE 0 RNTI 275b stats sfn: 896.0, cumulated bad DCI 0
    DL Chan: SSB 0 SINR 44.1 dB RSRP -36 dBm, RI 0 CQI: N/A
    DL harq: 2628/0 avg code rate 0.1, avg bit/symbol 2.0, avg per TB: (nb RBs 6.0, nb symbols 11.9)
    UL harq: 15780/7 avg code rate 0.1, avg bit/symbol 2.0, avg per TB: (nb RBs 8.7, nb symbols 13.0)
[0m[NR_RRC] MeasurementReport Encoded 53 bits (7 bytes)
[0m[NR_MAC] UE 0 RNTI 275b stats sfn: 0.0, cumulated bad DCI 0
    DL Chan: SSB 0 SINR 44.1 dB RSRP -36 dBm, RI 0 CQI: N/A
    DL harq: 2630/0 avg code rate 0.1, avg bit/symbol 2.0, avg per TB: (nb RBs 6.0, nb symbols 11.9)
    UL harq: 15794/7 avg code rate 0.1, avg bit/symbol 2.0, avg per TB: (nb RBs 8.7, nb symbols 13.0)
[0m[NR_RRC] MeasurementReport Encoded 53 bits (7 bytes)
[0m[NR_MAC] UE 0 RNTI 275b stats sfn: 128.0, cumulated bad DCI 0
    DL Chan: SSB 0 SINR 46.3 dB RSRP -36 dBm, RI 0 CQI: N/A
    DL harq: 2633/0 avg code rate 0.1, avg bit/symbol 2.0, avg per TB: (nb RBs 6.0, nb symbols 11.9)
    UL harq: 15811/7 avg code rate 0.1, avg bit/symbol 2.0, avg per TB: (nb RBs 8.7, nb symbols 13.0)
[0m[NR_RRC] MeasurementReport Encoded 53 bits (7 bytes)
[0m[NR_MAC] UE 0 RNTI 275b stats sfn: 256.0, cumulated bad DCI 0
    DL Chan: SSB 0 SINR 46.3 dB RSRP -36 dBm, RI 0 CQI: N/A
    DL harq: 2636/0 avg code rate 0.1, avg bit/symbol 2.0, avg per TB: (nb RBs 6.0, nb symbols 11.9)
    UL harq: 15825/7 avg code rate 0.1, avg bit/symbol 2.0, avg per TB: (nb RBs 8.7, nb symbols 13.0)
[0m[NR_RRC] MeasurementReport Encoded 53 bits (7 bytes)
[0m[NR_RRC] MeasurementReport Encoded 53 bits (7 bytes)
[0m[NR_MAC] UE 0 RNTI 275b stats sfn: 384.0, cumulated bad DCI 0
    DL Chan: SSB 0 SINR 46.3 dB RSRP -36 dBm, RI 0 CQI: N/A
    DL harq: 2638/0 avg code rate 0.1, avg bit/symbol 2.0, avg per TB: (nb RBs 6.0, nb symbols 11.9)
    UL harq: 15839/7 avg code rate 0.1, avg bit/symbol 2.0, avg per TB: (nb RBs 8.7, nb symbols 13.0)
[0m[NR_RRC] MeasurementReport Encoded 53 bits (7 bytes)
[0m[NR_MAC] UE 0 RNTI 275b stats sfn: 512.0, cumulated bad DCI 0
    DL Chan: SSB 0 SINR 46.3 dB RSRP -36 dBm, RI 0 CQI: N/A
    DL harq: 2640/0 avg code rate 0.1, avg bit/symbol 2.0, avg per TB: (nb RBs 6.0, nb symbols 11.9)
    UL harq: 15854/7 avg code rate 0.1, avg bit/symbol 2.0, avg per TB: (nb RBs 8.7, nb symbols 13.0)
[0m[NR_RRC] MeasurementReport Encoded 53 bits (7 bytes)
[0m[NR_MAC] UE 0 RNTI 275b stats sfn: 640.0, cumulated bad DCI 0
    DL Chan: SSB 0 SINR 46.3 dB RSRP -36 dBm, RI 0 CQI: N/A
    DL harq: 2643/0 avg code rate 0.1, avg bit/symbol 2.0, avg per TB: (nb RBs 6.0, nb symbols 11.9)
    UL harq: 15870/7 avg code rate 0.1, avg bit/symbol 2.0, avg per TB: (nb RBs 8.7, nb symbols 13.0)
[0m[NR_RRC] MeasurementReport Encoded 53 bits (7 bytes)
[0m[NR_MAC] UE 0 RNTI 275b stats sfn: 768.0, cumulated bad DCI 0
    DL Chan: SSB 0 SINR 46.3 dB RSRP -36 dBm, RI 0 CQI: N/A
    DL harq: 2646/0 avg code rate 0.1, avg bit/symbol 2.0, avg per TB: (nb RBs 6.0, nb symbols 11.9)
    UL harq: 15884/7 avg code rate 0.1, avg bit/symbol 2.0, avg per TB: (nb RBs 8.7, nb symbols 13.0)
[0m[NR_RRC] MeasurementReport Encoded 53 bits (7 bytes)
[0m[NR_MAC] UE 0 RNTI 275b stats sfn: 896.0, cumulated bad DCI 0
    DL Chan: SSB 0 SINR 45.1 dB RSRP -36 dBm, RI 0 CQI: N/A
    DL harq: 2648/0 avg code rate 0.1, avg bit/symbol 2.0, avg per TB: (nb RBs 6.0, nb symbols 11.9)
    UL harq: 15898/7 avg code rate 0.1, avg bit/symbol 2.0, avg per TB: (nb RBs 8.7, nb symbols 13.0)
[0m[NR_RRC] MeasurementReport Encoded 53 bits (7 bytes)
[0m[NR_RRC] MeasurementReport Encoded 53 bits (7 bytes)
[0m[NR_MAC] UE 0 RNTI 275b stats sfn: 0.0, cumulated bad DCI 0
    DL Chan: SSB 0 SINR 45.1 dB RSRP -36 dBm, RI 0 CQI: N/A
    DL harq: 2650/0 avg code rate 0.1, avg bit/symbol 2.0, avg per TB: (nb RBs 6.0, nb symbols 11.9)
    UL harq: 15913/7 avg code rate 0.1, avg bit/symbol 2.0, avg per TB: (nb RBs 8.7, nb symbols 13.0)
[0m[NR_RRC] [UE 0] 65:0 Decoding SI
[0m[32m[NR_RRC] Found SIB19
[0m[NR_RRC] Get EPOCHTIME: x:10, N:10, slot_endw:10, frame:66, subframe:0 , slot:0
[0m[NR_RRC] Epoch frame 66 ahead by 1 frames
[0m[NR_RRC] val430:240 s, T430:240010 ms, sib19_timer:120010 ms
[0m[NR_MAC] NTN Config Rxd. Epoch HFN: 118, Epoch SFN: 66, Epoch Subframe: 0, k_offset: 478ms, N_Common_Ta: 238.740000ms, drift: 0.000000µs/s, variant: 0.000000µs/s²
[0m[NR_MAC] Satellite orbital radius 42163999.800000 m, pos_sat_0 = {0.000000, 0.000000, 42163999.800000}, pos_sat_90 = {0.000000, 0.000000, 42163999.800000}
[0m[NR_MAC] Satellite velocity 0.000000 m/s, angular velocity = 0.000000e+00 rad/ms, vel_sat_0 = {0.000000, 0.000000, 0.000000}, vel_sat_90 = {0.000000, 0.000000, 0.000000}
[0m[PHY]    k_offset: 478ms, N_Common_Ta: 238.740000ms, drift: 0.000000µs/s, variant: 0.000000µs/s², timing_advance_ntn: 3667039 samples, DL Doppler shift: 0.000000kHz, UL Doppler shift: 0.000000kHz
[0m[NR_RRC] MeasurementReport Encoded 53 bits (7 bytes)
[0m[NR_MAC] UE 0 RNTI 275b stats sfn: 128.0, cumulated bad DCI 0
    DL Chan: SSB 0 SINR 45.1 dB RSRP -36 dBm, RI 0 CQI: N/A
    DL harq: 2653/0 avg code rate 0.1, avg bit/symbol 2.0, avg per TB: (nb RBs 6.0, nb symbols 11.9)
    UL harq: 15928/7 avg code rate 0.1, avg bit/symbol 2.0, avg per TB: (nb RBs 8.7, nb symbols 13.0)
[0m[NR_RRC] MeasurementReport Encoded 53 bits (7 bytes)
[0m[NR_MAC] UE 0 RNTI 275b stats sfn: 256.0, cumulated bad DCI 0
    DL Chan: SSB 0 SINR 45.1 dB RSRP -36 dBm, RI 0 CQI: N/A
    DL harq: 2656/0 avg code rate 0.1, avg bit/symbol 2.0, avg per TB: (nb RBs 6.0, nb symbols 11.9)
    UL harq: 15944/7 avg code rate 0.1, avg bit/symbol 2.0, avg per TB: (nb RBs 8.7, nb symbols 13.0)
[0m[NR_RRC] MeasurementReport Encoded 53 bits (7 bytes)
[0m[NR_MAC] UE 0 RNTI 275b stats sfn: 384.0, cumulated bad DCI 0
    DL Chan: SSB 0 SINR 46.3 dB RSRP -36 dBm, RI 0 CQI: N/A
    DL harq: 2658/0 avg code rate 0.1, avg bit/symbol 2.0, avg per TB: (nb RBs 6.0, nb symbols 11.9)
    UL harq: 15959/7 avg code rate 0.1, avg bit/symbol 2.0, avg per TB: (nb RBs 8.7, nb symbols 13.0)
[0m[NR_RRC] MeasurementReport Encoded 53 bits (7 bytes)
[0m[NR_RRC] MeasurementReport Encoded 53 bits (7 bytes)
[0m[NR_MAC] UE 0 RNTI 275b stats sfn: 512.0, cumulated bad DCI 0
    DL Chan: SSB 0 SINR 46.3 dB RSRP -36 dBm, RI 0 CQI: N/A
    DL harq: 2661/0 avg code rate 0.1, avg bit/symbol 2.0, avg per TB: (nb RBs 6.0, nb symbols 11.9)
    UL harq: 15973/7 avg code rate 0.1, avg bit/symbol 2.0, avg per TB: (nb RBs 8.7, nb symbols 13.0)
[0m[NR_RRC] MeasurementReport Encoded 53 bits (7 bytes)
[0m[NR_MAC] UE 0 RNTI 275b stats sfn: 640.0, cumulated bad DCI 0
    DL Chan: SSB 0 SINR 45.1 dB RSRP -36 dBm, RI 0 CQI: N/A
    DL harq: 2663/0 avg code rate 0.1, avg bit/symbol 2.0, avg per TB: (nb RBs 6.0, nb symbols 11.9)
    UL harq: 15987/7 avg code rate 0.1, avg bit/symbol 2.0, avg per TB: (nb RBs 8.7, nb symbols 13.0)
[0m[NR_RRC] MeasurementReport Encoded 53 bits (7 bytes)
[0m[NR_MAC] UE 0 RNTI 275b stats sfn: 768.0, cumulated bad DCI 0
    DL Chan: SSB 0 SINR 45.1 dB RSRP -36 dBm, RI 0 CQI: N/A
    DL harq: 2666/0 avg code rate 0.1, avg bit/symbol 2.0, avg per TB: (nb RBs 6.0, nb symbols 11.9)
    UL harq: 16003/7 avg code rate 0.1, avg bit/symbol 2.0, avg per TB: (nb RBs 8.7, nb symbols 13.0)
[0m[NR_RRC] MeasurementReport Encoded 53 bits (7 bytes)
[0m[NR_MAC] UE 0 RNTI 275b stats sfn: 896.0, cumulated bad DCI 0
    DL Chan: SSB 0 SINR 46.3 dB RSRP -36 dBm, RI 0 CQI: N/A
    DL harq: 2668/0 avg code rate 0.1, avg bit/symbol 2.0, avg per TB: (nb RBs 6.0, nb symbols 11.9)
    UL harq: 16018/7 avg code rate 0.1, avg bit/symbol 2.0, avg per TB: (nb RBs 8.7, nb symbols 13.0)
[0m[NR_RRC] MeasurementReport Encoded 53 bits (7 bytes)
[0m[NR_RRC] MeasurementReport Encoded 53 bits (7 bytes)
[0m[NR_MAC] UE 0 RNTI 275b stats sfn: 0.0, cumulated bad DCI 0
    DL Chan: SSB 0 SINR 44.1 dB RSRP -36 dBm, RI 0 CQI: N/A
    DL harq: 2671/0 avg code rate 0.1, avg bit/symbol 2.0, avg per TB: (nb RBs 6.0, nb symbols 11.9)
    UL harq: 16032/7 avg code rate 0.1, avg bit/symbol 2.0, avg per TB: (nb RBs 8.7, nb symbols 13.0)
[0m[NR_RRC] MeasurementReport Encoded 53 bits (7 bytes)
[0m[NR_MAC] UE 0 RNTI 275b stats sfn: 128.0, cumulated bad DCI 0
    DL Chan: SSB 0 SINR 44.1 dB RSRP -36 dBm, RI 0 CQI: N/A
    DL harq: 2673/0 avg code rate 0.1, avg bit/symbol 2.0, avg per TB: (nb RBs 6.0, nb symbols 11.9)
    UL harq: 16046/7 avg code rate 0.1, avg bit/symbol 2.0, avg per TB: (nb RBs 8.6, nb symbols 13.0)
[0m[NR_RRC] MeasurementReport Encoded 53 bits (7 bytes)
[0m[NR_MAC] UE 0 RNTI 275b stats sfn: 256.0, cumulated bad DCI 0
    DL Chan: SSB 0 SINR 45.1 dB RSRP -36 dBm, RI 0 CQI: N/A
    DL harq: 2676/0 avg code rate 0.1, avg bit/symbol 2.0, avg per TB: (nb RBs 6.0, nb symbols 11.9)
    UL harq: 16063/7 avg code rate 0.1, avg bit/symbol 2.0, avg per TB: (nb RBs 8.6, nb symbols 13.0)
[0m[NR_RRC] MeasurementReport Encoded 53 bits (7 bytes)
[0m[NR_MAC] UE 0 RNTI 275b stats sfn: 384.0, cumulated bad DCI 0
    DL Chan: SSB 0 SINR 45.1 dB RSRP -36 dBm, RI 0 CQI: N/A
    DL harq: 2679/0 avg code rate 0.1, avg bit/symbol 2.0, avg per TB: (nb RBs 6.0, nb symbols 11.9)
    UL harq: 16077/7 avg code rate 0.1, avg bit/symbol 2.0, avg per TB: (nb RBs 8.6, nb symbols 13.0)
[0m[NR_RRC] MeasurementReport Encoded 53 bits (7 bytes)
[0m[NR_RRC] MeasurementReport Encoded 53 bits (7 bytes)
[0m[NR_MAC] UE 0 RNTI 275b stats sfn: 512.0, cumulated bad DCI 0
    DL Chan: SSB 0 SINR 45.1 dB RSRP -36 dBm, RI 0 CQI: N/A
    DL harq: 2681/0 avg code rate 0.1, avg bit/symbol 2.0, avg per TB: (nb RBs 6.0, nb symbols 11.9)
    UL harq: 16092/7 avg code rate 0.1, avg bit/symbol 2.0, avg per TB: (nb RBs 8.6, nb symbols 13.0)
[0m[NR_RRC] MeasurementReport Encoded 53 bits (7 bytes)
[0m[NR_MAC] UE 0 RNTI 275b stats sfn: 640.0, cumulated bad DCI 0
    DL Chan: SSB 0 SINR 46.3 dB RSRP -36 dBm, RI 0 CQI: N/A
    DL harq: 2683/0 avg code rate 0.1, avg bit/symbol 2.0, avg per TB: (nb RBs 6.0, nb symbols 11.9)
    UL harq: 16107/7 avg code rate 0.1, avg bit/symbol 2.0, avg per TB: (nb RBs 8.6, nb symbols 13.0)
[0m[NR_RRC] MeasurementReport Encoded 53 bits (7 bytes)
[0m[NR_MAC] UE 0 RNTI 275b stats sfn: 768.0, cumulated bad DCI 0
    DL Chan: SSB 0 SINR 45.1 dB RSRP -36 dBm, RI 0 CQI: N/A
    DL harq: 2685/0 avg code rate 0.1, avg bit/symbol 2.0, avg per TB: (nb RBs 5.9, nb symbols 11.9)
    UL harq: 16121/7 avg code rate 0.1, avg bit/symbol 2.0, avg per TB: (nb RBs 8.6, nb symbols 13.0)
[0m[NR_RRC] MeasurementReport Encoded 53 bits (7 bytes)
[0m[NR_MAC] UE 0 RNTI 275b stats sfn: 896.0, cumulated bad DCI 0
    DL Chan: SSB 0 SINR 43.3 dB RSRP -36 dBm, RI 0 CQI: N/A
    DL harq: 2689/0 avg code rate 0.1, avg bit/symbol 2.0, avg per TB: (nb RBs 5.9, nb symbols 11.9)
    UL harq: 16136/7 avg code rate 0.1, avg bit/symbol 2.0, avg per TB: (nb RBs 8.6, nb symbols 13.0)
[0m[NR_RRC] MeasurementReport Encoded 53 bits (7 bytes)
[0m[NR_RRC] MeasurementReport Encoded 53 bits (7 bytes)
[0m[NR_MAC] UE 0 RNTI 275b stats sfn: 0.0, cumulated bad DCI 0
    DL Chan: SSB 0 SINR 44.1 dB RSRP -36 dBm, RI 0 CQI: N/A
    DL harq: 2691/0 avg code rate 0.1, avg bit/symbol 2.0, avg per TB: (nb RBs 5.9, nb symbols 11.9)
    UL harq: 16151/7 avg code rate 0.1, avg bit/symbol 2.0, avg per TB: (nb RBs 8.6, nb symbols 13.0)
[0m[NR_RRC] MeasurementReport Encoded 53 bits (7 bytes)
[0m[NR_MAC] UE 0 RNTI 275b stats sfn: 128.0, cumulated bad DCI 0
    DL Chan: SSB 0 SINR 44.1 dB RSRP -36 dBm, RI 0 CQI: N/A
    DL harq: 2693/0 avg code rate 0.1, avg bit/symbol 2.0, avg per TB: (nb RBs 5.9, nb symbols 11.9)
    UL harq: 16166/7 avg code rate 0.1, avg bit/symbol 2.0, avg per TB: (nb RBs 8.6, nb symbols 13.0)
[0m[NR_RRC] MeasurementReport Encoded 53 bits (7 bytes)
[0m[NR_MAC] UE 0 RNTI 275b stats sfn: 256.0, cumulated bad DCI 0
    DL Chan: SSB 0 SINR 45.1 dB RSRP -36 dBm, RI 0 CQI: N/A
    DL harq: 2697/0 avg code rate 0.1, avg bit/symbol 2.0, avg per TB: (nb RBs 5.9, nb symbols 11.9)
    UL harq: 16182/7 avg code rate 0.1, avg bit/symbol 2.0, avg per TB: (nb RBs 8.6, nb symbols 13.0)
[0m[NR_RRC] MeasurementReport Encoded 53 bits (7 bytes)
[0m[NR_MAC] UE 0 RNTI 275b stats sfn: 384.0, cumulated bad DCI 0
    DL Chan: SSB 0 SINR 45.1 dB RSRP -36 dBm, RI 0 CQI: N/A
    DL harq: 2699/0 avg code rate 0.1, avg bit/symbol 2.0, avg per TB: (nb RBs 5.9, nb symbols 11.9)
    UL harq: 16196/7 avg code rate 0.1, avg bit/symbol 2.0, avg per TB: (nb RBs 8.6, nb symbols 13.0)
[0m[NR_RRC] MeasurementReport Encoded 53 bits (7 bytes)
[0m[NR_RRC] MeasurementReport Encoded 53 bits (7 bytes)
[0m[NR_MAC] UE 0 RNTI 275b stats sfn: 512.0, cumulated bad DCI 0
    DL Chan: SSB 0 SINR 44.1 dB RSRP -36 dBm, RI 0 CQI: N/A
    DL harq: 2701/0 avg code rate 0.1, avg bit/symbol 2.0, avg per TB: (nb RBs 5.9, nb symbols 11.9)
    UL harq: 16211/7 avg code rate 0.1, avg bit/symbol 2.0, avg per TB: (nb RBs 8.6, nb symbols 13.0)
[0m[NR_RRC] MeasurementReport Encoded 53 bits (7 bytes)
[0m[NR_MAC] UE 0 RNTI 275b stats sfn: 640.0, cumulated bad DCI 0
    DL Chan: SSB 0 SINR 46.3 dB RSRP -36 dBm, RI 0 CQI: N/A
    DL harq: 2703/0 avg code rate 0.1, avg bit/symbol 2.0, avg per TB: (nb RBs 5.9, nb symbols 11.9)
    UL harq: 16225/7 avg code rate 0.1, avg bit/symbol 2.0, avg per TB: (nb RBs 8.6, nb symbols 13.0)
[0m[NR_RRC] MeasurementReport Encoded 53 bits (7 bytes)
[0m[NR_MAC] UE 0 RNTI 275b stats sfn: 768.0, cumulated bad DCI 0
    DL Chan: SSB 0 SINR 45.1 dB RSRP -36 dBm, RI 0 CQI: N/A
    DL harq: 2706/0 avg code rate 0.1, avg bit/symbol 2.0, avg per TB: (nb RBs 5.9, nb symbols 11.9)
    UL harq: 16241/7 avg code rate 0.1, avg bit/symbol 2.0, avg per TB: (nb RBs 8.6, nb symbols 13.0)
[0m[NR_RRC] MeasurementReport Encoded 53 bits (7 bytes)
[0m[NR_MAC] UE 0 RNTI 275b stats sfn: 896.0, cumulated bad DCI 0
    DL Chan: SSB 0 SINR 45.1 dB RSRP -36 dBm, RI 0 CQI: N/A
    DL harq: 2709/0 avg code rate 0.1, avg bit/symbol 2.0, avg per TB: (nb RBs 5.9, nb symbols 11.9)
    UL harq: 16256/7 avg code rate 0.1, avg bit/symbol 2.0, avg per TB: (nb RBs 8.6, nb symbols 13.0)
[0m[NR_RRC] MeasurementReport Encoded 53 bits (7 bytes)
[0m[NR_RRC] MeasurementReport Encoded 53 bits (7 bytes)
[0m[NR_MAC] UE 0 RNTI 275b stats sfn: 0.0, cumulated bad DCI 0
    DL Chan: SSB 0 SINR 45.1 dB RSRP -36 dBm, RI 0 CQI: N/A
    DL harq: 2711/0 avg code rate 0.1, avg bit/symbol 2.0, avg per TB: (nb RBs 5.9, nb symbols 11.9)
    UL harq: 16269/7 avg code rate 0.1, avg bit/symbol 2.0, avg per TB: (nb RBs 8.6, nb symbols 13.0)
[0m[NR_RRC] MeasurementReport Encoded 53 bits (7 bytes)
[0m[NR_MAC] UE 0 RNTI 275b stats sfn: 128.0, cumulated bad DCI 0
    DL Chan: SSB 0 SINR 45.1 dB RSRP -36 dBm, RI 0 CQI: N/A
    DL harq: 2713/0 avg code rate 0.1, avg bit/symbol 2.0, avg per TB: (nb RBs 5.9, nb symbols 11.9)
    UL harq: 16284/7 avg code rate 0.1, avg bit/symbol 2.0, avg per TB: (nb RBs 8.6, nb symbols 13.0)
[0m[NR_RRC] MeasurementReport Encoded 53 bits (7 bytes)
[0m[NR_MAC] UE 0 RNTI 275b stats sfn: 256.0, cumulated bad DCI 0
    DL Chan: SSB 0 SINR 46.3 dB RSRP -36 dBm, RI 0 CQI: N/A
    DL harq: 2716/0 avg code rate 0.1, avg bit/symbol 2.0, avg per TB: (nb RBs 5.9, nb symbols 11.9)
    UL harq: 16301/7 avg code rate 0.1, avg bit/symbol 2.0, avg per TB: (nb RBs 8.6, nb symbols 13.0)
[0m[NR_RRC] MeasurementReport Encoded 53 bits (7 bytes)
[0m[NR_MAC] UE 0 RNTI 275b stats sfn: 384.0, cumulated bad DCI 0
    DL Chan: SSB 0 SINR 44.1 dB RSRP -36 dBm, RI 0 CQI: N/A
    DL harq: 2719/0 avg code rate 0.1, avg bit/symbol 2.0, avg per TB: (nb RBs 5.9, nb symbols 11.9)
    UL harq: 16315/7 avg code rate 0.1, avg bit/symbol 2.0, avg per TB: (nb RBs 8.6, nb symbols 13.0)
[0m[NR_RRC] MeasurementReport Encoded 53 bits (7 bytes)
[0m[NR_RRC] MeasurementReport Encoded 53 bits (7 bytes)
[0m[NR_MAC] UE 0 RNTI 275b stats sfn: 512.0, cumulated bad DCI 0
    DL Chan: SSB 0 SINR 43.3 dB RSRP -36 dBm, RI 0 CQI: N/A
    DL harq: 2721/0 avg code rate 0.1, avg bit/symbol 2.0, avg per TB: (nb RBs 5.9, nb symbols 11.9)
    UL harq: 16330/7 avg code rate 0.1, avg bit/symbol 2.0, avg per TB: (nb RBs 8.6, nb symbols 13.0)
[0m[NR_RRC] MeasurementReport Encoded 53 bits (7 bytes)
[0m[NR_MAC] UE 0 RNTI 275b stats sfn: 640.0, cumulated bad DCI 0
    DL Chan: SSB 0 SINR 43.3 dB RSRP -36 dBm, RI 0 CQI: N/A
    DL harq: 2724/0 avg code rate 0.1, avg bit/symbol 2.0, avg per TB: (nb RBs 5.9, nb symbols 11.9)
    UL harq: 16344/7 avg code rate 0.1, avg bit/symbol 2.0, avg per TB: (nb RBs 8.6, nb symbols 13.0)
[0m[NR_RRC] MeasurementReport Encoded 53 bits (7 bytes)
[0m[NR_MAC] UE 0 RNTI 275b stats sfn: 768.0, cumulated bad DCI 0
    DL Chan: SSB 0 SINR 46.3 dB RSRP -36 dBm, RI 0 CQI: N/A
    DL harq: 2726/0 avg code rate 0.1, avg bit/symbol 2.0, avg per TB: (nb RBs 5.9, nb symbols 11.9)
    UL harq: 16358/7 avg code rate 0.1, avg bit/symbol 2.0, avg per TB: (nb RBs 8.6, nb symbols 13.0)
[0m[NR_RRC] MeasurementReport Encoded 53 bits (7 bytes)
[0m[NR_MAC] UE 0 RNTI 275b stats sfn: 896.0, cumulated bad DCI 0
    DL Chan: SSB 0 SINR 45.1 dB RSRP -36 dBm, RI 0 CQI: N/A
    DL harq: 2729/0 avg code rate 0.1, avg bit/symbol 2.0, avg per TB: (nb RBs 5.9, nb symbols 11.9)
    UL harq: 16374/7 avg code rate 0.1, avg bit/symbol 2.0, avg per TB: (nb RBs 8.6, nb symbols 13.0)
[0m[NR_RRC] MeasurementReport Encoded 53 bits (7 bytes)
[0m[NR_RRC] MeasurementReport Encoded 53 bits (7 bytes)
[0m[NR_MAC] UE 0 RNTI 275b stats sfn: 0.0, cumulated bad DCI 0
    DL Chan: SSB 0 SINR 46.3 dB RSRP -36 dBm, RI 0 CQI: N/A
    DL harq: 2731/0 avg code rate 0.1, avg bit/symbol 2.0, avg per TB: (nb RBs 5.9, nb symbols 11.9)
    UL harq: 16389/7 avg code rate 0.1, avg bit/symbol 2.0, avg per TB: (nb RBs 8.6, nb symbols 13.0)
[0m[NR_RRC] MeasurementReport Encoded 53 bits (7 bytes)
[0m[NR_MAC] UE 0 RNTI 275b stats sfn: 128.0, cumulated bad DCI 0
    DL Chan: SSB 0 SINR 45.1 dB RSRP -36 dBm, RI 0 CQI: N/A
    DL harq: 2734/0 avg code rate 0.1, avg bit/symbol 2.0, avg per TB: (nb RBs 5.9, nb symbols 11.9)
    UL harq: 16404/7 avg code rate 0.1, avg bit/symbol 2.0, avg per TB: (nb RBs 8.6, nb symbols 13.0)
[0m[NR_RRC] MeasurementReport Encoded 53 bits (7 bytes)
[0m[NR_MAC] UE 0 RNTI 275b stats sfn: 256.0, cumulated bad DCI 0
    DL Chan: SSB 0 SINR 46.3 dB RSRP -36 dBm, RI 0 CQI: N/A
    DL harq: 2736/0 avg code rate 0.1, avg bit/symbol 2.0, avg per TB: (nb RBs 5.9, nb symbols 11.9)
    UL harq: 16418/7 avg code rate 0.1, avg bit/symbol 2.0, avg per TB: (nb RBs 8.6, nb symbols 13.0)
[0m[NR_RRC] MeasurementReport Encoded 53 bits (7 bytes)
[0m[NR_MAC] UE 0 RNTI 275b stats sfn: 384.0, cumulated bad DCI 0
    DL Chan: SSB 0 SINR 45.1 dB RSRP -36 dBm, RI 0 CQI: N/A
    DL harq: 2739/0 avg code rate 0.1, avg bit/symbol 2.0, avg per TB: (nb RBs 5.9, nb symbols 11.9)
    UL harq: 16434/7 avg code rate 0.1, avg bit/symbol 2.0, avg per TB: (nb RBs 8.6, nb symbols 13.0)
[0m[NR_RRC] MeasurementReport Encoded 53 bits (7 bytes)
[0m[NR_MAC] UE 0 RNTI 275b stats sfn: 512.0, cumulated bad DCI 0
    DL Chan: SSB 0 SINR 44.1 dB RSRP -36 dBm, RI 0 CQI: N/A
    DL harq: 2742/0 avg code rate 0.1, avg bit/symbol 2.0, avg per TB: (nb RBs 5.9, nb symbols 11.9)
    UL harq: 16449/7 avg code rate 0.1, avg bit/symbol 2.0, avg per TB: (nb RBs 8.6, nb symbols 13.0)
[0m[NR_RRC] MeasurementReport Encoded 53 bits (7 bytes)
[0m[NR_RRC] MeasurementReport Encoded 53 bits (7 bytes)
[0m[NR_MAC] UE 0 RNTI 275b stats sfn: 640.0, cumulated bad DCI 0
    DL Chan: SSB 0 SINR 44.1 dB RSRP -36 dBm, RI 0 CQI: N/A
    DL harq: 2744/0 avg code rate 0.1, avg bit/symbol 2.0, avg per TB: (nb RBs 5.9, nb symbols 11.9)
    UL harq: 16463/7 avg code rate 0.1, avg bit/symbol 2.0, avg per TB: (nb RBs 8.6, nb symbols 13.0)
[0m[NR_RRC] MeasurementReport Encoded 53 bits (7 bytes)
[0m[NR_MAC] UE 0 RNTI 275b stats sfn: 768.0, cumulated bad DCI 0
    DL Chan: SSB 0 SINR 45.1 dB RSRP -36 dBm, RI 0 CQI: N/A
    DL harq: 2746/0 avg code rate 0.1, avg bit/symbol 2.0, avg per TB: (nb RBs 5.9, nb symbols 11.9)
    UL harq: 16477/7 avg code rate 0.1, avg bit/symbol 2.0, avg per TB: (nb RBs 8.6, nb symbols 13.0)
[0m[NR_RRC] MeasurementReport Encoded 53 bits (7 bytes)
[0m[NR_MAC] UE 0 RNTI 275b stats sfn: 896.0, cumulated bad DCI 0
    DL Chan: SSB 0 SINR 46.3 dB RSRP -36 dBm, RI 0 CQI: N/A
    DL harq: 2749/0 avg code rate 0.1, avg bit/symbol 2.0, avg per TB: (nb RBs 5.9, nb symbols 11.9)
    UL harq: 16493/7 avg code rate 0.1, avg bit/symbol 2.0, avg per TB: (nb RBs 8.5, nb symbols 13.0)
[0m[NR_RRC] MeasurementReport Encoded 53 bits (7 bytes)
[0m[NR_MAC] UE 0 RNTI 275b stats sfn: 0.0, cumulated bad DCI 0
    DL Chan: SSB 0 SINR 46.3 dB RSRP -36 dBm, RI 0 CQI: N/A
    DL harq: 2752/0 avg code rate 0.1, avg bit/symbol 2.0, avg per TB: (nb RBs 5.9, nb symbols 11.9)
    UL harq: 16507/7 avg code rate 0.1, avg bit/symbol 2.0, avg per TB: (nb RBs 8.5, nb symbols 13.0)
[0m[NR_RRC] MeasurementReport Encoded 53 bits (7 bytes)
[0m[NR_RRC] MeasurementReport Encoded 53 bits (7 bytes)
[0m[NR_MAC] UE 0 RNTI 275b stats sfn: 128.0, cumulated bad DCI 0
    DL Chan: SSB 0 SINR 46.3 dB RSRP -36 dBm, RI 0 CQI: N/A
    DL harq: 2754/0 avg code rate 0.1, avg bit/symbol 2.0, avg per TB: (nb RBs 5.9, nb symbols 11.9)
    UL harq: 16522/7 avg code rate 0.1, avg bit/symbol 2.0, avg per TB: (nb RBs 8.5, nb symbols 13.0)
[0m[NR_RRC] MeasurementReport Encoded 53 bits (7 bytes)
[0m[NR_MAC] UE 0 RNTI 275b stats sfn: 256.0, cumulated bad DCI 0
    DL Chan: SSB 0 SINR 46.3 dB RSRP -36 dBm, RI 0 CQI: N/A
    DL harq: 2756/0 avg code rate 0.1, avg bit/symbol 2.0, avg per TB: (nb RBs 5.9, nb symbols 11.9)
    UL harq: 16537/7 avg code rate 0.1, avg bit/symbol 2.0, avg per TB: (nb RBs 8.5, nb symbols 13.0)
[0m[NR_RRC] MeasurementReport Encoded 53 bits (7 bytes)
[0m[NR_MAC] UE 0 RNTI 275b stats sfn: 384.0, cumulated bad DCI 0
    DL Chan: SSB 0 SINR 48.1 dB RSRP -36 dBm, RI 0 CQI: N/A
    DL harq: 2760/0 avg code rate 0.1, avg bit/symbol 2.0, avg per TB: (nb RBs 5.9, nb symbols 11.9)
    UL harq: 16553/7 avg code rate 0.1, avg bit/symbol 2.0, avg per TB: (nb RBs 8.5, nb symbols 13.0)
[0m[NR_RRC] MeasurementReport Encoded 53 bits (7 bytes)
[0m[NR_MAC] UE 0 RNTI 275b stats sfn: 512.0, cumulated bad DCI 0
    DL Chan: SSB 0 SINR 48.1 dB RSRP -36 dBm, RI 0 CQI: N/A
    DL harq: 2762/0 avg code rate 0.1, avg bit/symbol 2.0, avg per TB: (nb RBs 5.9, nb symbols 11.9)
    UL harq: 16567/7 avg code rate 0.1, avg bit/symbol 2.0, avg per TB: (nb RBs 8.5, nb symbols 13.0)
[0m[NR_RRC] MeasurementReport Encoded 53 bits (7 bytes)
[0m[NR_RRC] MeasurementReport Encoded 53 bits (7 bytes)
[0m[NR_MAC] UE 0 RNTI 275b stats sfn: 640.0, cumulated bad DCI 0
    DL Chan: SSB 0 SINR 45.1 dB RSRP -36 dBm, RI 0 CQI: N/A
    DL harq: 2764/0 avg code rate 0.1, avg bit/symbol 2.0, avg per TB: (nb RBs 5.9, nb symbols 11.9)
    UL harq: 16582/7 avg code rate 0.1, avg bit/symbol 2.0, avg per TB: (nb RBs 8.5, nb symbols 13.0)
[0m[NR_RRC] MeasurementReport Encoded 53 bits (7 bytes)
[0m[NR_MAC] UE 0 RNTI 275b stats sfn: 768.0, cumulated bad DCI 0
    DL Chan: SSB 0 SINR 45.1 dB RSRP -36 dBm, RI 0 CQI: N/A
    DL harq: 2766/0 avg code rate 0.1, avg bit/symbol 2.0, avg per TB: (nb RBs 5.9, nb symbols 11.9)
    UL harq: 16596/7 avg code rate 0.1, avg bit/symbol 2.0, avg per TB: (nb RBs 8.5, nb symbols 13.0)
[0m[NR_RRC] MeasurementReport Encoded 53 bits (7 bytes)
[0m[NR_MAC] UE 0 RNTI 275b stats sfn: 896.0, cumulated bad DCI 0
    DL Chan: SSB 0 SINR 45.1 dB RSRP -36 dBm, RI 0 CQI: N/A
    DL harq: 2770/0 avg code rate 0.1, avg bit/symbol 2.0, avg per TB: (nb RBs 5.9, nb symbols 11.9)
    UL harq: 16612/7 avg code rate 0.1, avg bit/symbol 2.0, avg per TB: (nb RBs 8.5, nb symbols 13.0)
[0m[NR_RRC] MeasurementReport Encoded 53 bits (7 bytes)
[0m[NR_MAC] UE 0 RNTI 275b stats sfn: 0.0, cumulated bad DCI 0
    DL Chan: SSB 0 SINR 45.1 dB RSRP -36 dBm, RI 0 CQI: N/A
    DL harq: 2772/0 avg code rate 0.1, avg bit/symbol 2.0, avg per TB: (nb RBs 5.9, nb symbols 11.9)
    UL harq: 16627/7 avg code rate 0.1, avg bit/symbol 2.0, avg per TB: (nb RBs 8.5, nb symbols 13.0)
[0m[NR_RRC] MeasurementReport Encoded 53 bits (7 bytes)
[0m[NR_RRC] MeasurementReport Encoded 53 bits (7 bytes)
[0m[NR_MAC] UE 0 RNTI 275b stats sfn: 128.0, cumulated bad DCI 0
    DL Chan: SSB 0 SINR 44.1 dB RSRP -36 dBm, RI 0 CQI: N/A
    DL harq: 2774/0 avg code rate 0.1, avg bit/symbol 2.0, avg per TB: (nb RBs 5.9, nb symbols 11.9)
    UL harq: 16641/7 avg code rate 0.1, avg bit/symbol 2.0, avg per TB: (nb RBs 8.5, nb symbols 13.0)
[0m[NR_RRC] MeasurementReport Encoded 53 bits (7 bytes)
[0m[NR_MAC] UE 0 RNTI 275b stats sfn: 256.0, cumulated bad DCI 0
    DL Chan: SSB 0 SINR 44.1 dB RSRP -36 dBm, RI 0 CQI: N/A
    DL harq: 2776/0 avg code rate 0.1, avg bit/symbol 2.0, avg per TB: (nb RBs 5.9, nb symbols 11.9)
    UL harq: 16655/7 avg code rate 0.1, avg bit/symbol 2.0, avg per TB: (nb RBs 8.5, nb symbols 13.0)
[0m[NR_RRC] MeasurementReport Encoded 53 bits (7 bytes)
[0m[NR_MAC] UE 0 RNTI 275b stats sfn: 384.0, cumulated bad DCI 0
    DL Chan: SSB 0 SINR 44.1 dB RSRP -36 dBm, RI 0 CQI: N/A
    DL harq: 2779/0 avg code rate 0.1, avg bit/symbol 2.0, avg per TB: (nb RBs 5.9, nb symbols 11.9)
    UL harq: 16672/7 avg code rate 0.1, avg bit/symbol 2.0, avg per TB: (nb RBs 8.5, nb symbols 13.0)
[0m[NR_RRC] MeasurementReport Encoded 53 bits (7 bytes)
[0m[NR_MAC] UE 0 RNTI 275b stats sfn: 512.0, cumulated bad DCI 0
    DL Chan: SSB 0 SINR 48.1 dB RSRP -36 dBm, RI 0 CQI: N/A
    DL harq: 2782/0 avg code rate 0.1, avg bit/symbol 2.0, avg per TB: (nb RBs 5.9, nb symbols 11.9)
    UL harq: 16687/7 avg code rate 0.1, avg bit/symbol 2.0, avg per TB: (nb RBs 8.5, nb symbols 13.0)
[0m[NR_RRC] MeasurementReport Encoded 53 bits (7 bytes)
[0m[NR_RRC] MeasurementReport Encoded 53 bits (7 bytes)
[0m[NR_MAC] UE 0 RNTI 275b stats sfn: 640.0, cumulated bad DCI 0
    DL Chan: SSB 0 SINR 46.3 dB RSRP -36 dBm, RI 0 CQI: N/A
    DL harq: 2784/0 avg code rate 0.1, avg bit/symbol 2.0, avg per TB: (nb RBs 5.9, nb symbols 11.9)
    UL harq: 16701/7 avg code rate 0.1, avg bit/symbol 2.0, avg per TB: (nb RBs 8.5, nb symbols 13.0)
[0m[NR_RRC] MeasurementReport Encoded 53 bits (7 bytes)
[0m[NR_MAC] UE 0 RNTI 275b stats sfn: 768.0, cumulated bad DCI 0
    DL Chan: SSB 0 SINR 45.1 dB RSRP -36 dBm, RI 0 CQI: N/A
    DL harq: 2787/0 avg code rate 0.1, avg bit/symbol 2.0, avg per TB: (nb RBs 5.9, nb symbols 11.9)
    UL harq: 16714/7 avg code rate 0.1, avg bit/symbol 2.0, avg per TB: (nb RBs 8.5, nb symbols 13.0)
[0m[NR_RRC] MeasurementReport Encoded 53 bits (7 bytes)
[0m[NR_MAC] UE 0 RNTI 275b stats sfn: 896.0, cumulated bad DCI 0
    DL Chan: SSB 0 SINR 46.3 dB RSRP -36 dBm, RI 0 CQI: N/A
    DL harq: 2789/0 avg code rate 0.1, avg bit/symbol 2.0, avg per TB: (nb RBs 5.9, nb symbols 11.9)
    UL harq: 16731/7 avg code rate 0.1, avg bit/symbol 2.0, avg per TB: (nb RBs 8.5, nb symbols 13.0)
[0m[NR_RRC] MeasurementReport Encoded 53 bits (7 bytes)
[0m[NR_MAC] UE 0 RNTI 275b stats sfn: 0.0, cumulated bad DCI 0
    DL Chan: SSB 0 SINR 45.1 dB RSRP -36 dBm, RI 0 CQI: N/A
    DL harq: 2792/0 avg code rate 0.1, avg bit/symbol 2.0, avg per TB: (nb RBs 5.9, nb symbols 11.9)
    UL harq: 16745/7 avg code rate 0.1, avg bit/symbol 2.0, avg per TB: (nb RBs 8.5, nb symbols 13.0)
[0m[NR_RRC] MeasurementReport Encoded 53 bits (7 bytes)
[0m[NR_RRC] MeasurementReport Encoded 53 bits (7 bytes)
[0m[NR_MAC] UE 0 RNTI 275b stats sfn: 128.0, cumulated bad DCI 0
    DL Chan: SSB 0 SINR 46.3 dB RSRP -36 dBm, RI 0 CQI: N/A
    DL harq: 2794/0 avg code rate 0.1, avg bit/symbol 2.0, avg per TB: (nb RBs 5.9, nb symbols 11.9)
    UL harq: 16760/7 avg code rate 0.1, avg bit/symbol 2.0, avg per TB: (nb RBs 8.5, nb symbols 13.0)
[0m[NR_RRC] MeasurementReport Encoded 53 bits (7 bytes)
[0m[NR_MAC] UE 0 RNTI 275b stats sfn: 256.0, cumulated bad DCI 0
    DL Chan: SSB 0 SINR 44.1 dB RSRP -36 dBm, RI 0 CQI: N/A
    DL harq: 2797/0 avg code rate 0.1, avg bit/symbol 2.0, avg per TB: (nb RBs 5.9, nb symbols 11.9)
    UL harq: 16775/7 avg code rate 0.1, avg bit/symbol 2.0, avg per TB: (nb RBs 8.5, nb symbols 13.0)
[0m[NR_RRC] MeasurementReport Encoded 53 bits (7 bytes)
[0m[NR_MAC] UE 0 RNTI 275b stats sfn: 384.0, cumulated bad DCI 0
    DL Chan: SSB 0 SINR 43.3 dB RSRP -36 dBm, RI 0 CQI: N/A
    DL harq: 2799/0 avg code rate 0.1, avg bit/symbol 2.0, avg per TB: (nb RBs 5.9, nb symbols 11.9)
    UL harq: 16789/7 avg code rate 0.1, avg bit/symbol 2.0, avg per TB: (nb RBs 8.5, nb symbols 13.0)
[0m[NR_RRC] MeasurementReport Encoded 53 bits (7 bytes)
[0m[NR_MAC] UE 0 RNTI 275b stats sfn: 512.0, cumulated bad DCI 0
    DL Chan: SSB 0 SINR 44.1 dB RSRP -36 dBm, RI 0 CQI: N/A
    DL harq: 2802/0 avg code rate 0.1, avg bit/symbol 2.0, avg per TB: (nb RBs 5.9, nb symbols 11.9)
    UL harq: 16805/7 avg code rate 0.1, avg bit/symbol 2.0, avg per TB: (nb RBs 8.5, nb symbols 13.0)
[0m[NR_RRC] MeasurementReport Encoded 53 bits (7 bytes)
[0m[NR_RRC] MeasurementReport Encoded 53 bits (7 bytes)
[0m[NR_MAC] UE 0 RNTI 275b stats sfn: 640.0, cumulated bad DCI 0
    DL Chan: SSB 0 SINR 44.1 dB RSRP -36 dBm, RI 0 CQI: N/A
    DL harq: 2805/0 avg code rate 0.1, avg bit/symbol 2.0, avg per TB: (nb RBs 5.9, nb symbols 11.9)
    UL harq: 16820/7 avg code rate 0.1, avg bit/symbol 2.0, avg per TB: (nb RBs 8.5, nb symbols 13.0)
[0m[NR_RRC] MeasurementReport Encoded 53 bits (7 bytes)
[0m[NR_MAC] UE 0 RNTI 275b stats sfn: 768.0, cumulated bad DCI 0
    DL Chan: SSB 0 SINR 44.1 dB RSRP -36 dBm, RI 0 CQI: N/A
    DL harq: 2807/0 avg code rate 0.1, avg bit/symbol 2.0, avg per TB: (nb RBs 5.9, nb symbols 11.9)
    UL harq: 16834/7 avg code rate 0.1, avg bit/symbol 2.0, avg per TB: (nb RBs 8.5, nb symbols 13.0)
[0m[NR_RRC] MeasurementReport Encoded 53 bits (7 bytes)
[0m[NR_MAC] UE 0 RNTI 275b stats sfn: 896.0, cumulated bad DCI 0
    DL Chan: SSB 0 SINR 46.3 dB RSRP -36 dBm, RI 0 CQI: N/A
    DL harq: 2809/0 avg code rate 0.1, avg bit/symbol 2.0, avg per TB: (nb RBs 5.9, nb symbols 11.9)
    UL harq: 16850/7 avg code rate 0.1, avg bit/symbol 2.0, avg per TB: (nb RBs 8.5, nb symbols 13.0)
[0m[NR_RRC] MeasurementReport Encoded 53 bits (7 bytes)
[0m[NR_MAC] UE 0 RNTI 275b stats sfn: 0.0, cumulated bad DCI 0
    DL Chan: SSB 0 SINR 45.1 dB RSRP -36 dBm, RI 0 CQI: N/A
    DL harq: 2812/0 avg code rate 0.1, avg bit/symbol 2.0, avg per TB: (nb RBs 5.9, nb symbols 11.9)
    UL harq: 16864/7 avg code rate 0.1, avg bit/symbol 2.0, avg per TB: (nb RBs 8.5, nb symbols 13.0)
[0m[NR_RRC] MeasurementReport Encoded 53 bits (7 bytes)
[0m[NR_RRC] MeasurementReport Encoded 53 bits (7 bytes)
[0m[NR_MAC] UE 0 RNTI 275b stats sfn: 128.0, cumulated bad DCI 0
    DL Chan: SSB 0 SINR 45.1 dB RSRP -36 dBm, RI 0 CQI: N/A
    DL harq: 2815/0 avg code rate 0.1, avg bit/symbol 2.0, avg per TB: (nb RBs 5.9, nb symbols 11.9)
    UL harq: 16879/7 avg code rate 0.1, avg bit/symbol 2.0, avg per TB: (nb RBs 8.5, nb symbols 13.0)
[0m[NR_RRC] MeasurementReport Encoded 53 bits (7 bytes)
[0m[NR_MAC] UE 0 RNTI 275b stats sfn: 256.0, cumulated bad DCI 0
    DL Chan: SSB 0 SINR 45.1 dB RSRP -36 dBm, RI 0 CQI: N/A
    DL harq: 2817/0 avg code rate 0.1, avg bit/symbol 2.0, avg per TB: (nb RBs 5.9, nb symbols 11.9)
    UL harq: 16893/7 avg code rate 0.1, avg bit/symbol 2.0, avg per TB: (nb RBs 8.5, nb symbols 13.0)
[0m[NR_RRC] MeasurementReport Encoded 53 bits (7 bytes)
[0m[NR_MAC] UE 0 RNTI 275b stats sfn: 384.0, cumulated bad DCI 0
    DL Chan: SSB 0 SINR 45.1 dB RSRP -36 dBm, RI 0 CQI: N/A
    DL harq: 2819/0 avg code rate 0.1, avg bit/symbol 2.0, avg per TB: (nb RBs 5.9, nb symbols 11.9)
    UL harq: 16909/7 avg code rate 0.1, avg bit/symbol 2.0, avg per TB: (nb RBs 8.5, nb symbols 13.0)
[0m[NR_RRC] MeasurementReport Encoded 53 bits (7 bytes)
[0m[NR_MAC] UE 0 RNTI 275b stats sfn: 512.0, cumulated bad DCI 0
    DL Chan: SSB 0 SINR 43.3 dB RSRP -36 dBm, RI 0 CQI: N/A
    DL harq: 2823/0 avg code rate 0.1, avg bit/symbol 2.0, avg per TB: (nb RBs 5.9, nb symbols 11.9)
    UL harq: 16925/7 avg code rate 0.1, avg bit/symbol 2.0, avg per TB: (nb RBs 8.5, nb symbols 13.0)
[0m[NR_RRC] MeasurementReport Encoded 53 bits (7 bytes)
[0m[NR_MAC] UE 0 RNTI 275b stats sfn: 640.0, cumulated bad DCI 0
    DL Chan: SSB 0 SINR 46.3 dB RSRP -36 dBm, RI 0 CQI: N/A
    DL harq: 2825/0 avg code rate 0.1, avg bit/symbol 2.0, avg per TB: (nb RBs 5.9, nb symbols 11.9)
    UL harq: 16938/7 avg code rate 0.1, avg bit/symbol 2.0, avg per TB: (nb RBs 8.5, nb symbols 13.0)
[0m[NR_RRC] MeasurementReport Encoded 53 bits (7 bytes)
[0m[NR_RRC] MeasurementReport Encoded 53 bits (7 bytes)
[0m[NR_MAC] UE 0 RNTI 275b stats sfn: 768.0, cumulated bad DCI 0
    DL Chan: SSB 0 SINR 45.1 dB RSRP -36 dBm, RI 0 CQI: N/A
    DL harq: 2827/0 avg code rate 0.1, avg bit/symbol 2.0, avg per TB: (nb RBs 5.9, nb symbols 11.9)
    UL harq: 16952/7 avg code rate 0.1, avg bit/symbol 2.0, avg per TB: (nb RBs 8.5, nb symbols 13.0)
[0m[NR_RRC] MeasurementReport Encoded 53 bits (7 bytes)
[0m[NR_MAC] UE 0 RNTI 275b stats sfn: 896.0, cumulated bad DCI 0
    DL Chan: SSB 0 SINR 45.1 dB RSRP -36 dBm, RI 0 CQI: N/A
    DL harq: 2829/0 avg code rate 0.1, avg bit/symbol 2.0, avg per TB: (nb RBs 5.9, nb symbols 11.9)
    UL harq: 16967/7 avg code rate 0.1, avg bit/symbol 2.0, avg per TB: (nb RBs 8.5, nb symbols 13.0)
[0m[NR_RRC] MeasurementReport Encoded 53 bits (7 bytes)
[0m[NR_MAC] UE 0 RNTI 275b stats sfn: 0.0, cumulated bad DCI 0
    DL Chan: SSB 0 SINR 45.1 dB RSRP -36 dBm, RI 0 CQI: N/A
    DL harq: 2833/0 avg code rate 0.1, avg bit/symbol 2.0, avg per TB: (nb RBs 5.9, nb symbols 11.9)
    UL harq: 16983/7 avg code rate 0.1, avg bit/symbol 2.0, avg per TB: (nb RBs 8.4, nb symbols 13.0)
[0m[NR_RRC] MeasurementReport Encoded 53 bits (7 bytes)
[0m[NR_MAC] UE 0 RNTI 275b stats sfn: 128.0, cumulated bad DCI 0
    DL Chan: SSB 0 SINR 45.1 dB RSRP -36 dBm, RI 0 CQI: N/A
    DL harq: 2835/0 avg code rate 0.1, avg bit/symbol 2.0, avg per TB: (nb RBs 5.9, nb symbols 11.9)
    UL harq: 16998/7 avg code rate 0.1, avg bit/symbol 2.0, avg per TB: (nb RBs 8.4, nb symbols 13.0)
[0m[NR_RRC] MeasurementReport Encoded 53 bits (7 bytes)
[0m[NR_RRC] MeasurementReport Encoded 53 bits (7 bytes)
[0m[NR_MAC] UE 0 RNTI 275b stats sfn: 256.0, cumulated bad DCI 0
    DL Chan: SSB 0 SINR 44.1 dB RSRP -36 dBm, RI 0 CQI: N/A
    DL harq: 2837/0 avg code rate 0.1, avg bit/symbol 2.0, avg per TB: (nb RBs 5.9, nb symbols 11.9)
    UL harq: 17012/7 avg code rate 0.1, avg bit/symbol 2.0, avg per TB: (nb RBs 8.4, nb symbols 13.0)
[0m[NR_RRC] MeasurementReport Encoded 53 bits (7 bytes)
[0m[NR_MAC] UE 0 RNTI 275b stats sfn: 384.0, cumulated bad DCI 0
    DL Chan: SSB 0 SINR 44.1 dB RSRP -36 dBm, RI 0 CQI: N/A
    DL harq: 2839/0 avg code rate 0.1, avg bit/symbol 2.0, avg per TB: (nb RBs 5.9, nb symbols 11.9)
    UL harq: 17027/7 avg code rate 0.1, avg bit/symbol 2.0, avg per TB: (nb RBs 8.4, nb symbols 13.0)
[0m[NR_RRC] MeasurementReport Encoded 53 bits (7 bytes)
[0m[NR_MAC] UE 0 RNTI 275b stats sfn: 512.0, cumulated bad DCI 0
    DL Chan: SSB 0 SINR 43.3 dB RSRP -36 dBm, RI 0 CQI: N/A
    DL harq: 2843/0 avg code rate 0.1, avg bit/symbol 2.0, avg per TB: (nb RBs 5.9, nb symbols 11.9)
    UL harq: 17043/7 avg code rate 0.1, avg bit/symbol 2.0, avg per TB: (nb RBs 8.4, nb symbols 13.0)
[0m[NR_RRC] MeasurementReport Encoded 53 bits (7 bytes)
[0m[NR_MAC] UE 0 RNTI 275b stats sfn: 640.0, cumulated bad DCI 0
    DL Chan: SSB 0 SINR 43.3 dB RSRP -36 dBm, RI 0 CQI: N/A
    DL harq: 2845/0 avg code rate 0.1, avg bit/symbol 2.0, avg per TB: (nb RBs 5.9, nb symbols 11.9)
    UL harq: 17058/7 avg code rate 0.1, avg bit/symbol 2.0, avg per TB: (nb RBs 8.4, nb symbols 13.0)
[0m[NR_RRC] MeasurementReport Encoded 53 bits (7 bytes)
[0m[NR_RRC] MeasurementReport Encoded 53 bits (7 bytes)
[0m[NR_MAC] UE 0 RNTI 275b stats sfn: 768.0, cumulated bad DCI 0
    DL Chan: SSB 0 SINR 45.1 dB RSRP -36 dBm, RI 0 CQI: N/A
    DL harq: 2847/0 avg code rate 0.1, avg bit/symbol 2.0, avg per TB: (nb RBs 5.9, nb symbols 11.9)
    UL harq: 17072/7 avg code rate 0.1, avg bit/symbol 2.0, avg per TB: (nb RBs 8.4, nb symbols 13.0)
[0m[NR_RRC] MeasurementReport Encoded 53 bits (7 bytes)
[0m[NR_MAC] UE 0 RNTI 275b stats sfn: 896.0, cumulated bad DCI 0
    DL Chan: SSB 0 SINR 46.3 dB RSRP -36 dBm, RI 0 CQI: N/A
    DL harq: 2850/0 avg code rate 0.1, avg bit/symbol 2.0, avg per TB: (nb RBs 5.9, nb symbols 11.9)
    UL harq: 17085/7 avg code rate 0.1, avg bit/symbol 2.0, avg per TB: (nb RBs 8.4, nb symbols 13.0)
[0m[NR_RRC] MeasurementReport Encoded 53 bits (7 bytes)
[0m[NR_MAC] UE 0 RNTI 275b stats sfn: 0.0, cumulated bad DCI 0
    DL Chan: SSB 0 SINR 45.1 dB RSRP -36 dBm, RI 0 CQI: N/A
    DL harq: 2853/0 avg code rate 0.1, avg bit/symbol 2.0, avg per TB: (nb RBs 5.9, nb symbols 11.9)
    UL harq: 17102/7 avg code rate 0.1, avg bit/symbol 2.0, avg per TB: (nb RBs 8.4, nb symbols 13.0)
[0m[NR_RRC] MeasurementReport Encoded 53 bits (7 bytes)
[0m[NR_MAC] UE 0 RNTI 275b stats sfn: 128.0, cumulated bad DCI 0
    DL Chan: SSB 0 SINR 45.1 dB RSRP -36 dBm, RI 0 CQI: N/A
    DL harq: 2855/0 avg code rate 0.1, avg bit/symbol 2.0, avg per TB: (nb RBs 5.9, nb symbols 11.9)
    UL harq: 17117/7 avg code rate 0.1, avg bit/symbol 2.0, avg per TB: (nb RBs 8.4, nb symbols 13.0)
[0m[NR_RRC] MeasurementReport Encoded 53 bits (7 bytes)
[0m[NR_RRC] MeasurementReport Encoded 53 bits (7 bytes)
[0m[NR_MAC] UE 0 RNTI 275b stats sfn: 256.0, cumulated bad DCI 0
    DL Chan: SSB 0 SINR 46.3 dB RSRP -36 dBm, RI 0 CQI: N/A
    DL harq: 2857/0 avg code rate 0.1, avg bit/symbol 2.0, avg per TB: (nb RBs 5.9, nb symbols 11.9)
    UL harq: 17131/7 avg code rate 0.1, avg bit/symbol 2.0, avg per TB: (nb RBs 8.4, nb symbols 13.0)
[0m[NR_RRC] MeasurementReport Encoded 53 bits (7 bytes)
[0m[NR_MAC] UE 0 RNTI 275b stats sfn: 384.0, cumulated bad DCI 0
    DL Chan: SSB 0 SINR 46.3 dB RSRP -36 dBm, RI 0 CQI: N/A
    DL harq: 2860/0 avg code rate 0.1, avg bit/symbol 2.0, avg per TB: (nb RBs 5.9, nb symbols 11.9)
    UL harq: 17146/7 avg code rate 0.1, avg bit/symbol 2.0, avg per TB: (nb RBs 8.4, nb symbols 13.0)
[0m[NR_RRC] MeasurementReport Encoded 53 bits (7 bytes)
[0m[NR_MAC] UE 0 RNTI 275b stats sfn: 512.0, cumulated bad DCI 0
    DL Chan: SSB 0 SINR 45.1 dB RSRP -36 dBm, RI 0 CQI: N/A
    DL harq: 2862/0 avg code rate 0.1, avg bit/symbol 2.0, avg per TB: (nb RBs 5.9, nb symbols 11.9)
    UL harq: 17162/7 avg code rate 0.1, avg bit/symbol 2.0, avg per TB: (nb RBs 8.4, nb symbols 13.0)
[0m[NR_RRC] MeasurementReport Encoded 53 bits (7 bytes)
[0m[NR_MAC] UE 0 RNTI 275b stats sfn: 640.0, cumulated bad DCI 0
    DL Chan: SSB 0 SINR 44.1 dB RSRP -36 dBm, RI 0 CQI: N/A
    DL harq: 2865/0 avg code rate 0.1, avg bit/symbol 2.0, avg per TB: (nb RBs 5.9, nb symbols 11.9)
    UL harq: 17176/7 avg code rate 0.1, avg bit/symbol 2.0, avg per TB: (nb RBs 8.4, nb symbols 13.0)
[0m[NR_RRC] MeasurementReport Encoded 53 bits (7 bytes)
[0m[NR_RRC] MeasurementReport Encoded 53 bits (7 bytes)
[0m[NR_MAC] UE 0 RNTI 275b stats sfn: 768.0, cumulated bad DCI 0
    DL Chan: SSB 0 SINR 45.1 dB RSRP -36 dBm, RI 0 CQI: N/A
    DL harq: 2868/0 avg code rate 0.1, avg bit/symbol 2.0, avg per TB: (nb RBs 5.9, nb symbols 11.9)
    UL harq: 17190/7 avg code rate 0.1, avg bit/symbol 2.0, avg per TB: (nb RBs 8.4, nb symbols 13.0)
[0m[NR_RRC] MeasurementReport Encoded 53 bits (7 bytes)
[0m[NR_MAC] UE 0 RNTI 275b stats sfn: 896.0, cumulated bad DCI 0
    DL Chan: SSB 0 SINR 46.3 dB RSRP -36 dBm, RI 0 CQI: N/A
    DL harq: 2870/0 avg code rate 0.1, avg bit/symbol 2.0, avg per TB: (nb RBs 5.9, nb symbols 11.9)
    UL harq: 17205/7 avg code rate 0.1, avg bit/symbol 2.0, avg per TB: (nb RBs 8.4, nb symbols 13.0)
[0m                                                                                                                                                                                                                                                                                                                                                                                                                                                                                                                                                                                                                                                                                                                                                                                                                                                                                                                                                                                                                                                                                                                                                                                                                                                                                                                                                                                                                                                                                                                                                                                                                                                                                                                                                                                                                                                                                                                                                                                                                                                                                                                                                                                                                                                                                                                                